-- phpMyAdmin SQL Dump
-- version 5.0.2
-- https://www.phpmyadmin.net/
--
-- Host: 127.0.0.1
-- Generation Time: Jul 27, 2020 at 01:31 PM
-- Server version: 10.4.11-MariaDB
-- PHP Version: 7.4.6

SET SQL_MODE = "NO_AUTO_VALUE_ON_ZERO";
START TRANSACTION;
SET time_zone = "+00:00";


/*!40101 SET @OLD_CHARACTER_SET_CLIENT=@@CHARACTER_SET_CLIENT */;
/*!40101 SET @OLD_CHARACTER_SET_RESULTS=@@CHARACTER_SET_RESULTS */;
/*!40101 SET @OLD_COLLATION_CONNECTION=@@COLLATION_CONNECTION */;
/*!40101 SET NAMES utf8mb4 */;

--
-- Database: `filmdizi_filmdizimob`
--

-- --------------------------------------------------------

--
-- Table structure for table `admins`
--

CREATE TABLE `admins` (
  `id` int(11) NOT NULL,
  `name` varchar(50) DEFAULT NULL,
  `image` text DEFAULT NULL,
  `isAdminActive` bit(1) DEFAULT NULL,
  `username` varchar(45) DEFAULT NULL,
  `password` varchar(45) DEFAULT NULL
) ENGINE=InnoDB DEFAULT CHARSET=latin1;

--
-- Dumping data for table `admins`
--

INSERT INTO `admins` (`id`, `name`, `image`, `isAdminActive`, `username`, `password`) VALUES
(1, 'Casablanca', 'http://pm1.narvii.com/6928/e8604d40465388042000aa446e71846281bc3635r1-376-391v2_00.jpg', b'1', 'casablanca98', 'casablanca78'),
(2, 'Toronto', 'https://www.dizifilm.com/wp-content/uploads/2018/04/large.jpg', b'1', 'toronto98', 'toronto10'),
(3, 'Barcelona', 'data:image/jpeg;base64,/9j/4AAQSkZJRgABAQAAAQABAAD/2wCEAAkGBxIQEBUSEhIQFRUQEBAVFRUWFRAVEBAVFRUWFhUVFRUYHSggGBolGxUVITEhJSkrLi4uFx8zODMtNygtLisBCgoKDg0OFxAQGC0dHR0rLSstKysrLS0rLSstLS0tLS0tLS0tKy0tLS0rKy0rLS0tLS0tLS0tNzctLTcrNzcrLf/AABEIAKgBKwMBIgACEQEDEQH/xAAcAAACAgMBAQAAAAAAAAAAAAAAAQIFAwQGBwj/xAA8EAABAwIDBQUGBAUEAwAAAAABAAIRAwQSITEFBkFRYRMicYGRBzKhsdHwQnLB4RQjUmLxgoOSojNTsv/EABgBAQEBAQEAAAAAAAAAAAAAAAABAgME/8QAHxEBAQACAgMBAQEAAAAAAAAAAAECESExAxJBUWEy/9oADAMBAAIRAxEAPwDzFNIJrTiaEBMIBMICaATSTQMKSipIBMIQqK3adQ4o4NGQ68yqtxM5/orPaDYPPitINJ1iPP7KxXSdMLx1+CQp9VtYeRPlCTqRH9Sitc0vBHZEftms2E9fXJIsP9vyPwVGLxREeH3osuA+PzUm05QO3fHDOMjJGE8Dlp4/4V9ZPaARlIMkQBizwkOaTAB5jSZzBKqbZuF0wDHDmOIKubqzAw1GkmYji7A4H3jzbpPEYeqmzS1p24cAXxgABiCQ5oMEk5wQcpjKBECAez2du2Qe0pvcwNaCxpzfTMktOLQiZHPIZmM+b3bc17S1zR3ajSwZYWteA14A8cJjovRt0Q5tMsf3xTbDXdANJ48B6clNbS8NHd+tjruLh3eLDOQiHSDrzK5/2g7sMoTcUYDC4NewGQ0nRw6HL1HWLStXdZXbspa9xPgCeHVdBtykytagThxsc0iDHg7LQA5eA0JVwZzn14mQorZvbR1J2F0HKQ4SWPHAtKwLqwihCEUIQmgEBCaIaEJhAkShOEFYmkmsqaYSTCBhNIJhA0IQgkhJNBJMKKkFRp3kYvJaVZkcVu3Yzlazm81zrrOmKizMc/kugtLYFuip7ZneXRWeizk3GnVtGnLCPT9Vq1bAK7LFiq0clnbelEdn9VJtl5qzdSSaxPap6tJtthIMT9FY2bXPAbAEfEZR5jPyQGrb2ZdCnVDnZga89E2erq9ytkB1SSJAGc6Z4TlGui9Y2NZtbTwkDIEQNOUrzXcmo1tKpWD5HaHXJzRnGfhHgvTtnVNCIIc0HXmuuM4cspy5jfXZrSwPIzaQNM8sslX7YdhtWuOeHD7uU4u7i65Rl+q6/eZgNBziJwwTHRcde1sNq2GgtNSmMzIHeyz4HPLxUvbFeV7Rq4qr4JI7R8DgJJJgDLUlapVhtq2DKsiMNUY2kaZzI6ZzlwkLQK6RhBCaFVJNCEDQhShEIJpoQCE0IKpMITCyoQhNAwmopoJICEIGmkmEDCairzZ9rTwBjx3qjZJ5T7o9FMsvWN4Ye1czWfLyOSbmLLtHZ7qNWIMHRRJWN75b1rhCm2Cruy++qq7enidkOSv7elhbn/hZybkNjc1lFMLGY4I7Q8x4SsNo1bda3YyspuhxWMXAlFApKBpLOKjVhLggvN1dpGkX04xBzHEDmRHDjp8F6tuveB1NkyCBzkDMjXzXjew6Dn1mluLumZHDkvUN3GODyYcBENGscOS6Y1zzdhftx0KgAmWPjryXmb9oY6T2lwa2i9rnEjJoxDUcxIA8AvSrl+Gg48mleL7cqdlTqg+/dPfUI4hmYpjw1PhC1l3HFQyKlt1oP9ab8v8A6DR5qvWxYvhxbwqNcw/6vd9HBp8lrrpHMFCaFQk4ThMIEAnCYCcIEUKUJQgSlCApQgp00JrKkmiE0CCYQE0DQgJoBNJCCdNskDmQPUro7SzLnueXNE5NngBkPkuetP8AyM/O35re2nclpZBIBbHoYXLy/Hp8E4q32hZdtROItc5hOYIMgZ+uq49w72Hqui2ftA4XAZggCOA6/NUlnTxVJ5uKziuU5XllbNa0ZZ81krvUyEqzYGkmFlWm6q4HRTDg5a1YVDoFOldNECo0j+791dLtmrWs5hVtRhBVu17T7jwQsdWjJ4KLtWgkJ5zxW0KE1Pyj4n7+KzC2z5Qg6P2eMms7kBzIM/c6r1iwoDhoOs5fc+i833DsgG1u8A9zAGTpz+i9I2DcswhpOeFo05DRdcHHPtl2y/Db1Ms8MeJJAHzXiG/Bp/x1UUjia3s2z/c1jQ4TxzB+K9o3tcWWld7dW0y4eIzHxhfPlRxJJJknMniStztxyRp6g8s/RY1IlJaZATSTVDTCE4QACkAkFJAQiEwhAAJwmEQqilTCQTWGjCcICEDCEIQCaSEDSQhBKm6HA8iD6FXFWzdVD2RkwlzTxg5kKkXU2daGNePxNE+IyPyXPyO/gvcaexKTOxcI7zHuxT6j4fJaOyWDGPzFXzCyKmFsOeJPWP8AKo7JhZUj+5c506XteFoGq1K1eJzBhbVQqprvLXeay016l5WcYJ7NucOjFnwkcB6rSdcOL8PatcJHeLA0RxKv6ddpGYmfMKuvWU+A+C3LGLjf1pU74teQCCByESOiv7OqHNnWOWq52m0gyANfRWuziYKlakZ6lcCQ0EEkZ5IvNqMa7jijMDh4rBRpF1QACZcq6+t4rOBBkOd0nNJCre13jIya4tmNWug+BC6Xd3bDn1ABVIM/hM5zoQuTs9lglpxQBEB2YHl5r1Xdjcel2bKtRznPlrwYAIA1EcjOhnmrOemcuO11vHWw7NrkmTgyOREwXAdRl8V4YV697UroU7VlHMdoSciOGgg6heROXfF5cu0EITC0gTQmEAFIJBNA0wkEwgkmkE0QwmkFJUUSaSYWGkkJIQSQlKEDQkhA0kIQJWGzNpmkC0jEwmY0LTzBVehLNrLZeHSWW0BVc4NbhAbxiTmsrmDkqnYJ77vy/qrdy4ZTV4ejG2zdZKQlYrq0BMrLbnNZqmYWW3P3NLDoStMuc7I/5V1c2y030g1Rpgp2hImFNj4yUxdOyAGRWKswzKo6f2e24ff05zDSSfRdjvX7NhXrOq0qrGGqScLgYxHWCOB8Fx3s8uxTvGT+MYR4k8V23tK23Wo16TKZwt7PtJ4PIcQR4CPitzUxu2ct3KSOJqbrXVtcNpVA3+oEOkOa0iSPUZZFex7Na1lJhBiQOcHLPXiuK2ZvA28eMbWmODoLmnjhPmutIDWggw0d4yZDQBJz5RKs1OY5Zb+uE9rt8DVpUgc2sxuHIEkMz8neoXnLlu7Z2i65r1KziSajyRP4W/hb5CB5LSJXWOF7RQhCqBNAQqJBMKKaCSYUFIIJBMFJNESCkohTVFCmoynKw0khJCBoSTQCEkwgaEkwgEIQgsdh++fy/qFbhUmy3htTPUgj9f0V2uOfbv4+kmFZmvlYSMkqboWXVlqxCpb58mFu3lUnJVrqZJU0tum5bVqcAOERx+q36tuxzZbmqHsyDnmsrLvAQA6JPktaT2X+7dqW3VIj/wBg8AOK6T2nbct676DKT2PdRFXGWkODcWABpcMplpyXG2Wybm7xdmHVA05jE0AeRIWy3c28xNb2bQX6TUpwfj0TV0lzm5/FpuPncxnGR8OHyXc793vY7Pqxk6o0Um/7h70f6MXoud9muzXMrVe1Y5rqYiHDOQSHRzUPa1f96jbg+6HVXDq7uM+Af6q+OMebJ524pEpEqK7POlKAoqQVQ0wkEwgaaSaAUggBShUATQApQiGFJIKUIOelNJAWWkkIQgaEk0AhCaACYQmgAEwEwFjr1hTEnyHNBE1jqDBDvSF0Gz70VG9RqOR+i5djxiPI6J29w6m7EOfkRyK5WOuN07KVClmVr2V4KjesZjiP2WwCsOsrDcGDpK0f4ipJLabSBwJMn4KxqEE5qDWAGQf3RpU1drVJzpt8OPyWJ98x/vU3A9MMFXdxgcM2g+S0/wCHpHhHmrtrbf3c3qdaOJptdhdk5pDSHcM85Gqt2739veUagmmylhZBkCHHvuPqfRae7m0W2jj+IE5NwtJc4wNTplJ8lpXodXu3d1odUqHus91snQQOH1TfDGUlvT2vYga8PrN0rPLh4GAD6BeNb4bS/ib2tVBluPCz8jO6PWJ816NvftQWGzm0mGKlZvZs/qaIGN/kDHi4Lx8rri82V50UoShNaZCaAmiGAmAgBSCACkEkwqGFIKIUwqiSaQUkAFIJBSQc2mkmFlowmkmEDQhNAJoCEDTATwrXrXYbp9+AU3okbDnACTwVfcOFQ5rWurlztJj5rU7Yys27bk03CzCcuCzVaZe0ZgT8StNlwQtltyCBOSi1lo3D2ObOX9w0P3yXQ2e0Q/umA6PXwVCXNI4HmsVWg9sEEeZ7zVLysy06mq3iFrVKhjitLZd+8d2sMjo/8Pg7l4q5NILOnSVTVazzxKyWFJ9So1gcAXuABOgk8VYVbMcFrNolpB5EHjwRrb0bdzcBzawfXqU3tbmA2YJ6yOEhbe7m57beu6s95dgc4tnWM9ev1VtuvtPHRaeJkeJhpMTw19Fa7Ru+xt6tYtLhRpOdAgEw3r4/Bb1Pjz5Z1wXtftoq0KoJh1HCdYEEkEcBqfgvPCvZ7XbBfdC2rsYW3FpRrMmC0EgtcyDqO78Vobb9n9CtLqH8l/ICaTvFvDyWpXLbydMK22nZXuzXYqlJmGYDi1lSk7z4T1hbdjvfRdAr2lEjQuY1s/8AE/VPeLz8UEJgL0O22fs67bNOm3/bc5j2+LVobR3KEE29Uk64KgAMdHD6LW2fefXGKQVhd7CuaXv0XwOIGJvq2VoBVZdhMBNNFIKQQmFUMKQUQpBBIJpJoOcTSTCy0EwhSCATaJWN9UDUrBWvcIkfupauq3qjQz3yG9NXenDzWq69j3R5lVzqxOZWCo8n6fVZ3a1I2697iMkkn1+K1n1pWKEwppWTtDpksbuuqaiqqIOSyNek0SovbCDbtG54uWg5lWbGDjmTr4qqoVAIkhbrHzoQs1KyV3AHInXj9VntNpPZkCCBwP6Hgqtz5JPMptqFFjoWbbPGn/2/ZRqbXL8hTHmT+iqGOEaqy2TZuq1WNpw4ucNSA0AZkuPAAAqaPavZN1rJtOoWtJhlCkHyZh7ocY/p7uEQOa6izuia1WkQCzsqbm5QTilrgendHqqzZFIAVDDSalw44gZ7QNa2DPIGQPyhaW8O3i14tLbvXDx33CP5FPier4mB/g7+PPu7UXtBc23urWuxzR2DeyIEy6JcAByAP/bouy2ddmtSbUBBlgMiYPI5rzvfTazMdKzyewFwqmQ6pTf3cNRriZkZ5HgSDquv2PcttrSmHPa4BsBwMtcJjLp08ln6vyLe/psq0nB7Q5rmkVGniDxC8J3h2OLe4qU2H3Hd08HNIDmk8siF7lsqqXE8j5iF4ptp/aXNYtxFprVMBOcsxHD5REKZN+KbqssL59J8tc5jxyP3IXfbD32Y4hly0N0io2cI6uHBec7QtDroRxHBKwuC7uu94D/kFJdcxvLCXt75SIIDmuBBEgg5EKu2nsOhXH8ym3EfxDuvHmP1VL7OSGUD/MxAvJwGO5lmAM8l3IotdplPmF1nLyWaunlG8O7r7SHTipvJAdGbT/S7keqpV7ZdbPa9hY9ocx4gjgfoV5TvHsZ1pWLDJa7vU3f1N69RoVuN439VKYQhVtIKQUQmERIJpBNBzoUghCy0kAo3Bw8czwAlx8AhCzlWsYrn206iPEyfTRatWlH3BQhYlbOkcXGY9U30oQhaS9scIQhAwEEDmhCCLi3gUgeoKSEUyAUgCNChCqJtc4cFlZV5oQoNikMWnFdBsnYZqCngAfUrPe1rT7rQzCXPI/EMzrkMJmdEIWfqZXh7Bc7QFnbspU83tYGjSTpLj1JJ8yuE3eqVbe6fVrMfieSXPguBBM6ieiEJXCdOa/hX1Lky1xx1HEh0tc4EzM6zmvR929gMbTDKrqhHaB1MPghjpEjz0PkhCzO287xF7vPtAWljUewQcGBvQv7oPlMrxd16GMjUR95oQtZTbXj4VTbklxPzWZrjIdGY+KELN4dovtgbFubmm6vbXAa5jw17C403DFkwgxBBMjOMwr5m1NtWECow1W695pf/ANhmEkK26efL/Vi92P7T6Lu7cU30XaSJczz4hXO8tOjtGxc+3cyq+l324SCcoxtjX3ZMdE0Lpjds5TXLysoQhdFNMIQgkE0IQf/Z', b'1', 'barcelona98', 'pussymagnet31'),
(4, 'Istanbul', 'data:image/jpeg;base64,/9j/4AAQSkZJRgABAQAAAQABAAD/2wCEAAkGBxISEhUSEhIVFRUVFRgWFRgVFxUXFxYYFxUXFxgXFRUYHSggGBolGxcVITEhJSkrLi4uFx8zODMsNygtLisBCgoKDg0OFQ8QFy0dFR0tLS0rLS0tLS0rKy0rKy0tKy0tKy0rLSsrKy0tKystKys3LTAtLSstLS03NzctLSstN//AABEIALgBEgMBIgACEQEDEQH/xAAcAAABBQEBAQAAAAAAAAAAAAAEAAIDBQYBBwj/xAA+EAABAwIEAwYEBAUCBgMAAAABAAIRAyEEEjFBBVFhBiJxgZHwEzKhsVLB0fEHFCNC4TOCFUNicpKiFiSy/8QAGAEBAQEBAQAAAAAAAAAAAAAAAAECAwT/xAAeEQEBAQEBAAMBAQEAAAAAAAAAARECIQMxQRIiUf/aAAwDAQACEQMRAD8AizJZlGSlKy5JZXMyZKUoJJSlMBXQUDpTZSTSg6mErpTCUMIlMcukqDGV/h03P6QJE32gbm+ihIdUqBozOmOQtJ5AlZ7+VrVi5zyKbZAPzutaxc0ZQLi07qlxPaWqHEtIB3MNcSfH9EBjOL1qmbM8lrtRAA1nbrCZrrJjW4h1GjAL2m94zSQYggh1xrpB2VW/iYmBIvaNIB57f4WcdXc60nab+XqnOeQ7Tx+10/lqLypijmmbWkaHQQbKKrjHNcWvu06G8ibiTv46qFvdaDrY6/afNB18RmAbeflH/lIv6+qSC4wT5qAC5cPlGhjnY81c1sa1vz03GIFgWieus6fTZZjhhJeGAxG/W8Tz35+Cuarag/uB2FrDzkbKUEDGUzZvd6REH30T2Vgd/e6palITOXKeYHLw+YLlbEFh12kETG92n3qkSzV6+CoHhDcPx2funXXx5oty050M8KF4RLgoXBAK5RuCIe1QuCqoCFGQp3BREIIiE1zVIUnb81FiAhROCn281HEqqaKZSTvNJB6vK5KbKSjkfKUpkpSgklOCjBTggcuLqaUHE0pxTUDSsf2o4nnLmA9xpLba2+Yk+JAAWsxNbI1zgCS0SANzsPWF51jHktg6mZ3M3JPvl6St8xUgz0XM1o96rhXFtoaWNyAjX7GQLKd+UiTpz81XsdtNkTTJiPfpuFFhVMUdD6+Sga4zPn9U51K+6uMFwKo9kxbXfw8FLcWTVXRxDg4QY9wrgcQFpqSfAn7kJ1Ts1VDZym+5mAqZ9AsMFZ8q/wA1b1sRmBiDOsx9v0Ve6nJgT4H8uaY5+UwNk99QSHeB9dR75q4O4Wv8OoD1v4HWPey0xKyOJq5jOn19/stNgamakw82j9D9VXPpKSo3BPcoyUZRuChe1EEKJ6KGcFE4IhyicqIHBRuKmcFGQgiKbdTNF0yFFRQkn5fBJNV6dKUpkrso5HyuymyuhA8JzSmAqRqDq5CcEigbCYQpYTCEFL2qxPw8O78T+6POZPkAVhax7wbM21vc67rR9u6k5GzYSfPQ++qx9R95R158gk4YFxGh+h3+tvVRUMKXGE5mJ+Y8/wBvstBwrCCAd5U6uN8zQuH7O1DcX8U+n2frn+3fbX7fmtxwiAY5LQNwzTsZOsWnxXL+67fxGJ4V2McQDU0/O31XoHDuB06bA0NFo2HntdF4WgAB72RrBGym2pcn0q8bwyWwBYAR42XmPbvhgpltZoiTflJ96dV7M8yNCsB/EjBTQgfiB9CrPKfceVVXSQYi+ngUqtWwA1Aj6yB6QnV6OWegv47ofNzuu0rnYdTI3C0fBGxRb4u+59+azLiP0Wk4I7+mBzJ5ez/kI59DXBRPCmcFG5GEMpjk94UZKKY5ROUhTHKiFyjIUzgmEIIioypXBMIRTEl2F1B6LK6EyV2VGEgKcCowU8FEPapWqNqlYgkaEoTgE4BBGQmkKWE2EGS7aZQ2k53zNfMHQtgG+17W6LEViHEnSTPRabtzWc2qWxYgEdJFwsqNCkdJ9HUvsZWt4XUsOt1k6DbFafgJBiXDw8bLPbtw1PCny7375rUYLZUOCoEAEQSOW6vME6De2/7rhft2/Fs0kAFSUi4lRVqwt1UtGu1vzOA8TACuMpKrDIcdRO53F7aHzVTxrD526C0+U9PFWOL43h2CXVqd9ADJPgAqbEdoKTj3GvcN+6RHgrSV51xDg7hnaADmjWxa4X/xG4WXxuEdTLmusQJjpqvZaz6dTvNGnMQfRed/xADW4mmQRPw4cOXedEjwK18du4z8kmMgFd8Bec0mYaD5akqqw7AZ/fzReEEOABmTHja1tdV2rg1BCicFM1kCExwUYDvCheFO8KFyKhcU0lOIUZVDSmFPKaUDCoypSoyEUxJdSQb8JyjBTmlRhK0p6jaVIwoJWKamomtU9NqImaE8NTqbVIGKCGFwtRPw1wsQYL+ImD7rKoFpyO8xLSfqFhYXtHF+HNr0n0n6PG2xBBBHWy8o41wqphnCnUEEiQRBDrkS0ja291Y6co8Ng3EZpaG/ic4NGgNiTc30ElS4KqG3cD0lwb+RP0UNZpIpnURA+8TrzsisGG5+80kcxqEuNzRIxLxJpOtIB71RwBgmC7IALB1uh5IvB9pMUyDLS2QCS+3TNuB5K57P4CjScajczpBgEyGktLcwbaXZS4S6Yk2KyvGWBlR9MNIEg3I5dAALLPlbyxucH2kxFRgl+Cp6/wCpWc1w6QXBUVfjOLrWYaThAL3Br8rZEtBJcZdF4Asp/wCHvZ/DYmm816eYlxAMuBaIsRB1lX3Y/AZMNWw1vi0q9Rr9pJAyPG8Obp4LNyavtzWMqYuvRAqltMgkgdxxBI1MZhPmrxvaTFhkn+XLA8sDm0Q5jnN3DmPkt3mIVm3AOg03Um1GSTESQfCZB10Te0+CP8o4tpimKbTla0ZQLzZuvr9U2LeLv2rMb2nc1oLqeVzhZzAS1xGoEnrMH1Ko+L8MccO3FOLpqGWg65TfM47udryAAW24vwFpo0KTgCXYmkDPIBxeB0yB/ohe24zUSNJqNaI0E20GyksmYlm6w+D4FUc3PltAPkSAL+YVpw/hGRwe8AETABJudSfLYLRcQ/8Ar4N9gDNJjR0a5pkgcwCYQeFeXtzEQt83XP5JlRvCheEU9ihe1acgj2qB4Rb2qCoEUK4KFwRLwoKgVIilcXHpsoOlMKdKaUDUl1JBuAntXGiye1qiHhTU2ymNajKIQKm1FU2LlNiKw7LhEOpsUwYpWUVK2koBy1cLEZ8Jc+EgANNZPt7g21KTXjKXMLhf8L26z0LR6lbd1FUvGuHNqU3NfTLiWkdzuzIgGdB/u5DVFn28mZ/psO7TPmDp56LR8LwDHEPFpaDB5ESHCdvv5KhxVE03PpO1Y4j1E6eaL4TiXjuio9sTlh1hJkw10tuenNSu3P22lFgaAP22197Lz/tRiA7EPjSQ22lhBWv/AOGP+E6rWxD8jWkkNyNnoXNaDrCxVHCmu9xptAAkgX0HM7lZ5z7dOv8Aj0D+GdIsZfQmfz/JWvaGocLiBjGNJY4CniWgSSye5VA3c026ghV/8OcbTc2HWLDDhOw3HotY6pTrGowFpyyHNkEiQLHkYKz+umSyFSNGuxtVha6bh7Dr6fY3shOP0mnDvZ+IBoLrRJHeJNgAJJnkom9naLSWg1aWYh39KrUpgnmQ0gTH2RdLs9QYQ5wdVcIINd760EbgVHEA9YlTYzgU1/jVPjf8lgd8GRHxHP7r6oB/sDe6075nnQhUPHQHVKFPUPr0yfAOBP0BWkxlQk3PrzmF532pxhD2OZYgy3yIj7pz7Tr/ADFj2vqivUFJpltIy6C2M5H93KB/+io+GGWkZg6LEj5Z0gc4ACpMJhmVHD+jdxE94OEnWDNxvfnqtlSwga0NAAAGg0/L7LtJjzd3aAqMQz2q0rUiga1NVgFUaoKjUa9qhexFVz2qF4RtRiGe1FgNwUZRD2qB4VDVwhdXCiEkuQkg30LrQq8YwKWligoLejTRlGmq/D1wrTDvCiJqdFGUKITKaLpMlBPTpk7KdtJS0WKdrFQIaKb8Io0tXAxAE6kg8XhnH5XX1g6HzAkeIVw5iYaKg8E7X0yzGVJBBhszzyi8jUxF7eAQmDfD2nqB6rVfxT4JUZXOIDZp1GguIBOVwGU5uQIDVhaNYgx0t5aJjrzXpuMcx2FNNzrOjzAM/kFgsTlovLaRJa4Q7fXkmMxr3WzGQN5093TKTRq4jXc3PuPqsTnHS9ateDPo0Guc4vzwCA0gA3Fneq0fD+K4c1hUq0w0/wBrmHISNIcGwXDoevJZqlhWVGQHtzzEEx3ec6ckTV4SD/zJi0taTttG36JWpsesVMZSeGnOJMQdvD6KStUgHY+7rxytUezu/EJg6GRHr5BaTgPH3ZXNqyYYf118Ab9Vi8r/AF+VecRxseRvzBERbl+UrzvjFRrq0GcoBNiAb8rEdYKsOI8Z/p8zlBH1tboT6BE8D7KV6jG4guINQh/dyhwGrTLrDnvrsVvjnPXP5OxfZXhTi7O5zrAEMsImQM1r76R5rU1cOncH4SKDYAIJNyTmJm5LnbmUY9i289U9SghK2FHJXFRqFexBS1KCFfRVxXpoOoxUVNWkhKtJW1ZiCqtRVZUYhntR9VqFe1VQjgmqZzVHlQNST8qSAwVSpqeJIQkroKIuMPj1dYDiAsseHInD4kjdTB6Tg8UDurjDOlee8N4mRutpwXGByg0dBqKaxMwzJCLYAqITTTTTRJCaW7IByxI00RlhOhBV8UwIq0n0yAQ4EEHT/C+c+03B34PEPovEZTLYJILTcEEgTuNNQV9POHvkvJv434KnFCoG/wBU5gSN6bdAed5jwKRYwHZ2i19S8d0b7mLQiHODK0ECxGvQz75qkwOJdTcCD4rTtpsrAPmDMnSTrt5LPU9deavMBxfDMbem2QLkAb7/AG23V5gePUX91jDOlmgnw1nQD0WIo8KBBl1o0GvduLz7tyWu7M8KpUofmg83aGxbM7BYrrOr+juM8JZiKZDhDgCWmLgwd/Mrzqsfg03MdZ5t1j9iVve0vHWU6fccCTcRpbnzBt6ryfG4p9V0m/IcuivErHfUEYBhrVGMOg+aLANEE25RK9+pYZjQAxoDQBlA0iLfReU9kOF/DpvrOGvdFrkDX628l6P2ee8MbSqGXBg9QLifehW57uOPfmDXsQtVisagQrxqjCuqsQdRitKjEFVYgrazUFWarSqJQFZqor6oQNVqsqjULWYiquq1CVGqxrNQNUIoRzUzKpyEwqiNJSR1SQNlKVxclEPlda5MXZQF0K11sezGMuBKwzCr7gFaHDxUR7Rw54LRCOaFS8DrS0K8pBB3KlCkAXCimEJuVSoLifEKVBuaq8NG34ndGt1J9mEEHGuJ08NSNWoTGzRGZxiYbJjbU2ELzrtlmxWYuABytgXIbAmOf9zpVf2p7SvxeIYQ2KbXsptaSLNc9uZzti4/QAeKu8Y4OLjzJn1K1zNZ6uPE6rS0kHYkHmItdTUMU5tui1Habs/lf8UDuOs7odAfsqatwY7A+V1LZPK68zZsE4XizWAgyZHuPRdfx0kFgcSDaI22nzhCUeBVnf2EeMfqrDh3Zh9Qm0Dm7p7+ix/lv1U1a9SrlaJhukSd9Z96K+4FwEEkuk7ucTla0XzZjt+5V3huzLGd6s6GAfKJA03Jgx4TrsrngeD/AJiHZcmGYQabYj4kaOIA+Xlz10AlN68iXOZtGcFwYDQ4Nysb/pgiM1/nI26DzPSwpnvE+VjBg2sdvFF1m2QdWAJJgASTyA1K9M5kmPN11erqlwvaOph6xoYlxexr8nxD8wFnMqE7tLS0kHS8aQta8eC8a4lxB1Z76jpl7s0cho0eTQ0eS0PZrtU6iwUqoNSmLNj52AbNJ+Zv/SYjY6BcK23r0PWauYLHUqwzUnTGouCJ0kG40TqgQV1YICsrLEBA1QgCqNQNYKwqhAV0WAKwQFZH10BVRQzk1PcmlAxJOSQQrq6QlCqOJJJIY6Fa8JfDh4qqCs+FUnOMtaT4An6hEr1ns7ie6FrMMZXnXC8YKTRmBnkrj/5WW2ZTaD/1uLtuTY+6g2qrONcboYYf1XXIkNbdxHONh1KyHEe2NdjS7O1ttGsb696bLzzF9p6dWuamKqPdfugglug7zo16Afog9KxXblz2n4NLJOj3kOMcwyI53JI8bLEcWxTnOLnuLnkXLjJje58fJT/8QDwCJAcJl0gnazdh4/WUBiqovEXJnn7EIKjHVg3/AGuaeuoJPT/K1Pazi38rSLwAXvdDAdBqZPofRZDE08zC2bmQI5z793UPbPiJxGIfEhlKWNEfhMOMeX0W+foz1XU+N4nOXmq50yHB5zNcDq0sNoPJb7s01uIph7WFhj5TcHqwm8dDfkSvM6QBBG+3orTD8YrCkKbXZQNIHeF5hrtdyekmIWbNdJc+nqAw+VpiB4/fqgcVxksIa1suNgGiST0HvRVQ7T5qDDUqNNUAhwEyY/uIAtO/UHmqbC8ddTNSo1s1nWYSJaxupd1NvouXPx++/Trfk88W3GuMBhArN+LUgkU5/osOxqO1qc8rbdSrHs//ABDY4tpYlraRsGvZPwz/ANzTdm15I8F5/lfVfbM5zjJMFznGBJgTbT6K54Z2Qr1iczRTDRJL7nwDQdfErvz59PPfft66507giB9dFm+2+M+HhnCb1SKY8Dd//qCP9yoeFcSxHDmM/mP6mGc8taWmX0+oG7Ok/ohe2/F2YiowUnh1NrBBGhc8y70AaPIrd68YnPrO5tfT2EZQNp9/T3ZV7NUXQfEfrHQc7bLk2uuHYt9N4ex5a6SOYIOxB1aYGvTktLge02aBVbBmCW7cpbrFtvRY9vEGNgm0W1Pv9lAOMMdUaADcwfred1DHpZqBzQ5pDmnQi4PmhKoWW4ZjHse7K8iSZAgtd4g2VuziwNntjq2/q39JREtdAV0a94cJaQRzCr6qLAdcoCqjqwQNVFDuTE4rkIGSknwuIHFqZlXpXajsjSrtOJwUSbupiwJ1MbNd9D0XndSmQS0gggwQRBB5EImhyF2nSLiGjUmykLU52OZQaT8z3WjYDr75Ki94bhKLRGUOIvmInwsdBOlldN4i0HKSJPyxYeMcvfRYqj2kD/mbB6W9+H6yjMdiS+lnb87DnbflqBB3H2UTGoZVl97xPn5fouPqZdTo3rafv+6qcDxMPa08wCfY92XMfjIG17n66+9vGCAuIVTiK7aAdAMkkCYA5Cd5R+G4bSoQWgAm+YjM/wD8jpflAWY4RXJxebYAjlraJ2ufotNUrkR/3Hl9zfcI1SxDpudp3H1I3nfqg69brHL/AAu16motz5jnpy19FX1yJOl/HqgHxNSASNiY+vqrPtvwP4dQ16Y7jyHPH4c9yfCXFVWIEhw6aW5e/UL0jieG+NhRvnww+rQfzC6cfqWvGa1EsJaRBBhTUOu/1R3H2fK78TWn6Afkq6jos1qUWxsx+X5ewkeQEz01nl+yc35ffs+Gg8Vqv4ecIFWuaz2kspCQT8vxCbSdyGyY5luivM2luRqezXAhhMOM4Bqv7z+loDAeQj1lTYmplp5Rq4/UqxxJzutoAqpoz1g3Ztz5Ls46h7W1G0cE5tpcMjQQDd1vp3ivMYhoC1/8RMdmqsoA2piXR+KPfqsi5cu766czw5jk5z01rfoon5gc1y37LDSd9APbDh4Ee77KDD4RzKgJ0AkHntvv0ROHqgiQZAUGIxPfAHiUFxh8RDgd9L9bKw+PPr72t+6o6L9+vkjGVY9fCdERYfEIkgkHmLeMrjsWQdQehmR7/MKsxWJMHZB0KuaXH5RY31MWH6+I5qGL19QH2PRC1lXYjFyffP8AWEsNib5TN9J9+/JVU7k2U9wTSoOLi6kgteyHbSpRcGuNtOhW041wyjj2fGokNqx5O6P6cjskkjNYCrhntf8ADc0hwMFpFwVKMDhqr4c0sewZTJBa7rzlJJBWcW4Fk71MHLtyPhy29UNg8UW223B+0LqSqwVwfExLYsCR5TaEXxPEE2BOl/2SSUP0FwynDatQbED0M+W3p5q0/mJBvtzv9fd0kkSoXVR+HUc/yUZeTGo1H29+4SSVUK8+Gq9V4P3sJhTzpMH/AKD9Eklvj9Z6eZ9pMGcjANn1GeGV7gs65hacoPjCSSdNcizT7ogmY2J8b+7L2TgjKLMFQbSmCxr5IDSS9mZ+YA/MHGJ/SSklfj+07EMdZ0bD8lV8GrBorYh3ytJ9GST9gPNJJdK5x5pjsQatR9Qm7iSfX36KAXSSXCuzobspKZ/x90klAyvVAB5+irnNN3b6rqSA/DVZH+UTn1Bj6eqSSAPF1ZNvZXXnKIB0H1N/ukkgHDlNTxQGomNPFJJAbhq+dsxvHv6J7kklAkkkkH//2Q==', b'1', 'istanbul98', 'istanbulsupertun'),
(5, 'Tehran', 'http://www.piramithaber.com/images/upload/La-Casa-De-Papel-Moskova-Paco-Tous-Oyuncu-ismi-adi-dizi.jpg', b'1', 'tehran98', 'tehranada'),
(6, 'Bagdat', 'https://i1.wp.com/marvin.com.mx/wp-content/uploads/2019/09/tokio-la-casa-de-papel-.jpg?resize=759%2C500&ssl=1', b'1', 'bagdat00', 'bagdattehle');

-- --------------------------------------------------------

--
-- Table structure for table `episodes`
--

CREATE TABLE `episodes` (
  `id` int(11) NOT NULL,
  `url` varchar(5000) CHARACTER SET utf8 DEFAULT NULL,
  `name` varchar(45) CHARACTER SET utf8mb4 COLLATE utf8mb4_bin DEFAULT NULL,
  `season` int(11) DEFAULT NULL,
  `number` int(11) DEFAULT NULL,
  `image` varchar(5000) CHARACTER SET utf8 DEFAULT NULL,
  `summary` text CHARACTER SET utf8mb4 COLLATE utf8mb4_bin DEFAULT NULL,
  `airtime` varchar(45) CHARACTER SET utf8mb4 COLLATE utf8mb4_bin DEFAULT NULL,
  `movieID` int(11) DEFAULT NULL,
  `addedDate` datetime DEFAULT NULL,
  `isDeleted` bit(1) DEFAULT NULL
) ENGINE=InnoDB DEFAULT CHARSET=utf8mb4 COLLATE=utf8mb4_unicode_ci;

--
-- Dumping data for table `episodes`
--

INSERT INTO `episodes` (`id`, `url`, `name`, `season`, `number`, `image`, `summary`, `airtime`, `movieID`, `addedDate`, `isDeleted`) VALUES
(12, '/series/videos/[\"La Casa de Papel\"]/1/1/1575744651.mkv', 'gjhgkfbfdbfdbfb', 1, 1, '/series/covers/[\"La Casa de Papel\"]/1/1/1575744651.jpg', 'gygu;ihg;iugisvdsfbdfbdfbdfbbdfbfddbdffbdbdffbdfbdfbfbdfbdvdsvdvdsvdsdsvdvssdvds', '105', 58, '2019-12-07 06:50:53', b'0'),
(13, '/series/videos/[\"La Casa de Papel\"]/2/1/1575754836.mkv', 'Tuncay Huseynov', 2, 1, '/series/covers/[\"La Casa de Papel\"]/2/1/1575754839.png', 'Testing', '132', 58, '2019-12-07 09:40:39', b'1'),
(14, '/series/videos/[]/1/1/1577030440.mkv', 'Sonnie\'nin Avantajı', 1, 1, '/series/covers/[]/1/1/1577030513.jpg', 'Sonnie, canavar dövüşlerinin yeraltı dünyasında avantajını koruduğu sürece yenilmezdir.', '17', 193, '2019-12-07 10:57:18', b'0'),
(15, '/series/videos/Love, Death & Robots/1/1/1575759438.mkv', 'Sonnie\'nin Avantajı', 1, 1, '/series/covers/Love, Death & Robots/1/1/1575759438.jpg', 'Sonnie, canavar dövüşlerinin yeraltı dünyasında avantajını koruduğu sürece yenilmezdir.', '17', 193, '2019-12-07 10:57:19', b'1'),
(16, '/series/videos/Love, Death & Robots/1/2/1577023257.mkv', 'Üç Robot', 1, 2, '/series/covers/Love, Death & Robots/1/2/1577023307.jpg', 'İnsanlığın düşüşünden uzun zaman sonra üç robot kıyamet sonrası  bir şehirde tura çıkar.', '12', 193, '2019-12-22 02:01:48', b'0'),
(17, '/series/videos/Love, Death & Robots/1/3/1577023764.mkv', 'Tanık', 1, 3, '/series/covers/Love, Death & Robots/1/3/1577023812.jpg', 'Vahşi bir cinayete tanık olan kadın, gerçeküstü bir şehrin sokaklarında katilden kaçar.', '12', 193, '2019-12-22 02:10:15', b'0'),
(18, '/series/videos/Love, Death & Robots/1/4/1577025470.mkv', 'Özel Kıyafetler', 1, 4, '/series/covers/Love, Death & Robots/1/4/1577025515.jpg', 'Bir çiftçi topluluğu, ailelerini uzaylı istilasından korumak için ev yapımı bir çözüm kullanır.', '17', 193, '2019-12-22 02:38:35', b'0'),
(19, '/series/videos/Love, Death & Robots/1/6/1577025780.mkv', 'Yoğurt Dünyayı Ele Geçirdiğinde', 1, 6, '/series/covers/Love, Death & Robots/1/6/1577025797.jpg', 'Bilim insanlarının yanlışlıkla ürettiği süper akıllı yoğurt, çok geçmeden dünyaya hâkim olmayı arzular.', '6', 193, '2019-12-22 02:43:20', b'0'),
(20, '/series/videos/Love, Death & Robots/1/5/1577025832.mkv', 'Ruh Emen', 1, 5, '/series/covers/Love, Death & Robots/1/5/1577025874.jpg', 'Arkeolojik bir kazının ortaya çıkardığı kana susamış canavar, kedilerle kuşanan bir paralı asker takımıyla savaşır.', '13', 193, '2019-12-22 02:44:36', b'0'),
(21, '/series/videos/Love, Death & Robots/1/7/1577027184.mkv', 'Aquila Yarığı’nın Ötesi', 1, 7, '/series/covers/Love, Death & Robots/1/7/1577027220.jpg', 'Rotadan çıkan bir geminin mürettebatı, ışık yılları sonra uyanınca ne kadar uzaklaştıklarını anlamakta zorlanır.', '17', 193, '2019-12-22 03:07:00', b'0'),
(22, '/series/videos/Love, Death & Robots/1/9/1577027744.mkv', 'Çöplük', 1, 9, '/series/covers/Love, Death & Robots/1/9/1577027784.jpg', 'Çirkin Dave, çöplüğü yuvası bilir ve şehirli bir züppenin onu elinden almasına izin vermeye niyeti yoktur.', '11', 193, '2019-12-22 03:16:38', b'0'),
(23, '/series/videos/Love, Death & Robots/1/8/1577027863.mkv', 'İyi Avlar', 1, 8, '/series/covers/Love, Death & Robots/1/8/1577027941.jpg', 'Bir ruh avcısının oğlu, şekil değiştiren bir hulijing ile bağ kurar.', '17', 193, '2019-12-22 03:19:01', b'0'),
(24, '/series/videos/Love, Death & Robots/1/10/1577028167.mkv', 'Şekil Değiştirenler', 1, 10, '/series/covers/Love, Death & Robots/1/10/1577028226.jpg', 'Doğaüstü güçlere sahip iki komando, Afganistan’ın derinliklerinde kendi türlerinden birinin tehdidiyle karşılaşır.', '16', 193, '2019-12-22 03:23:47', b'0'),
(25, '/series/videos/Love, Death & Robots/1/11/1577028299.mkv', 'Yardım Eli', 1, 11, '/series/covers/Love, Death & Robots/1/11/1577028341.jpg', 'Yörüngede mahsur kalan bir astronot, oksijeni tükenmeden önce koluyla yaşamı arasında bir tercih yapmak zorundadır.', '10', 193, '2019-12-22 03:25:42', b'0'),
(26, '/series/videos/Love, Death & Robots/1/12/1577028384.mkv', 'Balık Gecesi', 1, 12, '/series/covers/[]/1/12/1577030059.jpg', 'Arabaları çölde bozulan iki satış elemanı, tarih öncesi çağlara doğru rüya gibi bir yolculuğa çıkar.', '10', 193, '2019-12-22 03:27:00', b'0'),
(27, '/series/videos/Love, Death & Robots/1/13/1577028733.mkv', 'On Üç', 1, 13, '/series/covers/Love, Death & Robots/1/13/1577028786.jpg', 'İki mürettebatını kaybeden indirme gemisini hiçbir pilot uçurmak istemez… Ama çaylakların tercih şansı yoktur.', '15', 193, '2019-12-22 03:33:28', b'0'),
(28, '/series/videos/Love, Death & Robots/1/14/1577028836.mkv', 'Zima Mavisi', 1, 14, '/series/covers/Love, Death & Robots/1/14/1577028894.jpg', 'Ünlü sanatçı Zima, son eserini ortaya çıkarmadan önce gizemli geçmişini ve nasıl şöhrete kavuştuğunu anlatır.', '10', 193, '2019-12-22 03:34:57', b'0'),
(29, '/series/videos/Love, Death & Robots/1/15/1577028913.mkv', 'Kör Nokta', 1, 15, '/series/covers/Love, Death & Robots/1/15/1577028947.jpg', 'Sayborg hırsızlar çetesi, ağır zırhlı bir konvoya yüksek hızlı bir soygun düzenler.', '9', 193, '2019-12-22 03:35:50', b'0'),
(30, '/series/videos/Love, Death & Robots/1/16/1577029446.mkv', 'Buzul Çağı', 1, 16, '/series/covers/Love, Death & Robots/1/16/1577029515.jpg', 'Bir apartman dairesine taşınan genç çift, antika buzdolaplarının içinde kayıp bir uygarlık bulur.', '11', 193, '2019-12-22 03:45:15', b'0'),
(31, '/series/videos/Love, Death & Robots/1/17/1577029466.mkv', 'Alternatif Tarih', 1, 17, '/series/covers/Love, Death & Robots/1/17/1577029538.jpg', 'Hitler’in komik ve fantastik biçimlerde ölüşünü görmek ister misiniz? Multiversity’ye hoş geldiniz!', '8', 193, '2019-12-22 03:45:42', b'0'),
(32, '/series/videos/Love, Death & Robots/1/18/1577029715.mkv', 'Gizli Savaş', 1, 18, '/series/covers/Love, Death & Robots/1/18/1577029787.jpg', 'Kızıl Ordu’nun seçkin birimleri, Sibirya’nın çok eski ormanlarının derinliklerinde şeytani bir yaratıkla savaşır.', '16', 193, '2019-12-22 03:49:50', b'0'),
(33, '/series/videos/Love, Death & Robots/1/1/1577663820.mkv', 'Pilot', 1, 1, '/series/covers/[]/1/1/1577663932.jpg', 'Kafalarında hep bir eylem canlandığı için; ellerinden geleni asla ardına koymayan abi Ali, kardeş Metin ve hayallerine ortak etmek istedikleri ama hep hayal kırıklıklarına denk getirdikleri küçük kardeşleri Feyyza ile dünyaya barış ve mutluluk getirmek isterler. Sırf bu talepleriyle Say kanununu boşa çıkarttıkları için makro ekonomiye büyük bir darbe vuran kardeşler için bu sadece başlangıçtır.', '70', 199, '2019-12-29 11:57:01', b'0'),
(34, '/series/videos/Love, Death & Robots/1/2/1577664236.mkv', 'Piyango', 1, 2, '/series/covers/[]/1/2/1577664755.jpg', 'Metin ve Ali’ye piyango çıktı! Metin ve Ali, oyunu bilmeden oturdukları pis yedili masasında joker çekerler.', '62', 199, '2019-12-30 12:03:57', b'0'),
(35, '/series/videos/Love, Death & Robots/1/3/1577664485.mkv', 'Hirsiz Var', 1, 3, '/series/covers/[]/1/3/1577664827.jpg', 'Metin ve Ali\'nin kafasında tek bir tek bir soru! İcadı kim çaldı? Paranoya kol geziyor. Herkes yapmış olabilir.', '61', 199, '2019-12-30 12:08:06', b'0'),
(36, '/series/videos/[\"Atiye\"]/1/1/1578269525.mkv', 'Bölüm 1', 1, 1, '/series/covers/[\"Atiye\"]/1/1/1578269525.jpg', 'Soyut resimler yapan Atiye`nin yolu, Göbeklitepe`deki kazı sahasında gizemli bir sembol bulan arkeolog Erhan ile kesişir.', '42', 223, '2020-01-06 12:12:07', b'0'),
(37, '/series/videos/[\"Atiye\"]/1/2/1578271086.mkv', 'Bölüm 2', 1, 2, '/series/covers/[\"Atiye\"]/1/2/1578271086.jpg', 'Aklından çıkaramadığı bir vizyon, düğün hazırlıkları yapan Atiye`yi rahatsız eder. Erhan, Atiye`nin karşısına çıkıp duran kadın hakkında bir ipucu bulur.', '43', 223, '2020-01-06 12:38:08', b'0'),
(38, '/series/videos/[\"Atiye\"]/1/3/1578347362.mkv', 'Bölüm 3', 1, 3, '/series/covers/[\"Atiye\"]/1/3/1578347362.jpg', 'Zühre\'nin kimliği açığa çıkarken Atiye\r\nkasten bir örtbas yapıldığından şüphelenir.\r\nErhan, babasın Göbeklitepe\'de kör bir\r\nkadının ziyaret ettiğini öğrenir.', '48', 223, '2020-01-06 09:49:24', b'0'),
(39, '/series/videos/[\"Atiye\"]/1/4/1578347461.mkv', 'Bölüm 4', 1, 4, '/series/covers/[\"Atiye\"]/1/4/1578347461.jpg', 'Serdar, Atiye\'yi bulmaya çabalarken Erhan\r\nkendi ailesine ilişkin bir vizyon görür.\r\nZühre, Atiye\'ye görevini ve mistik ortak\r\nsoylarını açıklar.', '43', 223, '2020-01-06 09:51:02', b'0'),
(40, '/series/videos/[\"Atiye\"]/1/5/1578347521.mkv', 'Bölüm 5', 1, 5, '/series/covers/[\"Atiye\"]/1/5/1578347521.jpg', 'Mağaranın içinde Atiye, geçmişiyle uzlaşır\r\nve korkularıyia yüzleşir. Atiye\'nin hayatı\r\npamuk ipliğine bağlıyken Erhan, aceleyle\r\ntünelin girişini bulmaya çalışır.', '46', 223, '2020-01-06 09:52:03', b'0'),
(41, '/series/videos/[\"Atiye\"]/1/6/1578347569.mkv', 'Bölüm 6', 1, 6, '/series/covers/[\"Atiye\"]/1/6/1578347569.jpg', 'Şahmeran\'ın resmi, Erhan\'ın şüphelerini\r\ndoğrular. Kurtiz ailesindeki ölümleri\r\naraştıran Atiye, şans eseri şoke edici bir\r\ngerçeğe ulaşır.', '42', 223, '2020-01-06 09:52:50', b'0'),
(42, '/series/videos/[\"Atiye\"]/1/7/1578347645.mkv', 'Bölüm 7', 1, 7, '/series/covers/[\"Atiye\"]/1/7/1578347645.jpg', 'Serdar\'ın baskısı altında ezilen Ozan,\r\nAtiye\'ye itirafta bulunma çabalarıyla ilgili\r\nolarak Cansu ile yüzleşir. Bir ihanet,\r\nAtiye\'nin kaderini belirlemek üzeredir.', '41', 223, '2020-01-06 09:54:07', b'0'),
(43, '/series/videos/[\"Atiye\"]/1/8/1578347797.mkv', 'Bölüm 8', 1, 8, '/series/covers/[\"Atiye\"]/1/8/1578347797.jpg', 'Zühre, geçmişe yapılan geri dönüşte Atiye\r\nve Erhan ile ilgili kehanetlerini Nazım\'a\r\nanlatır. Atiye\'nin aldığı önemli karar,\r\ngerçekliği kaçınılmaz şekilde değiştirir.', '55', 223, '2020-01-06 09:56:38', b'0'),
(44, '/series/videos/[\"V-Wars\"]/1/1/1578353740.mkv', 'Hastalığa Yakalanmak', 1, 1, '/series/covers/[\"V-Wars\"]/1/1/1578353740.jpg', 'Bir bilim insanı ve arkadaşı, Kuzey Kutbu\r\nseyahatinin ardından yakalandıkları\r\nhastalık nedeniyle karantinaya alınır.\r\nHastalık kısa sürede çok daha kötü bir şeye dönüşür.', '56', 198, '2020-01-06 11:35:41', b'0'),
(45, '/series/videos/[\"V-Wars\"]/1/2/1578776768.mkv', 'Kan Kardeşler', 1, 2, '/series/covers/[\"V-Wars\"]/1/2/1578776768.jpg', 'Luther, travmatik bir kayıpla ve üzücü\r\nsuçlamalarla boğuşurken Michael,\r\nkurbanları aramaya devam eder. Kaylee\r\nise bir bağlantı kurar.', '36', 198, '2020-01-11 09:06:10', b'0'),
(46, '/series/videos/[\"V-Wars\"]/1/3/1578776963.mkv', 'Ben Ölüm İçin Duramadığımdan', 1, 3, '/series/covers/[\"V-Wars\"]/1/3/1578776963.jpg', 'Hükümet, salgını kontrol altına almak ve\r\nanlamak için çabalar. Kaylee, Luther\'ın\r\neski karısıyla röportaj yapar. Danika kız\r\nkardeşini ziyaret eder.', '37', 198, '2020-01-11 09:09:23', b'0'),
(47, '/series/videos/[\"V-Wars\"]/1/4/1578777022.mkv', 'Benim Kadar Kötü', 1, 4, '/series/covers/[\"V-Wars\"]/1/4/1578777022.jpg', 'Luther, Michaeln sağ salim getirmek için İç\r\nGüvenlik Bakanlığı\'na yalvarır, ancak\r\nbaşkalarının farklı niyetleri vardır. Bu\r\nsırada, Danika\'nın dürtüleri giderek\r\ngüçlenir.', '45', 198, '2020-01-11 09:10:22', b'0'),
(48, '/series/videos/[\"V-Wars\"]/1/5/1578777067.mkv', 'Acımasız Dünya', 1, 5, '/series/covers/[\"V-Wars\"]/1/5/1578777067.jpg', 'Michael ve takipçileri yeni evlerine\r\nyerleşirken sert tavırlı bir general İGB\'nin\r\nkontrolünü ele geçirir. Luther ise acımasız\r\nbir eyleme tanık olur.', '47', 198, '2020-01-11 09:11:07', b'0'),
(49, '/series/videos/[\"V-Wars\"]/1/6/1578777136.mkv', 'Yaşamış Olmak Yeterli Değildir', 1, 6, '/series/covers/[\"V-Wars\"]/1/6/1578777136.jpg', 'Desmond\'ın sağlığının kötüleşmesi,\r\nLuther\'i tehlikeli bir yola sokar. Ardından,\r\nLuther sürpriz bir teklif alır ve Michael\r\nkurallara uyulmasinı sağlar.', '44', 198, '2020-01-11 09:12:18', b'0'),
(50, '/series/videos/[\"V-Wars\"]/1/7/1578777203.mkv', 'Gecenin Karanlığı Sarıyor Benliğimi', 1, 7, '/series/covers/[\"V-Wars\"]/1/7/1578777203.jpg', 'Aniden tek başına kalan Desmond\r\nannesinden yardım ister. Danika, Michael\'ı\r\ndaha kapsamlı düşünmeye zorlar. Mila\r\ngücünü iyilik için kullanmayı dener.', '39', 198, '2020-01-11 09:13:28', b'0'),
(51, '/series/videos/[\"V-Wars\"]/1/8/1578777263.mkv', 'Kızıl Yağmur', 1, 8, '/series/covers/[\"V-Wars\"]/1/8/1578777263.jpg', 'Luther, toplumsal çöküşü önlemek adına\r\nbir planı olan, Washington\'dan bir\r\nsiyasetçlyle temas kurar. Ava, İGB\'nin\r\ntoplama kamplanı hakkında delil bulmaya\r\nçalışır.', '36', 198, '2020-01-11 09:14:23', b'0'),
(52, '/series/videos/[\"V-Wars\"]/1/9/1578777333.mkv', 'Yırtıcı Geninin Peşinde', 1, 9, '/series/covers/[\"V-Wars\"]/1/9/1578777333.jpg', 'Luther\'ın ifadesi bazı kişileri öfkelendirir.\r\nDesmond ve Amélie rahatsız edici bir\r\ngürültüyü araştırır. Danika ve Michael\r\nkasabaya gider.', '46', 198, '2020-01-11 09:15:33', b'0'),
(53, '/series/videos/[\"V-Wars\"]/1/10/1578777404.mkv', 'Kanlar içinde Ama Dikbaşlı', 1, 10, '/series/covers/[\"V-Wars\"]/1/10/1578777404.jpg', 'Resmen ateşkes ilan edilir ama çok\r\ngeçmeden patlak veren sorunlar, hem\r\ninsanların hem de Kanlar\'ın hayatları için\r\ntehdit oluşturur.', '37', 198, '2020-01-11 09:16:46', b'0'),
(67, '/series/videos/Şahsiyet/1/1/1578783313.mkv', 'Bölüm 1', 1, 1, '/series/covers/Şahsiyet/1/1/1578783313.jpg', 'Agâh Beyoğlu, kendisine konan Alzheimer başlangıcı teşhisiyle altüst olur. Agâh, unutmanın yıllardır planladığı ancak sürekli ertelediği bir cinayeti işlemek için bir fırsat olduğunu fark eder.', '72', 231, '2020-01-11 10:55:14', b'0');

-- --------------------------------------------------------

--
-- Table structure for table `genres`
--

CREATE TABLE `genres` (
  `id` int(11) NOT NULL,
  `name` varchar(50) CHARACTER SET utf8 DEFAULT NULL
) ENGINE=InnoDB DEFAULT CHARSET=latin1;

--
-- Dumping data for table `genres`
--

INSERT INTO `genres` (`id`, `name`) VALUES
(1, 'Aksiyon'),
(2, 'Animasyon'),
(3, 'Komedi'),
(4, 'Suç'),
(5, 'Drama'),
(6, 'Fantazi'),
(7, 'Korku'),
(8, 'Aşk'),
(9, 'Müzikal'),
(10, 'Gizem'),
(11, 'Bilim Kurgu'),
(12, 'Spor'),
(13, 'Belgesel'),
(14, 'Gerilim'),
(15, 'Western'),
(16, 'Macera'),
(17, 'Aile'),
(18, 'Biyografi'),
(19, 'Yeşilçam'),
(20, 'Yerli Film'),
(21, 'Tarihi ve Savaş'),
(22, 'Gençlik');

-- --------------------------------------------------------

--
-- Table structure for table `likes`
--

CREATE TABLE `likes` (
  `id` int(11) NOT NULL,
  `movieID` int(11) DEFAULT NULL,
  `like` int(11) DEFAULT NULL
) ENGINE=InnoDB DEFAULT CHARSET=latin1;

--
-- Dumping data for table `likes`
--

INSERT INTO `likes` (`id`, `movieID`, `like`) VALUES
(9, 40, 2),
(10, 75, 1),
(11, 155, 1),
(12, 193, 2),
(13, 48, 1),
(14, 208, 2),
(15, 62, 1);

-- --------------------------------------------------------

--
-- Table structure for table `moviecasts`
--

CREATE TABLE `moviecasts` (
  `id` int(11) NOT NULL,
  `name` varchar(150) CHARACTER SET utf8 DEFAULT NULL,
  `movieID` int(11) DEFAULT NULL
) ENGINE=InnoDB DEFAULT CHARSET=latin1;

--
-- Dumping data for table `moviecasts`
--

INSERT INTO `moviecasts` (`id`, `name`, `movieID`) VALUES
(39, 'Hugh Jackman', 37),
(40, 'Jake Gyllenhaal', 37),
(41, 'Viola Davis', 37),
(49, 'Miles Teller', 40),
(50, 'J.K. Simmons', 40),
(51, 'Melissa Benoist', 40),
(67, 'Daniel Craig', 45),
(68, 'Rooney Mara', 45),
(72, 'Bill Skarsgård', 47),
(73, 'Jaeden Martell', 47),
(74, 'Finn Wolfhard', 47),
(75, 'Alicia Vikander', 48),
(76, 'Domhnall Gleeson', 48),
(77, 'Oscar Isaac', 48),
(78, 'Amy Poehler', 42),
(79, 'Tina Fey', 42),
(80, 'Maya Rudolph', 42),
(84, 'Christian Bale', 43),
(85, 'Hugh Jackman', 43),
(86, 'Scarlett Johansson', 43),
(87, 'Chris Evans', 41),
(88, 'Hugo Weaving', 41),
(89, 'Samuel L. Jackson', 41),
(93, 'Michael B. Jordan', 50),
(94, 'Sylvester Stallone', 50),
(95, 'Tessa Thompson', 50),
(96, 'James McAvoy', 51),
(97, 'Anya Taylor-Joy', 51),
(98, 'Haley Lu Richardson', 51),
(102, 'Daniel Kaluuya', 53),
(103, 'Allison Williams', 53),
(104, 'Bradley Whitford', 53),
(105, 'Hilary Swank', 54),
(106, 'Clint Eastwood', 54),
(107, 'Morgan Freeman', 54),
(108, 'Leonardo DiCaprio', 55),
(109, 'Joseph Gordon-Levitt', 55),
(110, 'Ellen Page', 55),
(111, 'Jean Reno', 56),
(112, 'Gary Oldman', 56),
(113, 'Natalie Portman', 56),
(114, 'Bradley Cooper', 57),
(115, 'Anna Friel', 57),
(116, 'Abbie Cornish', 57),
(128, 'Sacha Baron Cohen', 60),
(129, 'Anna Faris', 60),
(130, 'John C. Reilly', 60),
(131, 'Edward Asner', 61),
(132, 'Jordan Nagai', 61),
(133, 'John Ratzenberger', 61),
(134, 'Bradley Cooper', 62),
(135, 'Jennifer Lawrence', 62),
(136, 'Robert De Niro', 62),
(137, 'Scarlett Johansson', 63),
(138, 'Morgan Freeman', 63),
(139, 'Min-sik Choi', 63),
(140, 'Emile Hirsch', 64),
(141, 'Vince Vaughn', 64),
(142, 'Jim Carrey', 65),
(143, 'Ed Harris', 65),
(144, 'Brad Pitt', 66),
(145, 'Robin Wright', 66),
(146, 'Jonah Hill', 66),
(147, 'Will Smith', 67),
(148, 'Charlize Theron', 67),
(149, 'Jason Bateman', 67),
(152, 'Ralph Fiennes', 69),
(153, 'F. Murray Abraham', 69),
(154, 'Ben Affleck', 70),
(155, 'Bryan Cranston', 70),
(156, 'John Goodman', 70),
(160, 'Vince Vaughn', 72),
(161, 'Jennifer Carpenter', 72),
(162, 'Don Johnson', 72),
(163, 'Denzel Washington', 71),
(164, 'Clive Owen', 71),
(165, 'Jodie Foster', 71),
(168, 'Mustafa Üstündag', 73),
(169, 'Levent Üzümcü', 73),
(170, 'Naz Elmas', 74),
(171, 'Lemi Filozof', 74),
(172, 'Hilmi Cem Intepe', 74),
(173, 'Ertan Saban', 75),
(174, 'Serkan Keskin', 75),
(175, 'Jim Carrey', 76),
(176, 'Jennifer Aniston', 76),
(177, 'Morgan Freeman', 76),
(180, 'Rami Malek', 78),
(181, 'Lucy Boynton', 78),
(182, 'Gwilym Lee', 78),
(183, 'Eminem', 79),
(184, 'Brittany Murphy', 79),
(185, 'Müge Boz', 80),
(186, 'Jess Molho', 80),
(187, 'Nergis Kumbasar', 80),
(194, 'Ahmet Kural', 82),
(195, 'Murat Cemcir', 82),
(196, 'Saadet Aksoy', 82),
(197, 'Sahan Gökbakar', 83),
(198, 'Irfan Kangi', 83),
(199, 'Gökçe Eyüboglu', 83),
(200, 'Cem Yilmaz', 81),
(201, 'Berat Efe Parlar', 81),
(202, 'Adam Bay', 81),
(203, 'George Clooney', 84),
(204, 'Julia Roberts', 84),
(205, 'Jack O\'Connell', 84),
(206, 'Chadwick Boseman', 85),
(207, 'Michael B. Jordan', 85),
(208, 'Lupita Nyong\'o', 85),
(215, 'François Cluzet', 88),
(216, 'Omar Sy', 88),
(217, 'Anne Le Ny', 88),
(218, 'Ugur Yücel', 89),
(219, 'Demet Evgar', 89),
(220, 'Okan Yalabik', 89),
(221, 'Ugur Yücel', 90),
(222, 'Demet Evgar', 90),
(223, 'Okan Yalabik', 90),
(224, 'Jack Gore', 91),
(225, 'Jet Jurgensmeyer', 91),
(226, 'Nile Diaz', 91),
(227, 'Benedict Cumberbatch', 92),
(228, 'Cameron Seely', 92),
(229, 'Rashida Jones', 92),
(230, 'Ewan McGregor', 93),
(231, 'Hayley Atwell', 93),
(232, 'Bronte Carmichael', 93),
(233, 'Ewan McGregor', 94),
(234, 'Hayley Atwell', 94),
(235, 'Bronte Carmichael', 94),
(236, 'Edward Norton', 95),
(237, 'Brad Pitt', 95),
(238, 'Meat Loaf', 95),
(239, 'Tom Hardy', 96),
(240, 'Michelle Williams', 96),
(241, 'Riz Ahmed', 96),
(242, 'Hera Hilmar', 97),
(243, 'Robert Sheehan', 97),
(244, 'Hugo Weaving', 97),
(245, 'Tolga Çevik', 87),
(246, 'Cengiz Bozkurt', 87),
(247, 'Tuna Çevik', 87),
(248, 'Murat Boz', 86),
(249, 'Irem Sak', 86),
(250, 'Yasemin Kay Allen', 86),
(251, 'Chris Hemsworth', 98),
(252, 'Tessa Thompson', 98),
(253, 'Kumail Nanjiani', 98),
(257, 'Will Smith', 100),
(258, 'Margot Robbie', 100),
(259, 'Rodrigo Santoro', 100),
(260, 'Himesh Patel', 101),
(261, 'Lily James', 101),
(262, 'Sophia Di Martino', 101),
(266, 'Ice Cube', 102),
(267, 'Kevin Hart', 102),
(268, 'Tika Sumpter', 102),
(269, 'Jason Sudeikis', 99),
(270, 'Jennifer Aniston', 99),
(271, 'Emma Roberts', 99),
(272, 'Jack Black', 103),
(273, 'Ian McShane', 103),
(274, 'Angelina Jolie', 103),
(278, 'Travis Fimmel', 105),
(279, 'Rachael Taylor', 105),
(280, 'Forest Whitaker', 105),
(281, 'Cécile de France', 106),
(282, 'Maïwenn', 106),
(283, 'Philippe Nahon', 106),
(284, 'Stephen Anthony Bailey', 107),
(285, 'Madison Lawlor', 107),
(286, 'Jamie Anderson', 107),
(287, 'Jon Favreau', 108),
(288, 'Robert Downey Jr.', 108),
(289, 'Scarlett Johansson', 108),
(290, 'Shailene Woodley', 109),
(291, 'Ansel Elgort', 109),
(292, 'Nat Wolff', 109),
(293, 'Barney Clark', 110),
(294, 'Ben Kingsley', 110),
(295, 'Patrick Wilson', 111),
(296, 'Ellen Page', 111),
(297, 'Sandra Oh', 111),
(298, 'Jonah Hill', 112),
(299, 'Ari Graynor', 112),
(300, 'Pierce Brosnan', 113),
(301, 'Trine Dyrholm', 113),
(302, 'Molly Blixt Egelind', 113),
(303, 'Radha Mitchell', 114),
(304, 'Laurie Holden', 114),
(305, 'Sean Bean', 114),
(306, 'Gad Elmaleh', 115),
(307, 'Gabriel Byrne', 115),
(308, 'Liya Kebede', 115),
(309, 'Jim Carrey', 116),
(310, 'Maura Tierney', 116),
(311, 'Justin Cooper', 116),
(312, 'Shailene Woodley', 117),
(313, 'Theo James', 117),
(314, 'Ashley Judd', 117),
(315, 'Jake Gyllenhaal', 118),
(316, 'Michael Papajohn', 118),
(317, 'Marco Rodríguez', 118),
(318, 'Cameron Diaz', 119),
(319, 'Jason Segel', 119),
(320, 'Rob Corddry', 119),
(321, 'Sofia Black-D\'Elia', 120),
(322, 'Analeigh Tipton', 120),
(323, 'Travis Tope', 120),
(324, 'Aamir Khan', 121),
(325, 'Asin Thottumkal', 121),
(326, 'Jiah Khan', 121),
(336, 'Edward Norton', 125),
(337, 'Edward Furlong', 125),
(338, 'Beverly D\'Angelo', 125),
(348, 'Melis Birkan', 122),
(349, 'Cemal Hünal', 122),
(350, 'Yildiz Kültür', 122),
(351, 'Nejat Isler', 123),
(352, 'Yigit Özsener', 123),
(353, 'Ahu Türkpençe', 123),
(354, 'Yavuz Bingöl', 124),
(355, 'Hatice Aslan', 124),
(356, 'Ahmet Rifat Sungar', 124),
(357, 'Belçim Bilgin', 127),
(358, 'Ibrahim Celikkol', 127),
(359, 'Kerem Can', 127),
(360, 'Zac Efron', 126),
(361, 'Taylor Swift', 126),
(362, 'Danny DeVito', 126),
(363, 'Ryan Reynolds', 104),
(364, 'Justice Smith', 104),
(365, 'Kathryn Newton', 104),
(366, 'Jim Carrey', 128),
(367, 'Cameron Diaz', 128),
(368, 'Peter Riegert', 128),
(369, 'Liam Neeson', 77),
(370, 'Ralph Fiennes', 77),
(371, 'Tuba Ünsal', 129),
(372, 'Riza Kocaoglu', 129),
(373, 'Burak Altay', 129),
(374, 'Ashley Judd', 130),
(375, 'Jonah Hauer-King', 130),
(376, 'Edward James Olmos', 130),
(377, 'Aamir Khan', 131),
(378, 'Madhavan', 131),
(379, 'Mona Singh', 131),
(380, 'Orhan Aydin', 132),
(381, 'Okan Bayülgen', 132),
(382, 'Ceren Benderlioglu', 132),
(383, 'Johnny Depp', 133),
(384, 'Angelina Jolie', 133),
(385, 'Paul Bettany', 133),
(386, 'Samuel L. Jackson', 134),
(387, 'Kurt Russell', 134),
(388, 'Jennifer Jason Leigh', 134),
(392, 'Denzel Washington', 136),
(393, 'Chris Pratt', 136),
(394, 'Ethan Hawke', 136),
(395, 'Jeff Bridges', 137),
(396, 'Matt Damon', 137),
(397, 'Hailee Steinfeld', 137),
(398, 'Jamie Foxx', 138),
(399, 'Christoph Waltz', 138),
(400, 'Leonardo DiCaprio', 138),
(401, 'Kurt Russell', 139),
(402, 'Patrick Wilson', 139),
(403, 'Matthew Fox', 139),
(407, 'Mahershala Ali', 141),
(408, 'Naomie Harris', 141),
(409, 'Trevante Rhodes', 141),
(410, 'Daniel Day-Lewis', 142),
(411, 'Sally Field', 142),
(412, 'David Strathairn', 142),
(413, 'Tom Hanks', 143),
(414, 'Helen Hunt', 143),
(415, 'Paul Sanchez', 143),
(416, 'Emma Thompson', 144),
(417, 'Tom Hanks', 144),
(418, 'Annie Rose Buckley', 144),
(419, 'Joaquin Phoenix', 145),
(420, 'Amy Adams', 145),
(421, 'Scarlett Johansson', 145),
(429, 'Adam Sandler', 149),
(430, 'Drew Barrymore', 149),
(431, 'Wendi McLendon-Covey', 149),
(432, 'Miles Teller', 150),
(433, 'Shailene Woodley', 150),
(434, 'Kyle Chandler', 150),
(439, 'Matthew McConaughey', 152),
(440, 'Anne Hathaway', 152),
(441, 'Jessica Chastain', 152),
(445, 'Jim Caviezel', 154),
(446, 'Alexander Ludwig', 154),
(447, 'Michael Chiklis', 154),
(448, 'Tommy Lee Jones', 155),
(449, 'Javier Bardem', 155),
(450, 'Josh Brolin', 155),
(457, 'Guy Pearce', 158),
(458, 'Carrie-Anne Moss', 158),
(459, 'Joe Pantoliano', 158),
(460, 'Ed Helms', 159),
(461, 'Christina Applegate', 159),
(462, 'Skyler Gisondo', 159),
(469, 'O\'Shea Jackson Jr.', 161),
(470, 'Corey Hawkins', 161),
(471, 'Jason Mitchell', 161),
(475, 'Tom Schilling', 160),
(476, 'Elyas M\'Barek', 160),
(477, 'Wotan Wilke Möhring', 160),
(478, 'Jake Gyllenhaal', 157),
(479, 'Rachel McAdams', 157),
(480, 'Oona Laurence', 157),
(481, 'Denzel Washington', 162),
(482, 'Angela Bassett', 162),
(483, 'Delroy Lindo', 162),
(490, 'Harrison Holzer', 165),
(491, 'Kyle', 165),
(492, 'Jordan Rock', 165),
(493, 'Jack O\'Connell', 166),
(494, 'Miyavi', 166),
(495, 'Domhnall Gleeson', 166),
(499, 'Michael Rainey Jr.', 168),
(500, 'Tekola Cornetet', 168),
(501, 'Hanna Longo', 168),
(505, 'Dev Patel', 167),
(506, 'Armie Hammer', 167),
(507, 'Nazanin Boniadi', 167),
(508, 'Caleb Castille', 169),
(509, 'Sean Astin', 169),
(510, 'Jon Voight', 169),
(514, 'Adrien Brody', 171),
(515, 'Thomas Kretschmann', 171),
(516, 'Frank Finlay', 171),
(517, 'Keanu Reeves', 172),
(518, 'Lorenza Izzo', 172),
(519, 'Ana de Armas', 172),
(520, 'Chiwetel Ejiofor, Michael Kenneth Williams, Michael Fassbender', 147),
(521, 'Léa Seydoux', 146),
(522, 'Adèle Exarchopoulos', 146),
(523, 'Salim Kechiouche', 146),
(524, 'Leonardo DiCaprio', 148),
(525, 'Jonah Hill', 148),
(526, 'Margot Robbie', 148),
(527, 'Michael Keaton', 151),
(528, 'Zach Galifianakis', 151),
(529, 'Edward Norton', 151),
(530, 'Emma Stone', 151),
(531, 'Tom hardy', 153),
(532, 'Olivia Colman', 153),
(533, 'Ruth Wilson', 153),
(534, 'Jared Leto', 170),
(535, 'Sarah Polley', 170),
(536, 'Diane Kruger', 170),
(537, 'Russell Crowe', 173),
(538, 'Ed Harris', 173),
(539, 'Jennifer Connelly', 173),
(540, 'Audrey Tautou', 174),
(541, 'Mathieu Kassovitz', 174),
(542, 'Rufus', 174),
(543, 'Kevin Spacey', 175),
(544, 'Annette Bening', 175),
(545, 'Thora Birch', 175),
(546, 'Robert De Niro', 176),
(547, 'Sharon Stone', 176),
(548, 'Joe Pesci', 176),
(549, 'Tom Hanks', 177),
(550, 'Robin Wright', 177),
(551, 'Gary Sinise', 177),
(552, 'Robin Williams', 178),
(553, 'Matt Damon', 178),
(554, 'Ben Affleck', 178),
(555, 'Ray Liotta', 179),
(556, 'Robert De Niro', 179),
(557, 'Joe Pesci', 179),
(558, 'Brad Pitt', 180),
(559, 'Diane Kruger', 180),
(560, 'Eli Roth', 180),
(561, 'Roberto Benigni', 181),
(562, 'Nicoletta Braschi', 181),
(563, 'Giorgio Cantarini', 181),
(564, 'John Travolta', 182),
(565, 'Uma Thurman', 182),
(566, 'Samuel L. Jackson', 182),
(567, 'Ellen Burstyn', 183),
(568, 'Jared Leto', 183),
(569, 'Jennifer Connelly', 183),
(570, 'Morgan Freeman', 184),
(571, 'Brad Pitt', 184),
(572, 'Kevin Spacey', 184),
(573, 'Jason Statham', 185),
(574, 'Brad Pitt', 185),
(575, 'Benicio Del Toro', 185),
(576, 'Leonardo DiCaprio', 186),
(577, 'Matt Damon', 186),
(578, 'Jack Nicholson', 186),
(579, 'Marlon Brando', 187),
(580, 'Al Pacino', 187),
(581, 'James Caan', 187),
(582, 'Al Pacino', 188),
(583, 'Robert De Niro', 188),
(584, 'Robert Duvall', 188),
(585, 'Tom Hanks', 189),
(586, 'Michael Clarke Duncan', 189),
(587, 'David Morse', 189),
(588, 'Keanu Reeves', 190),
(589, 'Laurence Fishburne', 190),
(590, 'Carrie-Anne Moss', 190),
(591, 'Will Smith', 191),
(592, 'Thandie Newton', 191),
(593, 'Jaden Smith', 191),
(594, 'Christian Bale', 192),
(595, 'Heath Ledger', 192),
(596, 'Aaron Eckhart', 192),
(597, 'Thomas Haden Church', 156),
(598, 'Josh Wiggins', 156),
(599, 'Luke Kleintank', 156),
(600, 'Quinton Aaron', 140),
(601, 'Sandra Bullock', 140),
(602, 'Tim McGraw', 140),
(653, 'Scott Whyte', 193),
(654, 'Nolan North', 193),
(655, 'Matthew Yang King', 193),
(800, 'Úrsula Corberó', 58),
(801, 'Álvaro Morte', 58),
(802, 'Pedro Alonso', 58),
(803, 'Itziar Ituño', 58),
(804, 'Alba Flores', 58),
(805, 'María Pedraza', 58),
(806, 'Miguel Herrán', 58),
(807, 'Jaime Lorente', 58),
(808, 'Gokhan Yikilkan', 194),
(809, 'Ulas Torun', 194),
(810, 'Firat Tanis', 194),
(811, 'Gokhan Yikilkan', 195),
(812, 'Ulas Torun', 195),
(813, 'Gürkan Uygun', 195),
(814, 'Ali Sürmeli', 196),
(815, 'Ömer Basdogan', 196),
(816, 'Emre Mutlu', 196),
(817, 'Cem Yilmaz', 197),
(818, 'Ozan Güven', 197),
(819, 'Özkan Ugur', 197),
(820, 'Ian Somerhalder', 198),
(821, 'Adrian Holmes', 198),
(822, 'Jacky Lai', 198),
(823, 'Ryan Gosling', 164),
(824, 'Emma Stone', 164),
(825, 'Rosemarie DeWitt', 164),
(826, 'Ahmet Kural', 199),
(827, 'Murat Cemcir', 199),
(828, 'Seda Bakan', 199),
(835, 'Owen Wilson', 201),
(836, 'Bonnie Hunt', 201),
(837, 'Paul Newman', 201),
(838, 'Mel Gibson', 202),
(839, 'Julia Sawalha', 202),
(840, 'Phil Daniels', 202),
(844, 'Hugh Jackman', 204),
(845, 'Kate Winslet', 204),
(846, 'Ian McKellen', 204),
(847, 'Elijah Wood', 205),
(848, 'Brittany Murphy', 205),
(849, 'Hugh Jackman', 205),
(850, 'Amy Poehler', 206),
(851, 'Bill Hader', 206),
(852, 'Lewis Black', 206),
(853, 'Toni Collette', 207),
(854, 'Philip Seymour Hoffman', 207),
(855, 'Eric Bana', 207),
(856, 'Daniel Hansen', 208),
(857, 'Wesley Singerman', 208),
(858, 'Angela Bassett', 208),
(862, 'Brad Garrett', 200),
(863, 'Lou Romano', 200),
(864, 'Patton Oswalt', 200),
(865, 'Billy Crystal', 210),
(866, 'John Goodman', 210),
(867, 'Mary Gibbs', 210),
(871, 'Johnny Depp', 211),
(872, 'Isla Fisher', 211),
(873, 'Timothy Olyphant', 211),
(874, 'Shia LaBeouf', 212),
(875, 'Zooey Deschanel', 212),
(876, 'Jon Heder', 212),
(877, 'Ben Burtt', 213),
(878, 'Elissa Knight', 213),
(879, 'Jeff Garlin', 213),
(880, 'Ginnifer Goodwin', 214),
(881, 'Jason Bateman', 214),
(882, 'Idris Elba', 214),
(883, 'Jason Bateman', 215),
(884, 'Rebecca Hall', 215),
(885, 'Joel Edgerton', 215),
(886, 'John Goodman', 216),
(887, 'Mary Elizabeth Winstead', 216),
(888, 'John Gallagher Jr.', 216),
(889, 'Will Smith', 217),
(890, 'Alec Baldwin', 217),
(891, 'Albert Brooks', 217),
(892, 'Helen Mirren', 218),
(893, 'Aaron Paul', 218),
(894, 'Alan Rickman', 218),
(895, 'John Gallagher Jr.', 219),
(896, 'Kate Siegel', 219),
(897, 'Michael Trucco', 219),
(898, 'Jason Momoa', 220),
(899, 'Amber Heard', 220),
(900, 'Willem Dafoe', 220),
(901, 'Abraham Attah', 221),
(902, 'Emmanuel Affadzi', 221),
(903, 'Ricky Adelayitor', 221),
(904, 'John Goodman', 222),
(905, 'Ashton Sanders', 222),
(906, 'Jonathan Majors', 222),
(907, 'Beren Saat', 223),
(908, 'Mehmet Günsür', 223),
(909, 'Metin Akdülger', 223),
(910, 'Keanu Reeves', 224),
(911, 'Michael Nyqvist', 224),
(912, 'Alfie Allen', 224),
(913, 'Keanu Reeves', 225),
(914, 'Riccardo Scamarcio', 225),
(915, 'Ian McShane', 225),
(916, 'Keanu Reeves', 226),
(917, 'Halle Berry', 226),
(918, 'Ian McShane', 226),
(922, 'Joanna Kulig', 228),
(923, 'Tomasz Kot', 228),
(924, 'Borys Szyc', 228),
(928, 'Jim Carrey', 229),
(929, 'Kate Winslet', 229),
(930, 'Tom Wilkinson', 229),
(931, 'Dennis Quaid', 230),
(932, 'Jim Caviezel', 230),
(933, 'Shawn Doyle', 230),
(934, 'Haluk Bilginer', 231),
(935, 'Cansu Dere', 231),
(936, 'Metin Akdülger', 231),
(937, 'Matthew Modine', 232),
(938, 'R. Lee Ermey', 232),
(939, 'Vincent D\'Onofrio', 232),
(940, 'Richard Gere', 233),
(941, 'Joan Allen', 233),
(942, 'Cary-Hiroyuki Tagawa', 233),
(943, 'Lubna Azabal', 234),
(944, 'Mélissa Désormeaux-Poulin', 234),
(945, 'Maxim Gaudette', 234),
(946, 'Matt Damon', 235),
(947, 'Gylfi Zoega', 235),
(948, 'Andri Snær Magnason', 235),
(949, 'Joe Calzaghe', 236),
(950, 'Enzo Calzaghe', 236),
(951, 'James Dean Bradfield', 236),
(952, 'Jodelle Ferland', 237),
(953, 'Eliana Jones', 237),
(954, 'Lola Flanery', 237),
(955, 'Jack Nicholson', 238),
(956, 'Louise Fletcher', 238),
(957, 'Will Sampson', 238),
(973, 'Anthony Mackie', 239),
(974, 'Frank Grillo', 239),
(975, 'Marcia Gay Harden', 239),
(976, 'Kitana Kiki Rodriguez', 241),
(977, 'Mya Taylor', 241),
(978, 'Mickey O\'Hagan', 241),
(979, 'Leonardo DiCaprio', 242),
(980, 'Paterson Joseph', 242),
(981, 'Lars Arentz-Hansen', 242),
(982, 'Noomi Rapace', 240),
(983, 'Michael Fassbender', 240),
(984, 'Charlize Theron', 240),
(988, 'Carole Cadwalladr', 244),
(989, 'David Carroll', 244),
(990, 'Brittany Kaiser', 244),
(991, 'Ulrich Mühe', 245),
(992, 'Sebastian Koch', 245),
(993, 'Martina Gedeck', 245),
(994, 'Tim Robbins', 246),
(995, 'Morgan Freeman', 246),
(996, 'Bob Gunton', 246),
(997, 'Livia Giuggioli', 247),
(998, 'Stella McCartney', 247),
(999, 'Vandana Shiva', 247),
(1006, 'Iwan Rheon', 243),
(1007, 'Daniel Webber', 243),
(1008, 'Douglas Booth', 243),
(1009, 'Predrag \'Miki\' Manojlovic', 249),
(1010, 'Lazar Ristovski', 249),
(1011, 'Mirjana Jokovic', 249),
(1012, 'Will Smith', 250),
(1013, 'Joel Edgerton', 250),
(1014, 'Noomi Rapace', 250),
(1015, 'Ryan Reynolds', 251),
(1016, 'Morena Baccarin', 251),
(1017, 'T.J. Miller', 251),
(1018, 'Michaela Coel', 252),
(1019, 'Mya Lewis', 252),
(1020, 'Arinzé Kene', 252),
(1027, 'Stephen Lang', 255),
(1028, 'Jane Levy', 255),
(1029, 'Dylan Minnette', 255),
(1030, 'Will Smith', 256),
(1031, 'Jared Leto', 256),
(1032, 'Margot Robbie', 256),
(1039, 'Michael J. Fox', 259),
(1040, 'Geena Davis', 259),
(1041, 'Hugh Laurie', 259),
(1042, 'Sandra Bullock', 260),
(1043, 'Trevante Rhodes', 260),
(1044, 'John Malkovich', 260),
(1045, 'Taylor Russell', 261),
(1046, 'Logan Miller', 261),
(1047, 'Jay Ellis', 261),
(1048, 'Selena Gomez', 262),
(1049, 'Leighton Meester', 262),
(1050, 'Katie Cassidy', 262),
(1054, 'Breckin Meyer', 264),
(1055, 'Jennifer Love Hewitt', 264),
(1056, 'Stephen Tobolowsky', 264),
(1057, 'Odette Annable', 265),
(1058, 'Gary Oldman', 265),
(1059, 'Cam Gigandet', 265),
(1060, 'Karoline Herfurth', 266),
(1061, 'Axel Prahl', 266),
(1062, 'Luis Vorbach', 266),
(1063, 'Judah Lewis', 267),
(1064, 'Samara Weaving', 267),
(1065, 'Robbie Amell', 267),
(1066, 'Zachary Gordon', 268),
(1067, 'Molly Parker', 268),
(1068, 'Rick Roberts', 268),
(1069, 'Karen Gillan', 269),
(1070, 'Brenton Thwaites', 269),
(1071, 'Katee Sackhoff', 269),
(1072, 'Emma Roberts', 270),
(1073, 'Dave Franco', 270),
(1074, 'Emily Meade', 270),
(1075, 'Jamie Lee Curtis', 271),
(1076, 'Judy Greer', 271),
(1077, 'Andi Matichak', 271),
(1078, 'Leonardo DiCaprio', 135),
(1079, 'Tom Hardy', 135),
(1080, 'Will Poulter', 135),
(1081, 'Eric Bana', 163),
(1082, 'Daniel Craig', 163),
(1083, 'Marie-Josée Croze', 163),
(1084, 'Çetin Tekindor', 258),
(1085, 'Fikret Kuskan', 258),
(1086, 'Hümeyra', 258),
(1090, 'Lucy Hale', 248),
(1091, 'Tyler Posey', 248),
(1092, 'Violett Beane', 248),
(1093, 'Kubilay Aka', 254),
(1094, 'Afra Saraçoglu', 254),
(1095, 'Salih Kalyon', 254),
(1096, 'Michael J. Fox', 257),
(1097, 'Geena Davis', 257),
(1098, 'Hugh Laurie', 257),
(1099, 'Alexandra Shipp', 272),
(1100, 'Anthony Grant', 272),
(1101, 'Elise Neal', 272),
(1102, 'Max von der Groeben', 273),
(1103, 'Jella Haase', 273),
(1104, 'Clemens Schick', 273),
(1105, 'Taron Egerton', 52),
(1106, 'Hugh Jackman', 52),
(1107, 'Tom Costello', 52),
(1108, 'Hugh Jackman', 263),
(1109, 'Evangeline Lilly', 263),
(1110, 'Dakota Goyo', 263),
(1111, 'Johnny Depp', 49),
(1112, 'Freddie Highmore', 49),
(1113, 'David Kelly', 49),
(1114, 'Auli\'i Cravalho', 209),
(1115, 'Dwayne Johnson', 209),
(1116, 'Rachel House', 209),
(1117, 'Anthony Gonzalez', 203),
(1118, 'Gael García Bernal', 203),
(1119, 'Benjamin Bratt', 203),
(1120, 'Mel Gibson', 274),
(1121, 'Sophie Marceau', 274),
(1122, 'Patrick McGoohan', 274),
(1123, 'Fionn Whitehead', 275),
(1124, 'Barry Keoghan', 275),
(1125, 'Mark Rylance', 275),
(1126, 'Andrew Garfield', 276),
(1127, 'Sam Worthington', 276),
(1128, 'Luke Bracey', 276),
(1129, 'Hugh Jackman', 277),
(1130, 'Russell Crowe', 277),
(1131, 'Anne Hathaway', 277),
(1132, 'Tom Glynn-Carney', 278),
(1133, 'Gábor Czap', 278),
(1134, 'Tom Fisher', 278),
(1135, 'Meryl Streep', 279),
(1136, 'Tom Hanks', 279),
(1137, 'Sarah Paulson', 279),
(1138, 'Chris Pine', 280),
(1139, 'Stephen Dillane', 280),
(1140, 'Rebecca Robin', 280),
(1141, 'Ben Affleck', 281),
(1142, 'Kate Beckinsale', 281),
(1143, 'Josh Hartnett', 281),
(1144, 'Emma Watson', 282),
(1145, 'Dan Stevens', 282),
(1146, 'Luke Evans', 282),
(1147, 'Anders Danielsen Lie', 283),
(1148, 'Jonas Strand Gravli', 283),
(1149, 'Jon Øigarden', 283),
(1150, 'Ryan Reynolds', 253),
(1151, 'Josh Brolin', 253),
(1152, 'Morena Baccarin', 253),
(1153, 'F. Murray Abraham', 284),
(1154, 'Tom Hulce', 284),
(1155, 'Elizabeth Berridge', 284),
(1156, 'Cher', 285),
(1157, 'Christina Aguilera', 285),
(1158, 'Alan Cumming', 285),
(1159, 'Ryan Gosling', 286),
(1160, 'Claire Foy', 286),
(1161, 'Jason Clarke', 286),
(1162, 'Margot Robbie', 287),
(1163, 'Sebastian Stan', 287),
(1164, 'Allison Janney', 287),
(1165, 'Emily Blunt', 288),
(1166, 'Lin-Manuel Miranda', 288),
(1167, 'Ben Whishaw', 288),
(1168, 'Anna Kendrick', 289),
(1169, 'Brittany Snow', 289),
(1170, 'Rebel Wilson', 289),
(1171, 'Anna Kendrick', 290),
(1172, 'Rebel Wilson', 290),
(1173, 'Hailee Steinfeld', 290),
(1174, 'Charlie Cox', 291),
(1175, 'Claire Danes', 291),
(1176, 'Sienna Miller', 291),
(1177, 'Adam O\'Brian', 292),
(1178, 'Nicholas Barclay', 292),
(1179, 'Carey Gibson', 292),
(1180, 'Adam Sandler', 293),
(1181, 'Kathy Bates', 293),
(1182, 'Henry Winkler', 293),
(1183, 'Nat Wolff', 294),
(1184, 'LaKeith Stanfield', 294),
(1185, 'Margaret Qualley', 294),
(1186, 'Ben Stiller', 295),
(1187, 'Christine Taylor', 295),
(1188, 'Vince Vaughn', 295),
(1189, 'Bill Murray', 296),
(1190, 'Scarlett Johansson', 296),
(1191, 'Giovanni Ribisi', 296),
(1192, 'Tom Hanks', 297),
(1193, 'Catherine Zeta-Jones', 297),
(1194, 'Chi McBride', 297),
(1195, 'Emma Stone', 298),
(1196, 'Steve Carell', 298),
(1197, 'Andrea Riseborough', 298),
(1198, 'Diane Lane', 299),
(1199, 'John Malkovich', 299),
(1200, 'Margo Martindale', 299),
(1201, 'Edward Snowden', 300),
(1202, 'Glenn Greenwald', 300),
(1203, 'William Binney', 300),
(1204, 'Fidel Castro', 301),
(1205, 'Cristobal Borrego', 301),
(1206, 'Jon Alpert', 301),
(1207, 'Michele Simon', 302),
(1208, 'Katie Couric', 302),
(1209, 'Bill Clinton', 302),
(1210, 'Conrad Anker', 303),
(1211, 'Grace Chin', 303),
(1212, 'Jimmy Chin', 303),
(1213, 'Brit Britton', 304),
(1214, 'Eben Britton', 304),
(1215, 'Wendy Brown', 304),
(1216, 'Bo Butterworth', 305),
(1217, 'Bri Bryant', 305),
(1218, 'Andy Culpepper', 305),
(1219, 'Annie Boulanger', 306),
(1220, 'Bruce Brown', 306),
(1221, 'Yvon Chouinard', 306),
(1222, 'David Sanger', 307),
(1223, 'Emad Kiyaei', 307),
(1224, 'Eric Chien', 307),
(1225, 'Ed Helms', 308),
(1226, 'Whitney Houston', 309),
(1227, 'Ellen White', 309),
(1228, 'Michael Houston', 309),
(1229, 'Agnès Varda', 310),
(1230, 'JR', 310),
(1231, 'Jeannine Carpentier', 310),
(1232, 'Alex Honnold', 311),
(1233, 'Tommy Caldwell', 311),
(1234, 'Jimmy Chin', 311),
(1235, 'Thomas Bach', 312),
(1236, 'Scott Brandt', 312),
(1237, 'Don Catlin', 312),
(1238, 'Michael Keaton', 313),
(1239, 'Nick Offerman', 313),
(1240, 'John Carroll Lynch', 313),
(1241, 'Guy Pearce', 314),
(1242, 'Dakota Fanning', 314),
(1243, 'Emilia Jones', 314),
(1244, 'Robert Shafran', 315),
(1245, 'Michael Domnitz', 315),
(1246, 'Howard Schneider', 315),
(1247, 'Viggo Mortensen', 316),
(1248, 'Omar Sharif', 316),
(1249, 'Zuleikha Robinson', 316),
(1250, 'Natalie Portman', 317),
(1251, 'Joel Edgerton', 317),
(1252, 'Ewan McGregor', 317),
(1253, 'Tom Hardy', 318),
(1254, 'Shia LaBeouf', 318),
(1255, 'Guy Pearce', 318),
(1256, 'Heath Ledger', 319),
(1257, 'Orlando Bloom', 319),
(1258, 'Geoffrey Rush', 319),
(1259, 'Kevin Kline', 320),
(1260, 'Scott Glenn', 320),
(1261, 'Kevin Costner', 320),
(1262, 'Brit Marling', 321),
(1263, 'Hailee Steinfeld', 321),
(1264, 'Sam Worthington', 321),
(1265, 'Mads Mikkelsen', 322),
(1266, 'Eva Green', 322),
(1267, 'Jeffrey Dean Morgan', 322),
(1268, 'James Ransone', 323),
(1269, 'Josh Peck', 323),
(1270, 'Elisa Lasowski', 323),
(1271, 'Tim Blake Nelson', 324),
(1272, 'Willie Watson', 324),
(1273, 'Clancy Brown', 324),
(1274, 'Kurt Russell', 325),
(1275, 'Val Kilmer', 325),
(1276, 'Sam Elliott', 325),
(1277, 'Sharon Stone', 326),
(1278, 'Tommy Flanagan', 326),
(1279, 'Christina Moore', 326),
(1280, 'Çagdas Onur Öztürk', 327),
(1281, 'Asli Tandogan', 327),
(1282, 'Begüm Birgören', 327),
(1286, 'Burcu Kiratli', 328),
(1287, 'Emre Kizilirmak', 328),
(1288, 'Sedef Sahin', 328),
(1289, 'Dane DeHaan', 329),
(1290, 'Jason Isaacs', 329),
(1291, 'Mia Goth', 329),
(1292, 'Luke Treadaway', 330),
(1293, 'Bob the Cat', 330),
(1294, 'Ruta Gedmintas', 330),
(1295, 'Carla Gugino', 331),
(1296, 'Bruce Greenwood', 331),
(1297, 'Chiara Aurelia', 331),
(1298, 'Matthew McConaughey', 332),
(1299, 'Edgar Ramírez', 332),
(1300, 'Bryce Dallas Howard', 332),
(1301, 'Chris Evans', 333),
(1302, 'Mckenna Grace', 333),
(1303, 'Lindsay Duncan', 333),
(1304, 'Muhammet Uzuner', 334),
(1305, 'Yilmaz Erdogan', 334),
(1306, 'Taner Birsel', 334),
(1310, 'Jennifer Lawrence', 335),
(1311, 'Chris Pratt', 335),
(1312, 'Michael Sheen', 335),
(1313, 'Adam Driver', 336),
(1314, 'Golshifteh Farahani', 336),
(1315, 'Nellie', 336),
(1316, 'Ferdia Walsh-Peelo', 337),
(1317, 'Aidan Gillen', 337),
(1318, 'Maria Doyle Kennedy', 337),
(1319, 'Jamie Foxx', 338),
(1320, 'Michelle Monaghan', 338),
(1321, 'Dermot Mulroney', 338),
(1322, 'Naomi Watts', 339),
(1323, 'Jaeden Martell', 339),
(1324, 'Jacob Tremblay', 339),
(1325, 'Joseph Gordon-Levitt', 340),
(1326, 'Shailene Woodley', 340),
(1327, 'Melissa Leo', 340),
(1328, 'Hailee Steinfeld', 341),
(1329, 'Haley Lu Richardson', 341),
(1330, 'Blake Jenner', 341),
(1331, 'Robert Pattinson', 342),
(1332, 'Benny Safdie', 342),
(1333, 'Jennifer Jason Leigh', 342),
(1334, 'Anton Yelchin', 343),
(1335, 'Imogen Poots', 343),
(1336, 'Alia Shawkat', 343),
(1337, 'Ellen Dorrit Petersen', 344),
(1338, 'Cosmina Stratan', 344),
(1339, 'Peter Christoffersen', 344),
(1340, 'Suki Waterhouse', 345),
(1341, 'Jason Momoa', 345),
(1342, 'Jayda Fink', 345),
(1343, 'Rafe Spall', 346),
(1344, 'Arsher Ali', 346),
(1345, 'Robert James-Collier', 346),
(1353, 'Jon Hamm', 46),
(1354, 'Ansel Elgort', 46),
(1355, 'Jon Bernthal', 46),
(1356, 'Jake Johnson', 68),
(1357, 'Damon Wayans Jr.', 68),
(1361, 'Tom Hardy', 44),
(1362, 'Charlize Theron', 44),
(1363, 'Nicholas Hoult', 44),
(1364, 'Hugo Weaving', 59),
(1365, 'Natalie Portman', 59),
(1366, 'Rupert Graves', 59),
(1370, 'Chris Evans', 39),
(1371, 'Samuel L. Jackson', 39),
(1372, 'Scarlett Johansson', 39),
(1373, 'hnm', 354);

-- --------------------------------------------------------

--
-- Table structure for table `moviegenres`
--

CREATE TABLE `moviegenres` (
  `id` int(11) NOT NULL,
  `movieID` int(11) DEFAULT NULL,
  `genreID` int(11) DEFAULT NULL
) ENGINE=InnoDB DEFAULT CHARSET=latin1;

--
-- Dumping data for table `moviegenres`
--

INSERT INTO `moviegenres` (`id`, `movieID`, `genreID`) VALUES
(68, 37, 4),
(69, 37, 5),
(70, 37, 10),
(80, 40, 5),
(81, 40, 9),
(95, 45, 4),
(96, 45, 5),
(97, 45, 10),
(101, 47, 7),
(102, 47, 14),
(103, 48, 5),
(104, 48, 10),
(105, 48, 11),
(106, 42, 3),
(110, 43, 5),
(111, 43, 10),
(112, 43, 11),
(113, 41, 1),
(114, 41, 11),
(115, 41, 16),
(119, 50, 5),
(120, 50, 12),
(121, 51, 7),
(122, 51, 14),
(126, 53, 7),
(127, 53, 10),
(128, 53, 14),
(129, 54, 5),
(130, 54, 12),
(131, 55, 1),
(132, 55, 11),
(133, 55, 16),
(134, 56, 1),
(135, 56, 4),
(136, 56, 5),
(137, 57, 11),
(138, 57, 14),
(146, 60, 3),
(147, 61, 2),
(148, 61, 3),
(149, 61, 16),
(150, 62, 3),
(151, 62, 5),
(152, 62, 8),
(153, 63, 1),
(154, 63, 11),
(155, 63, 14),
(156, 64, 5),
(157, 64, 16),
(158, 64, 18),
(159, 65, 3),
(160, 65, 5),
(161, 65, 11),
(162, 66, 5),
(163, 66, 12),
(164, 66, 18),
(165, 67, 1),
(166, 67, 6),
(170, 69, 3),
(171, 69, 4),
(172, 69, 16),
(173, 70, 5),
(174, 70, 14),
(175, 70, 18),
(179, 72, 1),
(180, 72, 4),
(181, 72, 5),
(182, 71, 4),
(183, 71, 5),
(184, 71, 10),
(187, 73, 3),
(188, 73, 5),
(189, 73, 20),
(190, 74, 3),
(191, 74, 20),
(192, 75, 3),
(193, 75, 5),
(194, 75, 20),
(195, 76, 3),
(196, 76, 5),
(197, 76, 6),
(200, 78, 5),
(201, 78, 9),
(202, 78, 18),
(203, 79, 5),
(204, 79, 9),
(205, 80, 3),
(206, 80, 8),
(207, 80, 20),
(214, 82, 3),
(215, 82, 20),
(216, 83, 3),
(217, 83, 20),
(218, 81, 3),
(219, 81, 5),
(220, 81, 20),
(221, 84, 4),
(222, 84, 5),
(223, 84, 14),
(224, 85, 1),
(225, 85, 11),
(226, 85, 16),
(230, 88, 3),
(231, 88, 5),
(232, 88, 18),
(233, 89, 1),
(234, 89, 2),
(235, 89, 16),
(236, 90, 1),
(237, 90, 2),
(238, 90, 16),
(239, 90, 20),
(240, 91, 1),
(241, 91, 2),
(242, 91, 3),
(243, 92, 2),
(244, 92, 6),
(245, 92, 17),
(246, 93, 3),
(247, 93, 5),
(248, 93, 16),
(249, 94, 3),
(250, 94, 5),
(251, 94, 16),
(252, 95, 5),
(253, 96, 1),
(254, 96, 11),
(255, 96, 14),
(256, 97, 1),
(257, 97, 6),
(258, 97, 16),
(259, 87, 3),
(260, 87, 20),
(261, 86, 3),
(262, 86, 8),
(263, 86, 20),
(264, 98, 1),
(265, 98, 3),
(266, 98, 16),
(269, 100, 3),
(270, 100, 4),
(271, 100, 5),
(272, 101, 3),
(273, 101, 6),
(274, 101, 9),
(277, 102, 1),
(278, 102, 3),
(279, 102, 4),
(280, 99, 3),
(281, 99, 4),
(282, 103, 1),
(283, 103, 2),
(284, 103, 16),
(288, 105, 4),
(289, 105, 8),
(290, 106, 7),
(291, 107, 5),
(292, 107, 8),
(293, 108, 3),
(294, 108, 5),
(295, 108, 16),
(296, 109, 5),
(297, 109, 8),
(298, 110, 4),
(299, 110, 5),
(300, 111, 5),
(301, 111, 14),
(302, 112, 3),
(303, 113, 3),
(304, 113, 5),
(305, 113, 8),
(306, 114, 7),
(307, 115, 5),
(308, 116, 3),
(309, 116, 6),
(310, 117, 1),
(311, 117, 10),
(312, 117, 16),
(313, 118, 4),
(314, 118, 5),
(315, 118, 14),
(316, 119, 3),
(317, 119, 8),
(318, 120, 5),
(319, 120, 7),
(320, 120, 11),
(321, 121, 1),
(322, 121, 5),
(323, 121, 10),
(332, 125, 5),
(342, 122, 5),
(343, 122, 8),
(344, 122, 20),
(345, 123, 3),
(346, 123, 5),
(347, 123, 8),
(348, 123, 20),
(349, 124, 5),
(350, 124, 20),
(351, 127, 1),
(352, 127, 5),
(353, 127, 8),
(354, 127, 20),
(355, 126, 2),
(356, 126, 5),
(357, 126, 16),
(358, 126, 17),
(359, 104, 1),
(360, 104, 3),
(361, 104, 16),
(362, 104, 17),
(363, 128, 3),
(364, 128, 4),
(365, 128, 6),
(366, 128, 17),
(367, 77, 5),
(368, 77, 18),
(369, 77, 21),
(370, 129, 5),
(371, 129, 8),
(372, 130, 5),
(373, 130, 16),
(374, 130, 17),
(375, 131, 3),
(376, 131, 5),
(377, 132, 3),
(378, 132, 20),
(379, 133, 1),
(380, 133, 4),
(381, 133, 16),
(382, 134, 4),
(383, 134, 5),
(384, 134, 10),
(385, 134, 15),
(390, 136, 1),
(391, 136, 15),
(392, 136, 16),
(393, 137, 5),
(394, 137, 15),
(395, 138, 5),
(396, 138, 15),
(397, 139, 5),
(398, 139, 7),
(399, 139, 15),
(403, 141, 5),
(404, 142, 5),
(405, 142, 18),
(406, 142, 21),
(407, 143, 5),
(408, 143, 8),
(409, 143, 16),
(410, 144, 3),
(411, 144, 5),
(412, 144, 18),
(413, 145, 5),
(414, 145, 8),
(415, 145, 11),
(424, 149, 3),
(425, 149, 8),
(426, 150, 3),
(427, 150, 5),
(428, 150, 8),
(431, 152, 1),
(432, 152, 5),
(433, 152, 11),
(435, 154, 5),
(436, 154, 12),
(437, 155, 4),
(438, 155, 5),
(439, 155, 14),
(445, 158, 10),
(446, 158, 14),
(447, 159, 1),
(448, 159, 3),
(455, 161, 5),
(456, 161, 18),
(457, 161, 21),
(461, 160, 4),
(462, 160, 5),
(463, 160, 10),
(464, 157, 5),
(465, 157, 12),
(466, 162, 5),
(467, 162, 18),
(468, 162, 21),
(475, 165, 3),
(476, 165, 9),
(477, 166, 5),
(478, 166, 12),
(479, 166, 18),
(483, 168, 5),
(484, 168, 12),
(488, 167, 5),
(489, 167, 14),
(490, 167, 21),
(491, 169, 5),
(492, 169, 12),
(496, 171, 5),
(497, 171, 9),
(498, 171, 18),
(499, 172, 5),
(500, 172, 14),
(501, 147, 5),
(502, 147, 18),
(503, 147, 21),
(504, 146, 5),
(505, 146, 8),
(506, 148, 4),
(507, 148, 5),
(508, 148, 18),
(509, 151, 3),
(510, 151, 5),
(511, 153, 5),
(512, 170, 5),
(513, 170, 6),
(514, 170, 8),
(515, 173, 5),
(516, 173, 18),
(517, 174, 3),
(518, 174, 8),
(519, 175, 5),
(520, 176, 4),
(521, 176, 5),
(522, 177, 5),
(523, 177, 8),
(524, 178, 5),
(525, 178, 8),
(526, 179, 4),
(527, 179, 5),
(528, 179, 18),
(529, 180, 1),
(530, 180, 5),
(531, 180, 16),
(532, 181, 3),
(533, 181, 5),
(534, 181, 8),
(535, 182, 4),
(536, 182, 5),
(537, 183, 5),
(538, 184, 4),
(539, 184, 5),
(540, 184, 10),
(541, 185, 3),
(542, 185, 4),
(543, 186, 4),
(544, 186, 5),
(545, 186, 14),
(546, 187, 4),
(547, 187, 5),
(548, 188, 4),
(549, 188, 5),
(550, 189, 4),
(551, 189, 5),
(552, 189, 6),
(553, 190, 11),
(554, 190, 16),
(555, 191, 5),
(556, 191, 18),
(557, 192, 4),
(558, 192, 5),
(559, 192, 16),
(560, 156, 1),
(561, 156, 5),
(562, 156, 17),
(563, 140, 5),
(564, 140, 12),
(565, 140, 18),
(594, 193, 2),
(595, 193, 3),
(668, 58, 1),
(669, 58, 4),
(670, 58, 5),
(671, 58, 14),
(672, 194, 3),
(673, 195, 3),
(674, 195, 4),
(675, 196, 3),
(676, 197, 3),
(677, 197, 11),
(678, 198, 5),
(679, 198, 7),
(680, 164, 3),
(681, 164, 5),
(682, 164, 9),
(683, 199, 3),
(684, 199, 5),
(685, 199, 17),
(692, 201, 2),
(693, 201, 3),
(694, 201, 17),
(695, 202, 2),
(696, 202, 3),
(697, 202, 16),
(701, 204, 2),
(702, 204, 3),
(703, 204, 16),
(704, 205, 2),
(705, 205, 3),
(706, 205, 16),
(707, 206, 2),
(708, 206, 3),
(709, 206, 16),
(710, 207, 2),
(711, 207, 3),
(712, 207, 5),
(713, 208, 2),
(714, 208, 3),
(715, 208, 16),
(719, 200, 2),
(720, 200, 3),
(721, 200, 16),
(722, 210, 2),
(723, 210, 3),
(724, 210, 16),
(728, 211, 2),
(729, 211, 3),
(730, 211, 16),
(731, 212, 2),
(732, 212, 3),
(733, 212, 17),
(734, 213, 2),
(735, 213, 16),
(736, 213, 17),
(737, 214, 2),
(738, 214, 3),
(739, 214, 16),
(740, 215, 5),
(741, 215, 10),
(742, 215, 14),
(743, 216, 5),
(744, 216, 7),
(745, 216, 10),
(746, 217, 5),
(747, 217, 12),
(748, 217, 18),
(749, 218, 1),
(750, 218, 5),
(751, 218, 14),
(752, 219, 7),
(753, 219, 14),
(754, 220, 1),
(755, 220, 6),
(756, 220, 16),
(757, 221, 1),
(758, 221, 5),
(759, 222, 5),
(760, 222, 11),
(761, 222, 14),
(762, 223, 5),
(763, 223, 6),
(764, 223, 10),
(765, 224, 1),
(766, 224, 4),
(767, 224, 14),
(768, 225, 1),
(769, 225, 4),
(770, 225, 14),
(771, 226, 1),
(772, 226, 4),
(773, 226, 14),
(777, 228, 5),
(778, 228, 9),
(779, 228, 21),
(783, 229, 5),
(784, 229, 8),
(785, 229, 11),
(786, 230, 4),
(787, 230, 5),
(788, 230, 10),
(789, 231, 4),
(790, 231, 5),
(791, 231, 10),
(792, 232, 5),
(793, 233, 5),
(794, 233, 17),
(795, 234, 5),
(796, 234, 10),
(797, 235, 4),
(798, 235, 13),
(799, 236, 12),
(800, 236, 13),
(801, 236, 18),
(802, 237, 7),
(803, 237, 14),
(804, 238, 5),
(821, 239, 1),
(822, 239, 4),
(823, 239, 14),
(824, 241, 3),
(825, 241, 4),
(826, 241, 5),
(827, 242, 5),
(828, 242, 8),
(829, 242, 14),
(830, 242, 16),
(831, 240, 10),
(832, 240, 11),
(833, 240, 16),
(837, 244, 13),
(838, 245, 5),
(839, 245, 10),
(840, 245, 14),
(841, 246, 5),
(842, 247, 5),
(843, 247, 13),
(848, 243, 3),
(849, 243, 5),
(850, 243, 9),
(851, 243, 18),
(852, 249, 3),
(853, 249, 5),
(854, 250, 1),
(855, 250, 4),
(856, 250, 6),
(857, 251, 1),
(858, 251, 3),
(859, 251, 16),
(860, 252, 5),
(861, 252, 8),
(862, 252, 9),
(869, 255, 4),
(870, 255, 7),
(871, 255, 14),
(872, 256, 1),
(873, 256, 6),
(874, 256, 16),
(881, 259, 3),
(882, 259, 16),
(883, 259, 17),
(884, 260, 5),
(885, 260, 7),
(886, 260, 11),
(887, 261, 1),
(888, 261, 7),
(889, 261, 16),
(890, 262, 3),
(891, 262, 16),
(892, 262, 17),
(896, 264, 2),
(897, 264, 3),
(898, 264, 17),
(899, 265, 5),
(900, 265, 7),
(901, 265, 10),
(902, 266, 3),
(903, 266, 5),
(904, 266, 17),
(905, 267, 3),
(906, 267, 7),
(907, 267, 16),
(908, 268, 3),
(909, 268, 5),
(910, 268, 17),
(911, 269, 7),
(912, 269, 10),
(913, 270, 4),
(914, 270, 5),
(915, 270, 16),
(916, 271, 7),
(917, 271, 14),
(918, 135, 1),
(919, 135, 15),
(920, 135, 16),
(921, 135, 18),
(922, 135, 21),
(923, 163, 4),
(924, 163, 5),
(925, 163, 18),
(926, 163, 21),
(927, 258, 5),
(928, 258, 17),
(929, 258, 20),
(933, 248, 7),
(934, 248, 14),
(935, 254, 3),
(936, 254, 5),
(937, 254, 8),
(938, 254, 20),
(939, 257, 2),
(940, 257, 3),
(941, 257, 16),
(942, 257, 17),
(943, 272, 5),
(944, 272, 9),
(945, 272, 18),
(946, 273, 14),
(947, 52, 3),
(948, 52, 5),
(949, 52, 12),
(950, 52, 18),
(951, 263, 1),
(952, 263, 5),
(953, 263, 12),
(954, 263, 17),
(955, 49, 3),
(956, 49, 6),
(957, 49, 16),
(958, 49, 17),
(959, 209, 2),
(960, 209, 3),
(961, 209, 6),
(962, 209, 16),
(963, 203, 2),
(964, 203, 6),
(965, 203, 16),
(966, 203, 17),
(967, 274, 5),
(968, 274, 18),
(969, 274, 21),
(970, 275, 1),
(971, 275, 5),
(972, 275, 14),
(973, 275, 21),
(974, 276, 5),
(975, 276, 18),
(976, 276, 21),
(977, 277, 5),
(978, 277, 9),
(979, 277, 21),
(980, 278, 5),
(981, 278, 18),
(982, 278, 21),
(983, 279, 5),
(984, 279, 14),
(985, 279, 18),
(986, 279, 21),
(987, 280, 1),
(988, 280, 5),
(989, 280, 18),
(990, 280, 21),
(991, 281, 1),
(992, 281, 5),
(993, 281, 8),
(994, 281, 21),
(995, 282, 6),
(996, 282, 8),
(997, 282, 9),
(998, 282, 17),
(999, 283, 4),
(1000, 283, 5),
(1001, 283, 14),
(1002, 283, 21),
(1003, 253, 1),
(1004, 253, 3),
(1005, 253, 16),
(1006, 284, 5),
(1007, 284, 9),
(1008, 284, 18),
(1009, 284, 21),
(1010, 285, 5),
(1011, 285, 8),
(1012, 285, 9),
(1013, 286, 5),
(1014, 286, 18),
(1015, 286, 21),
(1016, 287, 3),
(1017, 287, 5),
(1018, 287, 12),
(1019, 287, 18),
(1020, 288, 3),
(1021, 288, 6),
(1022, 288, 9),
(1023, 288, 17),
(1024, 289, 3),
(1025, 289, 8),
(1026, 289, 9),
(1027, 290, 3),
(1028, 290, 9),
(1029, 291, 6),
(1030, 291, 8),
(1031, 291, 16),
(1032, 291, 17),
(1033, 292, 4),
(1034, 292, 5),
(1035, 292, 13),
(1036, 292, 14),
(1037, 292, 18),
(1038, 293, 3),
(1039, 293, 12),
(1040, 294, 1),
(1041, 294, 4),
(1042, 294, 16),
(1043, 295, 3),
(1044, 295, 12),
(1045, 296, 5),
(1046, 297, 3),
(1047, 297, 5),
(1048, 297, 8),
(1049, 298, 3),
(1050, 298, 5),
(1051, 298, 12),
(1052, 298, 18),
(1053, 299, 5),
(1054, 299, 12),
(1055, 299, 17),
(1056, 299, 18),
(1057, 300, 13),
(1058, 300, 18),
(1059, 301, 13),
(1060, 302, 13),
(1061, 303, 1),
(1062, 303, 12),
(1063, 303, 13),
(1064, 304, 13),
(1065, 305, 13),
(1066, 306, 13),
(1067, 307, 13),
(1068, 308, 13),
(1069, 308, 17),
(1070, 309, 9),
(1071, 309, 13),
(1072, 309, 18),
(1073, 310, 13),
(1074, 311, 12),
(1075, 311, 13),
(1076, 311, 16),
(1077, 312, 12),
(1078, 312, 13),
(1079, 312, 14),
(1080, 313, 5),
(1081, 313, 18),
(1082, 313, 21),
(1083, 314, 5),
(1084, 314, 10),
(1085, 314, 14),
(1086, 314, 15),
(1087, 315, 5),
(1088, 315, 13),
(1089, 315, 18),
(1090, 315, 21),
(1091, 316, 1),
(1092, 316, 15),
(1093, 316, 16),
(1094, 316, 18),
(1095, 317, 1),
(1096, 317, 5),
(1097, 317, 15),
(1098, 318, 4),
(1099, 318, 5),
(1100, 318, 15),
(1101, 319, 1),
(1102, 319, 15),
(1103, 319, 16),
(1104, 319, 18),
(1105, 320, 1),
(1106, 320, 4),
(1107, 320, 5),
(1108, 320, 15),
(1109, 321, 5),
(1110, 321, 15),
(1111, 322, 5),
(1112, 322, 15),
(1113, 323, 1),
(1114, 323, 5),
(1115, 323, 15),
(1116, 323, 16),
(1117, 324, 3),
(1118, 324, 5),
(1119, 324, 9),
(1120, 324, 15),
(1121, 325, 1),
(1122, 325, 5),
(1123, 325, 15),
(1124, 325, 18),
(1125, 326, 5),
(1126, 326, 15),
(1127, 327, 8),
(1128, 327, 20),
(1131, 328, 8),
(1132, 328, 20),
(1133, 329, 5),
(1134, 329, 6),
(1135, 329, 7),
(1136, 329, 10),
(1137, 329, 11),
(1138, 329, 14),
(1139, 330, 5),
(1140, 330, 17),
(1141, 330, 18),
(1142, 331, 5),
(1143, 331, 7),
(1144, 331, 14),
(1145, 332, 4),
(1146, 332, 5),
(1147, 333, 5),
(1148, 334, 4),
(1149, 334, 5),
(1150, 334, 20),
(1154, 335, 5),
(1155, 335, 8),
(1156, 335, 11),
(1157, 335, 14),
(1158, 336, 3),
(1159, 336, 5),
(1160, 336, 8),
(1161, 337, 3),
(1162, 337, 5),
(1163, 337, 9),
(1164, 338, 1),
(1165, 338, 4),
(1166, 338, 14),
(1167, 339, 4),
(1168, 339, 5),
(1169, 339, 14),
(1170, 340, 4),
(1171, 340, 5),
(1172, 340, 18),
(1173, 341, 3),
(1174, 341, 5),
(1175, 342, 4),
(1176, 342, 5),
(1177, 342, 14),
(1178, 343, 7),
(1179, 343, 9),
(1180, 343, 14),
(1181, 344, 5),
(1182, 344, 7),
(1183, 345, 5),
(1184, 345, 7),
(1185, 345, 8),
(1186, 346, 7),
(1187, 346, 10),
(1188, 346, 14),
(1196, 46, 1),
(1197, 46, 4),
(1198, 46, 5),
(1199, 68, 1),
(1200, 68, 3),
(1201, 68, 4),
(1205, 44, 1),
(1206, 44, 11),
(1207, 44, 16),
(1208, 59, 1),
(1209, 59, 5),
(1210, 59, 11),
(1214, 39, 1),
(1215, 39, 11),
(1216, 39, 16),
(1217, 354, 1);

-- --------------------------------------------------------

--
-- Table structure for table `movies`
--

CREATE TABLE `movies` (
  `id` int(11) NOT NULL,
  `name` varchar(50) COLLATE utf8mb4_bin DEFAULT NULL,
  `image` mediumtext COLLATE utf8mb4_bin DEFAULT NULL,
  `poster` mediumtext COLLATE utf8mb4_bin DEFAULT NULL,
  `year` varchar(50) COLLATE utf8mb4_bin DEFAULT NULL,
  `description` mediumtext COLLATE utf8mb4_bin DEFAULT NULL,
  `movieType` int(11) DEFAULT NULL,
  `addedDate` datetime DEFAULT NULL,
  `rate` varchar(100) COLLATE utf8mb4_bin DEFAULT NULL,
  `length` int(11) DEFAULT NULL,
  `movieLink` mediumtext COLLATE utf8mb4_bin DEFAULT NULL,
  `englishLink` mediumtext COLLATE utf8mb4_bin DEFAULT NULL,
  `trailerLink` mediumtext COLLATE utf8mb4_bin DEFAULT NULL,
  `isDeleted` bit(1) DEFAULT NULL,
  `tagName` varchar(200) COLLATE utf8mb4_bin DEFAULT NULL,
  `imdb` varchar(20) COLLATE utf8mb4_bin DEFAULT NULL
) ENGINE=InnoDB DEFAULT CHARSET=utf8mb4 COLLATE=utf8mb4_bin;

--
-- Dumping data for table `movies`
--

INSERT INTO `movies` (`id`, `name`, `image`, `poster`, `year`, `description`, `movieType`, `addedDate`, `rate`, `length`, `movieLink`, `englishLink`, `trailerLink`, `isDeleted`, `tagName`, `imdb`) VALUES
(37, 'Tutsak', '/covers/Tutsak/1573493064.jpg', NULL, '2013', 'Maccachusetts eyaletinin Brockton bölgesinde, Şükran Günü\'nü kutlamak için bir araya gelen Dovers ve Birches aileleri her şeyin yolunda gittiği bu yemek esnasında korkunç bir haberle altüst olurlar. Gecenin ilerleyen saatlerinde ailelerin iki küçük kızlarının kaybolması sonrasında panik dolu anlar yaşanır. Saatler ilerler, ancak kızlar halen daha ortada yoktur ve durum kaçırılmış oldukları gerçeğini kuvvetlendirir. Polise başvursalar da hızlı ve nitelikli bir sonuç alamazlar. Keller Dover ise bir hayli panik içerisindedir ve polisin çabalarını yetersiz bulup adaleti kendi elleriyle aramaya karar verir. Genç ve başarılı dedektif Loki\'den de yardım isteyen genç adam, kendini suçlu ve masumun birbirine karıştığı oldukça şaibeli bir davanın içerisinde bulur.', 1, '2019-11-11 05:16:35', '16+', 153, '/movies/Tutsak/1573492586.mkv', NULL, NULL, b'0', 'Prisoners', ''),
(39, 'Kaptan Amerika: Kış Askeri', '/covers/KaptanAmerikaKAskeri/wxwt0pLxFZwKzy7pAu8WixadwqO.jpg', '/covers/KaptanAmerikaKAskeri/yHB0eNR8rvCpn0VdghEwBsXAC0N.jpg', '2014', 'Steve Rogers, nam-ı diğer Kaptan Amerika\'yı, Yenilmezler ile beraber New York\'ta yaşanan dehşet verici olayların hemen peşinden Washington D.C.\'de huzur içinde yaşarken ve çağdaş dünyaya uyum sağlamaya çalışırken buluyoruz. Fakat bu huzur fazla sürmeyecektir..S.H.I.E.L.D. azası bir arkadaşı saldırıya uğrayınca Steve, dünyayı tehlikeye atan bir entrika ağının içine çekilir. Kara Dul (Black Widow) ile güçlerini birleştiren Kaptan Amerika, kendisini susturmak için gönderilen profesyonel katillerle savaşırken bir yandan da gittikçe genişleyen bir komployu ortaya çıkarmak için çabalamaktadır. Bu kötü niyetli oyunun foyası alana çıkınca Kaptan Amerika ve Kara Dul yeni arkadaşları Falcon\'dan yardım isterler. Ancak kısa müddet sonra kendilerini hiç beklenmedik ve zorlu bir düşmanla; \"Kış Askeri\" ile karşı karşıya bulurlar.', 1, '2019-11-12 04:11:19', '13+', 136, '/movies/Kaptan Amerika: Kış Askeri/1573575076.mkv', '/', '/', b'0', 'Captain America: The Winter Soldier', '7.7'),
(40, 'Whiplash', '/covers/Whiplash/1573585472.jpg', NULL, '2014', 'Küçük yaşlardan itibaren bateri çalmaya başlayan Andrew, işinde tam anlamıyla bir usta olmak ister. Üniversite tercihinde de ülkenin en iyi müzik okulu olarak gördüğü Shcarffer Konservatuarı\'na girer. Henüz 19 yaşındadır ama dersler harici var gücüyle antrenman yapar. Bir gün, okulun en sert hocalarından biri olan caz duayeni Terence Fletcher\'ın dikkatini çeker. Fletcher Andrew\'ü okulun en parlak öğrencilerinin seçildiği ve sürekli yeni yarışmalara hazırlanan \"studio band\"e seçer. Başarısı kadar acımasızlığıyla da ün yapmış olan Fletcher, Andrew\'un kapasitesinin sonuna kadar kullanmadan asla başarmış saymayacaktır. Genç bateristin önünde sadece mesleki bir test değil, psikolojik bir sınav da vardır...', 1, '2019-11-12 07:04:32', '13+', 107, '/movies/Whiplash/1573585468.mkv', NULL, NULL, b'0', 'Whiplash', ''),
(41, 'İlk Yenilmez Kaptan Amerika', '/covers/İlk Yenilmez Kaptan Amerika/1573672661.jpg', NULL, '2011', 'Sene 1941 ve savaş dünyayı adaleyip kavırıyor. 40 kiloluk sıska, çelimsiz genç Steve Rogers, içinde silahlı güce katılmak için büyük bir ihtirası vardır. Defaatle üzerine düşeni yapmak üzere silahlı güce yazılmaya çalışmasına karşın reddedilir. Nihayetinde onu Kaptan Amerika denilen Süper Asker\'e dönüştürecek olan tecrübi bir programa kabul edilir.', 1, '2019-11-13 09:05:33', '12+', 124, '/movies/İlk Yenilmez Kaptan Amerika/1573635930.mkv', NULL, NULL, b'0', 'Captain America: The First Avenger', ''),
(42, 'Kız Kardeşler', '/covers/Kız Kardeşler/1573672580.jpg', NULL, '2015', 'Aileden yadigar kalan hanelerini elden çıkartmadan önce son bir büyük parti vermek için kolları sıvayan kız kardeşlerin öyküsünü perdeye taşıyan film, bir nevi \"kadın işi Hangover\" olma özelliği taşıyor.', 1, '2019-11-13 09:13:11', '16+', 118, '/movies/Kız Kardeşler/1573636388.mkv', NULL, NULL, b'0', 'Sisters', ''),
(43, 'Prestij', '/covers/Prestij/1573672632.jpg', NULL, '2006', '19.yy sonlarında Londra’da Robert Angier, sevgili eşi Julia McCullough ve Alfred Borden hem arkadaştırlar hem de bir sihirbazın asistanlarıdırlar. Bir gösteri esnasında Julia ölünce Robert, onun ölümünden Alfred’i suçlar ve birbirlerine düşman olurlar. Zaman içinde ikisi de hem ünlü olurlar hem de rakip sihirbazlara dönüşerek birbirlerinin sahne üstünde performansını sabote etmeye kalkışırlar.', 1, '2019-11-13 09:28:16', '14+', 130, '/movies/Prestij/1573637292.mkv', NULL, NULL, b'0', 'The Prestige', ''),
(44, 'Mad Max: Fury Road', '/covers/MadMaxFuryRoad/sQuxceRcV3cxKH5CAnAUZe0qFKS.jpg', '/covers/MadMaxFuryRoad/nlCHUWjY9XWbuEUQauCBgnY8ymF.jpg', '2015', 'Yine de bir şekilde kendini Furiosa adlı liderlerinin peşinde çorak topraklardaki savaş ortamından, sürekli kaçarak hayatta kalmaya çalışan bir grubun arasında bulur. Yaşadıkları ortamı zalimce yöneten Immortan Joe’dan kaçmaktadırlar ve Joe kendisinden çalınan ve yeri doldurulamayacak derecede önemli kaybının peşindedir.', 1, '2019-11-13 09:45:43', '16+', 120, '/movies/Mad Max: Fury Road/1573638340.mkv', NULL, NULL, b'0', 'Mad Max: Fury Road', ''),
(45, 'Ejderha Dövmeli Kız', '/covers/Ejderha Dövmeli Kız/1573661825.jpg', NULL, '2011', 'İsveç’in zengin endüstri patronları arasında yer alan Henrik Vanger ise, çok sevdiği ve uzun zamandır kayıp olan yeğeni Harriet’ın ortadan kaybolmasının ardındaki gerçeği aydınlatması için gazeteci Blomkvist\'i görevlendirir. Başı zaten dertte olan gazeteci, yeğenin ölümünden muhtemelen sorumlu olan ailenin malikanesine doğru yol alır. Bu sırada, Milton Güvenlik adına çalışan sıra dışı \"hacker\" Lisbeth Salander (Rooney Mara) da Blomkvist’in geçmişini araştırmakla görevlendirilir. Yolları kesişen ikili geçmişten bugüne uzanan bir cinayetler zincirini çözmeye çalışırken, aralarında hassas bir güven köprüsü de oluşacaktır...', 1, '2019-11-13 04:17:05', '18+', 158, '/movies/Ejderha Dövmeli Kız/1573661822.mkv', NULL, NULL, b'0', 'The Girl with the Dragon Tattoo', ''),
(46, 'Tam Gaz', '/covers/Tam Gaz/rmnQ9jKW72bHu8uKlMjPIb2VLMI.jpg', '/covers/Tam Gaz/yir5430WblZSZuIMd9C6pIZerfA.jpg', '2017', 'Baby genç yaşına rağmen oldukça deneyimli bir sürücüdür. Genç görünümü yüzünden Baby lakabını alan adam banka soyguncuları için sürücülük hizmeti vermektedir. Banka soygununun ardından kaçış için sürücülük yapan adamın yolu bir gün bir suç lideri ile kesişir ve onun için çalışmak zorunda kalır. Ancak girdiği bu iş başarısız olmaya mahkum bir soygundur. İşler ters gittiğinde peşine düşen farklı farklı insanlardan kaçmak zorunda kalır...', 1, '2019-11-13 06:23:59', '15+', 113, '/movies/Tam Gaz/1573669436.mkv', '/', '/', b'0', 'Baby Driver', ''),
(47, 'O', '/covers/O/1573671478.jpg', NULL, '2017', 'Maine\'in küçük bir kasabasında yaşayan 7 çocuğu ele alıyor. Bu yedi arkadaş okullarında dışlanan bir gruptur. Ancak en büyük sorunları bu değildir. Arkadaşlar bir yandan hayatın getirdiği sorunlarla, bir yandan da ergenlikle uğraşırken, başlarına beklemedikleri bir bela daha açılır. Kurbanlarının korkularına göre şekle girebilen Pennywise, ürkütücü bir palyaço kılığında bu 7 çocuğa dehşet saçmaya başlar. Artık okuldaki sorunları, verecekleri hayatta kalma mücadelesine oranla bir hayli önemsiz kalacaktır...', 1, '2019-11-13 06:57:58', '15+', 142, '/movies/O/1573671475.mkv', NULL, NULL, b'0', 'It', ''),
(48, 'Ex Machina', '/covers/Ex Machina/1573671914.jpg', NULL, '2014', 'Henüz 24 yaşındaki Caleb, sadece Silikon Vadisi\'nin değil dünyanın da en önemli teknoloji şirketinde yazılım uzmanı olarak çalışmaktadır. Şirketin gizemli CEO’su Nathan ise hem şirketten hem insanlardan uzakta, özel bir dağ evinde yaşamaktadır. Caleb, düzenlenen bir yarışmada, Nathan\'ın dağ evinde 1 haftalık bir \'ödül\' kazanır. Fakat içine çekileceği deneyden habersizdir. \'Ava\' adında güzel bir robot kızın bedeninde, dünyanın ilk gerçek yapay zekası Caleb\'i beklemektedir.', 1, '2019-11-13 07:05:14', '15+', 108, '/movies/Ex Machina/1573671911.mkv', NULL, NULL, b'0', 'Ex Machina', ''),
(49, 'Charlie’nin Çikolata Fabrikası', '/covers/Charlie’nin Çikolata Fabrikası/1573675901.jpg', NULL, '2005', 'Son derece sıra dışı bir yapıya sahip olan Willy Wonka’nın bir çikolata fabrikası vardır. Bu fabrikayı, kendisinden sonrası için bırakabileceği birini aramaktadır. Bir değerlendirme yapabilmek için yarışma düzenler. Önce eğitecek sonra da zamanla yerini devredecektir. 5 çocuk seçer. Bunlardan birisi Charlie’dir. O fakir bir aileden gelen bir çocuktur. Diğerleri ile birlikte çikolata fabrikasını gezerler. Charlie’nin orada görecekleri, çok etkileyecek ve onu Wonka’nın hayal alemine çekecektir.', 1, '2019-11-13 08:11:41', '6+', 115, '/movies/Charlie’nin Çikolata Fabrikası/1573675898.mkv', NULL, NULL, b'0', 'Charlie and the Chocolate Factory', ''),
(50, 'Creed: Efsanenin Doğuşu', '/covers/Creed: Efsanenin Doğuşu/1573676338.jpg', NULL, '2015', 'Kimsesiz Adonis bir yetimhanede günlerini geçiren, aslında iyi bir çocuk olmasına rağmen kavgacılığı ile tanınan bir yetimdir. Bir gün babasını tanıdığını söyleyen bir kadın onu ziyarete gelir ve kendisini yetimhaneden çıkartmak istediğini söyler. Babasının resmi nikahlı ama artık dul eşi olan bu kadın Mary Anne Creed\'dir; Adonis\'in babası ise efsanevi boksör Apollo Creed\'den başkası değildir! Üvey annesinin himayesinde gayet iyi bir yaşama kavuşan Adonis, önündeki tüm iyi yaşam fırsatlarına rağmen tek bir arzu ile yanıp tutuşmaktadır; babası gibi boksör olmak! Kendisine karşı gelenlere inat babasının en yakın arkadaşı ve rakibi olan Rocky Balboa\'nın kapısını çalar.', 1, '2019-11-13 08:18:58', '15+', 134, '/movies/Creed: Efsanenin Doğuşu/1573676335.mkv', NULL, NULL, b'0', 'Creed', ''),
(51, 'Parçalanmış', '/covers/Parçalanmış/1573681370.jpg', NULL, '2016', 'Çoklu Kişilik Bozukluğu\'ndan mustarip genç adam Kevin\'ın 23 ayrı alter egosu vardır. Bu alter egoları arasında en baskın olanı da suça meyilli olan bir karakterdir. Market çıkışında 3 kız kardeşi kaçıran Kevin onları bodrumuna hapseder. Farklı alter egoları aracılığıyla kızlarla farklı ilişkiler kuran adam kızların varlığı ile yavaş yavaş dağılmaya başlar. Farklı alter egolarının çarpışması ile iyice kafası karışmaya başlayan Kevin tehlikeli bir hal alır. Kızlar kurtulmanın yolunu ararken hem Kevin\'ın tehlikeli alter egolarını tetiklemekten kaçınmaya hem de onun iyi niyetli alter egoları aracılığıyla kaçış yolunu bulmaya çalışırlar.', 1, '2019-11-13 09:42:51', '15+', 117, '/movies/Parçalanmış/1573681367.mkv', NULL, NULL, b'0', 'Split', ''),
(52, 'Kartal Eddie', '/covers/Kartal Eddie/1573745168.jpg', NULL, '2016', 'Kartal Eddie, İngiltere tarihindeki en ünlü kayak atlamacı Michael Edwards nam-ı değer Eddie the Eagle’ ın ilham verici üstün başarısını konu ediniyor. Edwards’ın spora ‘asla ölüm deme’ yaklaşımı tasvir edilir. Eddie kayakla atlamaya başlamadan once bir çok spor dalında şansını dener. 1984 Kış Olimpiyatları\'nda İngiliz takımına giremez ve dalını kayakla atlama olarak değiştirir. Film aynı zamanda Edwars’ın sıra dışı ihtimaller ve mücadeleler karşısındaki insani ruhunu ve direncini kutlar.', 1, '2019-11-14 03:26:08', '12+', 105, '/movies/Kartal Eddie/1573745165.mkv', NULL, NULL, b'0', 'Eddie the Eagle', ''),
(53, 'Kapan', '/covers/Kapan/1573746773.jpg', NULL, '2017', 'Chris sıradan bir siyahi gençtir. Sevgilisi Rose ile mutlu bir ilişkisi vardır. Rose bir gün Chris\'i ailesinin mülküne davet eder. Avrupalı Amerikalı sevgilisinin ailesinde bir tuhaflık olduğunu sezen Chris bir süre sonra mülkte kalmakta olan siyahi kişilerin bir bir kaybolduğunu öğrenir. Bunun üzerine tuz biber olan şey ise başka bir siyahi adamın kendisine iş işten geçmeden gitmesi yönündeki uyarısı olur. Chris bir şeylerin ters gittiğini sezmeye başladığında kurtulması sandığından çok daha zor olacaktır...', 1, '2019-11-14 03:52:53', '15+', 104, '/movies/Kapan/1573746770.mkv', NULL, NULL, b'0', 'Get Out', ''),
(54, 'Milyonluk Bebek', '/covers/Milyonluk Bebek/1573748512.jpg', NULL, '2004', 'Milyonluk Bebek\'te Frankie Dunn, tüm hayatını ring üzerinde dehşet dövüşçüler yetiştirerek geçirmiştir. Boksörlerine öğrettiği en önemli ders hayatın temel kuralıdır : Her şeyin ötesinde daima kendini koru! Zaman içinde kızından kopmanın acısı ile uyanışa geçen Frankie, uzun zamandır hiç kimseyle fazla yakınlaşmayı tercih etmeyen bir adamdır. Frankie’nin salonuna bakan tek arkadaşı eski boksör Scrap, onun hırçın mizacının ardında 25 yıldır affedilmeyi bekleyen bir adamın var olduğunu bilir. Bir gün Maggie Fitzgerald kapıdan içeri girer ve boks öğrenmek istediğini söyler.', 1, '2019-11-14 04:21:52', '12+', 132, '/movies/Milyonluk Bebek/1573748510.mkv', NULL, NULL, b'0', 'Million Dollar Baby', ''),
(55, 'Başlangıç', '/covers/Başlangıç/1573748910.jpg', NULL, '2010', 'Başlangıç, doğaüstü ve büyülü gerçekçi tonları, bilim kurgu ve fantazmatik sinema estetiği ile harmanlayan ilginç senaryosuyla, Leonardo DiCaprio\'nun üst düzey performans sergilediği değişik bir film. Bu yapımda sanatçı, çok yetenekli bir hırsız olan \"Dom Cobb \" ile karşımızda. Uzmanlık alanı, zihnin en karanlık ve savunmasız olduğu rüya görme anında, bilinçaltının derinliklerindeki değerli sırları çekip çıkarmak ve onları çalmaktır. Cobb\'un bu nadir insanlarda görülebilecek yeteneği, bu ender rastgelinebilecek mahareti, onu kurumsal casusluğun tehlikeli yeni dünyasında aranan bir oyuncu yapmıştır. Aynı zamanda bu durum onu uluslararası bir kaçak yapmış ve sevdiği herşeye malolmuştur. Cobb\'a içinde bulunduğu durumdan kurtulmasını sağlayacak bir fırsat sunulur. Ona hayatını geri verebilecek son bir iş; tabi eğer imkansız ?başlangıç\'ı tamamlayabilirse. Mükemmel soygun yerine, Cobb ve takımındaki profesyoneller bu sefer tam tersini yapmak zorundadır; görevleri bir fikri çalmak değil onu yerleştirmektir. Eğer başarırlarsa, mükemmel suç bu olacaktır.', 1, '2019-11-14 04:28:30', '13+', 148, '/movies/Başlangıç/1573748906.mkv', NULL, NULL, b'0', 'Inception', ''),
(56, 'Sevginin Gücü', '/covers/Sevginin Gücü/1573751296.jpg', NULL, '1994', 'Sevginin Gücü, masum bir kız ve bir katilin hikayesini anlatıyor. Onların birbirlerinden başka kaybedecek hiçbir şeyleri yok. Erkek duygusuzca öldürüyor. Zayıf noktasını sadece 12 yaşındaki bir kız biliyor.12 yaşında New York’ta yaşayan Mathilda, üvey ailesinin yanında sevimsiz bir yaşamı paylaşmaktadır. Babası, iki taraflı oynayan bozulmuş polis için uyuşturucu saklamaktadır. Mathilda’yı kaçıp gitmekten tek alıkoyan küçük erkek kardeşidir. Bir gün, tüm ailesinin katledeildiği zaman alışverişte olan Mathilda şans eseri hayatta kalır ve en çok ihtiyacı olduğu sırada Léon’un dairesine saklanarak kendini kurtarır.', 1, '2019-11-14 05:08:16', '16+', 103, '/movies/Sevginin Gücü/1573751294.mkv', NULL, NULL, b'0', 'Leon', ''),
(57, 'Limit Yok', '/covers/Limit Yok/1573760892.jpg', NULL, '2011', 'Yaşamı pek de parlak olmayan Eddie, New York\'ta düzensiz bir hayat yaşayan ve pek de başarılı sayılmayacak bir yazardır. Kız arkadaşından ayrıldığı bir gün yolda eski bir arkadaşıyla tanışan Eddie\'nin hayatı tamamen değişecektir. Eski arkadaşından aldığı bir hap, Eddie\'nin beyninin tam kapasite çalışmasını sağlıyordur. Bu ilaç sayesinde eski dünyası değişen, hayata farklı bir gözle bakmaya başlayan Eddie paraya, çekiciliğe ve yüksek bir zekaya sahip olur. Ama aradan çok zaman geçmez, bu yüksek güçün yan etkilerinin ortaya çıkması gecikmez...', 1, '2019-11-14 07:48:12', '13+', 105, '/movies/Limit Yok/1573760889.mkv', NULL, NULL, b'0', 'Limitless', ''),
(58, 'La Casa de Papel', '/covers/La Casa de Papel/1573945632.jpg', NULL, '2017', 'Profesör olarak adlandırılan bir suç dehası, tarihin en büyük soygununu yapmayı planlar. Amacı İspanya Kraliyet Darphanesine girmektir. Bunun için de işlerinde uzman olan 8 suçludan oluşan bir ekip kurar. Ekip, 5 aylık bir eğitim sürecinden geçer ve bu sürede her ihtimali hesaba katarak soygunu kusursuz bir hale getirirler. Artık her şey hazırdır. 8 kişi, rehineleri de yanlarına alarak kendilerini İspanya Kraliyet Darphanesine kilitler. Fakat hiç hesaba katmadıkları olaylar gerçekleşir.', 2, '2019-11-16 11:07:12', '16+', 0, NULL, NULL, NULL, b'1', 'Money Heist', ''),
(59, 'V', '/covers/V/2ySXWBckQboalTZjhaLWRqc3gCN.jpg', '/covers/V/hIZrdvAfH74H3vxrE3s40kOrS96.jpg', '2005', 'V,  2020 yılında ve İngiltere’de geçiyor. Ülke, son derece baskıcı bir toplum düzenini yaşamaktadır. Türlü yasaklar ve engellerle idare edilen halk, şiddet yanlısı bir konuma gelmiştir. Bu kargaşanın orta yerinde görünen gizemli V, belaya bulaşmış masum bir kadın olan Evey’i kurtarır. Ancak bu kurtarış, tam da ulusun kurtuluşunu temsil eder çünkü onun davranışı aslında toplumun uyanışını tetikleyen ve başkaldırıyı başlatan unsurdur. Tam da bu sebeple artık insanlık adına bir ayaklanma zamanıdır.', 1, '2019-11-18 03:57:54', '16+', 130, '/movies/V/1574092672.mkv', '/', '/', b'0', 'V for Vendetta', '8.2'),
(60, 'Diktatör', '/covers/Diktatör/1574093160.jpg', NULL, '2012', 'O, ülkesine demokrasinin gelmesini engellemek için her koşulla, her engelle sonuna kadar mücadele eden ve direnen diktatör General Aladeen! Gerekirse ülkesinin dilinde yüzlerce sözcüğü kendi adıyla değiştirebilir ya da olimpiyatlarda şampiyon gelmek için her atleti vurabilir!\r\nAmerikan televizyon dünyasının çılgın Borat\'ı Sacha Baron Cohen, son bombası Brüno\'dan sonra \"Diktatör\" ile sinema perdesine dönüyor. Tiranlık kuran bir diktatörün yapabileceği ve neden olabileceği bütün saçma sapan olayları en absürt noktaya taşıyan filmin yönetmenliğini ve yapımcılığını önceki filmlerinde de beraber çalıştığı Larry Charles üstleniyor.', 1, '2019-11-18 04:06:00', '15+', 83, '/movies/Diktatör/1574093157.mkv', NULL, NULL, b'0', 'The Dictator', ''),
(61, 'Yukarı Bak', '/covers/Yukarı Bak/1574094205.jpg', NULL, '2009', 'Maceracı doğan ve hayattaki her şeye dair çocuksu saf meraklar barındıran Ellie’nin tek hayali dünyayı gezebilmektir. Carl ise sessizliği ve dinginliğiyle örttüğü maceraperestliği ve kocaman kalbiyle Ellie’nin tek isteğini gerçekleştirebilmeyi dilemektedir. İki küçük çocuk büyür, evlenir, yaşlanır... Ölüm Ellie’nin kapısını çalar, Carl ise sevdiğinden kalan tek şeyi, bu çocuksu hayali gerçekleştirmeye koyulur.', 1, '2019-11-18 04:23:25', '7+', 95, '/movies/Yukarı Bak/1574094202.mkv', NULL, NULL, b'0', 'Up', ''),
(62, 'Umut Işığım', '/covers/Umut Işığım/1574096385.jpg', NULL, '2012', 'Eski bir tarih öğretmeni olan Pat Salitano (Bradley Cooper), yaşamında değer verdiği her şeyi bir günde yitirmiş bir adamdır. yaşadığı ciddi bir travma sonrası patlar ve ardından mahkeme kararı ile 8 ay rehabilitasyon merkezinde tedavi görür. Çıktıktan sonra hayatını düzene koymak şartıyla ailesinin evine geri yerleşen Pat\'in yegane amacı düzgün bir adam olup, işini geri almak ve karısı Vicky\'yi bu sayede geri kazanmaktır.\r\nFakat durum Pat için sandığından daha zor olacaktır. Bir yemekte, aile dostu Tiffany ile karşılaşan Pat, genç kadınla eski eşine ulaşmak amacıyla yakınlaşır. Bir \'iyilik\' karşılığı Pat\'e yardım teklif eden Tiffany, her ikisi içinde umut ışığı olacak yeni bir kapı açacaktır...', 1, '2019-11-18 04:59:45', '12+', 112, '/movies/Umut Işığım/1574096382.mkv', NULL, NULL, b'0', 'Silver Linings Playbook', ''),
(63, 'Lucy', '/covers/Lucy/1574101024.jpg', NULL, '2014', 'Tayvan\'ın başkenti Taipei\'nin suça batmış yeraltı dünyası sokak çeteleri, mafya ve işbirlikçi polisler tarafından yönetilirken en aktif ticaret, uyuşturucu ağı üzerinden yürütülür. Eğlenmeyi seven, sıradan bir genç kadın olan Lucy, birkaç gece beraber takıldığı Richard yüzünden kendisini bir anda en azılı uyuşturucu şebekelerinin birinin içine düşmüş bulur. Vücudunun içine kurye olması için yerleştirilen yeni bir tür sentetik uyuşturucu, beklenmedik bir şekilde Lucy\'nin vücuduna nüfuz edip kanına karışmaya başlayınca mucizevi bir durumla yüzleşir. Lucy\'in damarlarında dolaşan kimyasallar, ona insanüstü yetenekler kazandırmıştır! Artık akıl okuma, telekinezi ve acıyı hissetmeme gibi güçlere sahip olan genç kadın beyinin tüm algı kapılarını sonuna kadar açacaktır...', 1, '2019-11-18 06:17:04', '15+', 89, '/movies/Lucy/1574101021.mkv', NULL, NULL, b'0', 'Lucy', ''),
(64, 'Into the Wild', '/covers/Into the Wild/1574101306.jpg', NULL, '2007', 'Önemli bir üniversiteden dereceyle mezun olan Christopher aynı zaman başarılı bir atlettir de. Mezuniyet sonrası verilen bir davette ailesine istediği hayatın bu olmadığını, bir şeylerin eksik ve yanlış olduğunu söyler. Genç adam tüm mal varlığını hayır kurumuna bağışlayıp sahip olduğu her şeyi evinde bırakarak bambaşka bir hayata doğru uzun bir yolculuğa çıkar. Alaska’nın ıssız ormanlarında sona eren bu yolculuk esnasında ve sonrasında Christopher, hayatını kökünden değiştirecek bazı kişilerle tanışarak, hayatın anlamını ve ölümün kaçınılmazlığını en sert haliyle deneyimleyecektir.', 1, '2019-11-18 06:21:46', '15+', 147, '/movies/Into the Wild/1574101303.mkv', NULL, NULL, b'0', 'Into the Wild', ''),
(65, 'Truman Show', '/covers/Truman Show/1574101472.jpg', NULL, '1998', 'Dünyanın en güzel adalarından birinde yaşayan halk imrenilecek derecede ütopik bir hayat sürmektedir. Bu adada yaşayan insanlar her güne mutlu uyanıp herhangi bir sorunla karşılaşmadan günü sonlandırıyorlardır. Başkarakterimiz Truman da bu şanslı insanlardan biridir. Güzel bir eşe ve mutlu bir hayata sahip olan Truman, bir gün öldüğünü zannettiği babasını bir gün caddede gördüğü ana kadar hayatı olduğu gibi yaşar. Babasını gördüğüne emindir ancak adam bir anda ortalıktan kaybolmuştur. İlerleyen günlerde çeşitli gizemli anlar yaşayan Truman bir şeylerin yolunda gitmediğini fark edecek, sahip olduğu hayatın gerçek olup olmadığını anlamaya çalışacaktır.', 1, '2019-11-18 06:24:32', '12+', 103, '/movies/Truman Show/1574101469.mkv', NULL, NULL, b'0', 'The Truman Show', ''),
(66, 'Kazanma Sanatı', '/covers/Kazanma Sanatı/1574101763.jpg', NULL, '2011', '\'Oakland A\' beysbol takımının başındaki isim olan Billy Beane (Brad Pitt) , kısıtlı bir bütçe ile resmen yoktan bir takım var ederek zengin kuluplere meydan okuyor. Fakat bunu yaparken de beysbol sporunun temel inançlarını baştan aşağıya sarsıyor. Onun yöntemleri kabul görmese, hatta delilik diye nitelendirilse de, Beane inancını ve azmini yitirmeden bildiği yönde ilerlemeye devam ediyor...', 1, '2019-11-18 06:29:23', '12+', 133, '/movies/Kazanma Sanatı/1574101760.mkv', NULL, NULL, b'0', 'Moneyball', ''),
(67, 'Hancock', '/covers/Hancock/1574101959.jpg', NULL, '2008', 'Süper kahraman, güçlü John Hancock, alkolizm ve beceriksizliğinden ötürü imajını yitirmiş ve halk arasında espri konusuna dönüşmüştür. Aynı zamanda da Los Angeles’daki en sevilmeyen kişi haline gelmiştir. Birçok hayat kurtarmış olmasına rağmen aynı zamanda şehre milyarlara mal olacak miktarlarda hasar verip, kayıp yaşatmıştır. Bir gün, Ray Embrey adında bir halkla ilişkiler uzmanının hayatını, üzerine doğru gelen trenden kurtardığında, Ray’in müdürü ona minettar olup yeniden Hancock’ın süper kahraman imajını geri getirebileceğine karar verir. Hancock’ı akşam yemeği için evine getirir ve kendisinin büyük fanatiği olan oğlu Aaron ve karısı Mary ile tanıştırır. Ancak bilinmeyen bir nedenden ötürü Mary, onu ne kendisinin ne de ailesinin yakınında istemektedir.', 1, '2019-11-18 06:32:39', '15+', 92, '/movies/Hancock/1574101956.mkv', NULL, NULL, b'0', 'Hancock', ''),
(68, 'Çakma Polisler', '/covers/Çakma Polisler/37ZmVFhZFh0JkdpzMXSQpofNRcq.jpg', '/covers/Çakma Polisler/yGmLWrkRjVSKYJ9l77OTYE9zhyi.jpg', '2014', 'Ryan ve Justin oyuncu olmaya çalışan ancak her seferinde çuvallayan iki kafadardır. Son başarısızlıklarının ardından soluğu arkadaşlarının düzenlediği kostüm partisinde alan ikili polis kostümleriyle mekana giriş yaparlar. İçeriye girdiklerinde bunun maskeli balo olduğunu fark edip partiyi terk ederler. Üzerlerindeki polis kıyafetlerini gören sokaktaki insanlar iki arkadaşı gerçek birer polis zanneder ve ikili yaşanan bazı olayların ardından bir nevi birer kahraman haline gelir. Ryan ve Justin üzerlerindeki üniformaların ne denli etkileyici göründüğünü kısa bir süre içinde fark eder ve bu oyunu bir süre daha devam ettirmeye karar verirler. Ancak bir noktadan sonra artık üniformalarını sokakta yürüyen insanlara değil, gerçek suçlulara karşı kullanmak zorunda kalırlar.', 1, '2019-11-18 06:38:30', '13+', 104, '/movies/Çakma Polisler/1574102307.mkv', '/', '/', b'0', 'Let\'s Be Cops', ''),
(69, 'Büyük Budapeşte Oteli', '/covers/Büyük Budapeşte Oteli/1574102831.jpg', NULL, '2014', 'Büyük Budapeşte Oteli 20. yüzyılın başlarında iki savaş arasındaki dönemde geçmektedir. Hikayede, Avrupa\'nın hayali Zubrowka şehrinde bulunan Büyük Budapeşte Oteli\'nin ihtişamlı dönemine tanık oluyoruz. Gustave H, otelin işleyişini büyük bir profesyonellikle idare eden, müşterilerini dahi en ince ayrıntılarına kadar tanıyan bir konsiyerj görevlisidir. Bir gün otele bellboy ve komi görevlisi olarak Zero Mustafa adında genç bir adam gelir ve kısa zamanda aralarında yakın bir arkadaşlık başlar. İkili birbirlerinin sırdaşı olurken yaşadıkları şehir de büyük bir savaşa doğru sürüklenmektedir. Bu esnada Gustave\'ın yaşlı sevgilisi Madame D. esrarengiz bir şekilde hayata veda eder, ikili Madame D.\'ye veda etmek için yola çıkar. Bir asilzade olan Madame D.\'nin şatosuna vardıklarında miras bölüşümünün yapıldığı toplantıya denk gelirler. Madame D., Gustave\'a miras olarak paha biçilmez bir Rönesans tablosu bırakmıştır ve bunun açıklanmasıyla aile içerisinde büyük bir karmaşa çıkar. Bu andan itibaren belalarla dolu bir maceraya atılan Gustave ve Zero, gerçeklerin peşinde koşarken dışarıda da bir çağ değişmektedir…', 1, '2019-11-18 06:47:11', '13+', 100, '/movies/Büyük Budapeşte Oteli/1574102828.mkv', NULL, NULL, b'0', 'The Grand Budapest Hotel', ''),
(70, 'Operasyon: Argo', '/covers/Operasyon: Argo/1574103107.jpg', NULL, '2012', '1979 yılında 4 Kasım tarihinde Şah\'ın devrildiği İran devriminin en yoğun günlerinde, militanlar başkent Tahran’daki Amerikan Büyük Elçilik binasına girip 52 Amerikalı’yı rehin alırlar. O hengamede kaçmayı başaran 6 Amerikan vatandaşı Kanada Elçiliği’ne sığınır ve hayatları halen tehlikededir. Her an yakalanma ve öldürülme tehlikesiyle karşı karşıyadırlar. CIA uzmanı Tony Mendez bu Amerikan vatandaşlarını kurtarmak amacıyla bir film senaryosuna yakışır oldukça riskli bir plan hazırlar...', 1, '2019-11-18 06:51:47', '15+', 119, '/movies/Operasyon: Argo/1574103104.mkv', NULL, NULL, b'0', 'Argo', ''),
(71, 'İçerideki Adam', '/covers/İçerideki Adam/1574103519.jpg', NULL, '2006', 'Hücrede yatan bir adam, planladığu kusursuz banka soygununu anlatarak, izleyiciyi bu soygunu seyretmeye davet eder. Olaylar zincirinin en başında her şey aslında herhangi bir hırsızlık gibi başlar. Hal böyle olunca boyacı kılığındaki soyguncular, elli kişiyi rehin aldığında polis de gerekenleri yapar. İki dedektifi bu adamlarla anlaşmak üzere görevlendirir. Ne yazık ki olaylar ilerledikçe bu dedektifler, hırsızların gerisinde kalırlar. Hızla tüm çareler tükenmeye başlar. Ortada öyle tuhaf olaylar gelişmektedir ki hırsızların esas amacının sadece bankayı soymak olmayabileceğine dair şüpheler oluşmaya başlar.', 1, '2019-11-18 06:58:39', '15+', 130, '/movies/İçerideki Adam/1574103516.mkv', NULL, NULL, b'0', 'Inside Man', ''),
(72, 'Brawl in Cell Block 99', '/covers/Brawl in Cell Block 99/1574103762.jpg', NULL, '2017', 'Araba tamircisi olarak çalışırken işini kaybeden ve evliliği kötüye giden eski boksçu Bradley hayatının dönüm noktasındadır. Uyuşturucu kuryesi olarak çalışan eski bir arkadaşı için çalışmaktan başka bir yol bulamaz. Durumu başlarda iyiye gider, ta ki acımasız arkadaşları ile bir grup polisin çatışması arasında kalana kadar. Ortalık sakinleştiğinde, kendini hapishanenin içinde bulur. Düşmanları onu şiddet uygulamaya mecbur bırakır ve bu da hapishaneyi vahşi bir savaş alanı haline getirir.', 1, '2019-11-18 07:02:42', '15+', 132, '/movies/Brawl in Cell Block 99/1574103759.mkv', NULL, NULL, b'0', 'Brawl in Cell Block 99', ''),
(73, 'Abimm', '/covers/Abimm/1574270664.jpg', NULL, '2009', 'Çetin\'in tüm önemsediği paradır. Yıllar sonra kardeşine kavuşmuş ve bu beklenmedik buluşma, ilk etapta Çetin\'i bir hayli sarsmıştır. Çünkü kardeşinin aklı eksik de olsa, ona sahip çıkması gerekmektedir. İşte Abiim adlı bu yapım, sahiplenmenin, bağıra basmanın hikayesidir. Aklı fikri para olmuş Çetin\'in, aile değerlerini yeniden keşfetmesinin hikayesidir. Abimm, paraya ve güce tapan insanoğlunun, macera dolu, acıklı güldürüsünün hikayesidir. Bol aksiyonlu, komedisi ve ağır da dramı olan, sıcacık bir aile filmi. İzleyicileri acıklı bir komedi bekliyor.', 1, '2019-11-20 05:24:24', '13+', 108, '/movies/Abimm/1574270662.mkv', NULL, NULL, b'0', 'Abimm', ''),
(74, 'Stajyer Mafya', '/covers/Stajyer Mafya/1574271065.jpg', NULL, '2014', 'Birol ve Ayhan birbirlerini çocukluktan tanıyan iki arkadaştır. Beceriksiz halleriyle de ün salmış olan ikilinin katıldığı bir düğün, hayatlarını tamamen alt üst edecektir. Birol\'u zamanında işsiz olduğu için terk eden sevgilisi Gamze, başkasıyla evlenmiştir. Düğünden ayrılırlarken görüntüleri İstanbul2un en azılı mafya üyelerine benzeyince işler karışmaya başlar. Artık Ayhan ve Birol, istemeden de olsa yeraltı dünyasının içine girmişlerdir. Ancak bu dünyaya dair öğrenmeleri gereken çok şey vardır. Saflıklarıyla beceriksizlikleri birleşince, birbirinden komik maceraların üst üste gelmesi an meselesi olur.', 1, '2019-11-20 05:31:05', '13+', 90, '/movies/Stajyer Mafya/1574271062.mkv', NULL, NULL, b'0', 'Stajyer Mafya', ''),
(75, 'Limonata', '/covers/Limonata/1574271266.jpg', NULL, '2015', 'Makedonya\'da yaşayan Suat eski bir tır şoförüdür ve ölümcül bir hastalık nedeniyle yatağa düşer. Oğlu Sakip\'i yanına çağırır ve ölmeden önceki tek arzusunu açıklar. Suat seneler önce İstanbul\'da imam nikahı kıyarak bir kadınla evlenmiştir ve bu evlilikten bir çocuğu olmuştur. Ancak Suat bebekken terk ettiği bu çocuğu hiç görememiştir. Ölmeden önce tek dileği Selim adındaki ikinci çocuğunu bulup ondan helallik istemektir. Buna göre oğlu Sakip\'ten İstanbul\'a gidip kardeşini bulmasını ister. Sakip babasının emektar arabasına atlayıp elinde yalnızca kardeşinin adı ve eski bir adresle İstanbul yollarına düşer.', 1, '2019-11-20 05:34:26', '13+', 110, '/movies/Limonata/1574271263.mkv', NULL, NULL, b'0', 'Limonata', ''),
(76, 'Aman Tanrım!', '/covers/Aman Tanrım!/1574271809.jpg', NULL, '2003', 'Tanınmış bir televizyon muhabiri olan Bruce Nolan\'ın hayatında her şey istediği gibi ilerlemiştir. İşlerin yolunda gitmediği bir günün sonunda, kendini kaybedip tanrıya isyan etmeye başlayan Nolan, hiç de beklemediği şekilde bir karşılık görür. Her sızlanmasında tuhaf olaylarla karşılaşan Bruce, bir gün sıradığı bir şekilde tanrıyla karşılaşır. Tanrı bir insan silüetinde Nolan\'a görünür ve bu şikayetçi kuluna sıradışı bir planla dersini vermeye karar verir.', 1, '2019-11-20 05:43:29', '13+', 101, '/movies/Aman Tanrım!/1574271806.mkv', NULL, NULL, b'0', 'Bruce Almighty', ''),
(77, 'Schindler’in Listesi', '/covers/Schindler’in Listesi/1574273924.jpg', NULL, '1993', 'Schindler’in Listesi, Oskar Schindler adlı bir Alman işadamının 2. Dünya Savaşı zamanında Polonya’da kurduğu fabrikada Yahudi işçileri çalıştırması ve bu sayede 1100 Yahudi’nin hayatını kurtarmasını konu alıyor. Gerçek bir hayat hikayesinden uyarlanan film, ünlü yönetmen Steven Spielberg’in en önemli yapıtları arasında sayılan ve ona Oscar kazandıran bir yapımdır.', 1, '2019-11-20 06:18:44', '15+', 195, '/movies/Schindler’in Listesi/1574273921.mkv', NULL, NULL, b'0', 'Schindler\'s List', ''),
(78, 'Bohemian Rhapsody', '/covers/Bohemian Rhapsody/1574274461.jpg', NULL, '2018', 'Bohemian Rhapsody, Queen grubuna, müziklerine, klişelere meydan okuyan ve kuralları yıkarak dünyanın en sevilen sanatçılarından biri haline gelen ikonik solistlerine bir saygı duruşu niteliği taşıyor. Film, simgeleşmiş şarkıları ve devrimci sesiyle grubun meteorik yükselişine, Mercury\'nin yaşam tarzının kontrolden çıkması ile çıkan iç çatışmaya ve yaşamını tehdit eden hastalığına rağmen Mercury\'nin rock müzik tarihinin en büyük performanslarından birinde gruba liderlik ettiği Live Aid konserinin arifesinde muzaffer birleşme sürecine yayılıyor. Bu süreçte de, her zaman bir aile gibi olan ve günümüzde dışlanmışlara, hayalperestlere ve müzikseverlere ilham vermeye devam eden bir grubun mirasını süslüyor.', 1, '2019-11-20 06:27:41', '13+', 144, '/movies/Bohemian Rhapsody/1574274457.mkv', NULL, NULL, b'0', 'Bohemian Rhapsody', ''),
(79, '8 Mil', '/covers/8 Mil/1574274837.jpg', NULL, '2002', 'Detroit\'te yaşayanlar 8 mil\'in simgeselliği ile yaşamaya alışmışlardır. Bu yol onların hayatını sınırlamaktadır. Jimmy Smith Jr. ise bu yola kendi önündeki bir engel olarak bakmaktadır. Bu yol, onun dünyasını küçültmekte, onu hayallerine ulaşmaktan alıkoymaktadır. Jimmy\'nin tek bir hedefi vardır: Müzik dünyasına adımını atmak... Ama bunun için hem içindeki kızgınlığı hem de yaşadığı büyük hayal kırıklıklarını dışarı vurmak ve kendi lehine kullanmak durumundadır.', 1, '2019-11-20 06:33:57', '15+', 110, '/movies/8 Mil/1574274834.mkv', NULL, NULL, b'0', '8 Mile', ''),
(80, 'Çat Kapi Ask', '/covers/Çat Kapi Ask/1574280666.jpg', NULL, '2019', 'Su, hayatının aşkının bir gün mutlaka kendisini bulacağına inanan hayalperest bir kadındır. Aras ise herkesten gizlemeye çalıştığı rahatsızlığından muzdarip olan genç bir avukattır. Bir gün Su, Aras ile yolda çarpışınca onun hayatının aşkı olabileceğini düşünür. Hayatının aşkının o olup olmadığına dair bir işaret bekleyen Su, çok geçmeden bir mucize ile karşılaşır. Alt katına taşınan ve kendisinden gürültü yaptığı için şikayetçi olan komşusunu daha görmeden sinir olan Su, komşusunun Aras olduğunu öğrenmesiyle büyük bir şok yaşar. Beklenen aşk bacayı sardığındaysa Aras ve Su kendisini masalsı bir hikayenin içerisinde bulur.', 1, '2019-11-20 08:11:06', '16+', 92, '/movies/Çat Kapi Ask/1574280662.mkv', NULL, NULL, b'0', 'Çat Kapi Ask', ''),
(81, 'İftarlık Gazoz', '/covers/İftarlık Gazoz/1574281394.jpg', NULL, '2016', '1970’ler Türkiye’sinin barış ve huzur dolu Ege kasabalarından birinde ailesi ile beraber yaşayan Adem, zeki ve çalışkan bir öğrencidir. 5.sınıfı yeni bitiren Adem, yaz tatilini boş geçirmek istemez ve ailesine Gazozcu Cibar Kemal Usta ile çalışmak istediğini söyler. Zor da olsa ailesinden izni koparan Adem gazozcu çırağı olarak çalışmaya başlar. Ramazan ayının başıdır ve Adem camide imamın oruç ile anlattıklarını üzerine alınır, üstelik Berna da oruç tutacaktır. Küçük olduğu için oruç tutmasına izin vermeyen ailesinden gizli oruç tutmaya başlar fakat Ege’nin yaz sıcağında, bir yandan da gazoz satarken oruç tutmak hiç de kolay değildir. Hele de bozmanın kefareti 61 gün iken ve Berna’nın aslında direk orucu tuttuğunu öğrenmişken! Susuzluk ve açlık onu çok yormuştur, seraplar görmeye başlar. Adem’in yaşadığı bu zorluklar, onu bir maceranın içine sürükler.', 1, '2019-11-20 08:23:14', '7+', 115, '/movies/İftarlık Gazoz/1574281391.mkv', NULL, NULL, b'0', '61 Days', ''),
(82, 'Ailecek Saskiniz', '/covers/Ailecek Saskiniz/1574283468.jpg', NULL, '2018', 'Babasının şirketinin başına geçerek CEO’luk görevini üstlenen Ferhat şımarık bir adamdır. Hala çocuksu yapısıyla dikkat çeken Ferhat\'ın sağ kolu ise onun çocukluk arkadaşı, şirketin finans müdürü Gökhan\'dır. İkili çalışanlarına pek de nazik davranmamaktadır. Günün birinde şirket çalışanlarına yemek servisi için gittikleri bir restoranda, restoran sahibiyle dostluk kurarlar. Restoran sahibinin kızı Elif\'e gönlünü kaptıran Ferhat, deliler gibi aşık olur. Ancak Elif narin ve saf bir genç kız değildir. Özel eğitimler ve üstün hizmetlerle dolu kariyeri, sert karakteri ve kıvrak zekası, Ferhat\'ı bir hayli zorlayacaktır...', 1, '2019-11-20 08:57:48', '7+', 113, '/movies/Ailecek Saskiniz/1574283465.mkv', NULL, NULL, b'0', 'Ailecek Saskiniz', ''),
(83, 'Kayhan', '/covers/Kayhan/1574283738.jpg', NULL, '2018', 'Kayhan çevresinde temiz kalpliliği ve masumiyeti ile tanınan biridir. Dostlukların adamı olan Kayhan, yıllar önce mezun olduğu okulun pilav günü etkinliğine gitmek için sabırsızlanmaktadır. Eski arkadaşlarını görecek olmanın heyecanı içinde bekleyen genç adam, o büyük gün geldiğinde kötü bir sürprizle karşılaşır. Pilav gününde kendisine verilen 98 mezunları yıllığını gören Kayhan tam anlamıyla yıkılır. Yıllığı okudukça dost bildiği herkesin kendisinden nefret ettiğini anlar. Kayhan, öğrendikleri karşısında yaşadığı şoku üzerinden atınca kendisinden nefret eden herkesten intikam almaya karar verir.', 1, '2019-11-20 09:02:18', '13+', 105, '/movies/Kayhan/1574283735.mkv', NULL, NULL, b'0', 'Kayhan', ''),
(84, 'Para Tuzağı', '/covers/Para Tuzağı/1574445814.jpg', NULL, '2016', 'Son yıllarda, kameranın arkasında hayata geçirdiği projeler sayesinde en az kamera önündeki kadar adından söz ettiren usta oyuncu Jodie Foster, son olarak Kukla filmiyle eleştirmenlerden geçer not almayı başarmıştı. Foster\'ın yeni filmiyse, televizyondan borsa tüyoları veren bir Wall Street simsarının hayatını perdeye taşıyacak. Mal varlığını kaybeden bir izleyicisinin tuzağına düşen Lee, bu defa ilginç bir belanın yamacına sürüklenecek', 1, '2019-11-22 06:03:34', '13+', 98, '/movies/Para Tuzağı/1574445812.mkv', NULL, NULL, b'0', 'Money Monster', ''),
(85, 'Black Panther', '/covers/Black Panther/1574446489.jpg', NULL, '2018', 'Babasının ölümünden sonra Wakanda Kralı olan T\'Challa, hakkı olan tahta sahip çıkmak için izole yaşayan ancak teknolojik açıdan ileri seviyede olan halkına geri döner. Ancak güçlü bir eski düşman yeniden ortaya çıktığında, T\'Challa\'nın yeterliliği, Wakanda\'nın ve tüm dünyanın kaderini tehlikeye atan korkunç bir çatışmaya girince test edilir. İhanet ve tehlike ile karşı karşıya kalan genç kral, düşmanlarını yenmek, halkının güvenliğini ve yaşam biçimini korumak için müttefiklerini toplamalı ve gücünü serbest bırakmalıdır...', 1, '2019-11-22 06:14:49', '13+', 134, '/movies/Black Panther/1574446486.mkv', NULL, NULL, b'0', 'Black Panther', ''),
(86, 'Dönerse Senindir', '/covers/Dönerse Senindir/1574447391.jpg', NULL, '2016', 'Mehmet uzun süredir birlikte olduğu sevgilisi Selin\'e deliler gibi aşık olan genç bir adamdır. Selin ise şarkıcı olma hayalleri kuran, hazırladığı demolarını yapım şirketlerine göndererek geri dönüş bekleyen genç bir kadındır. Selin\'in dileği gerçek olur ve bir yapım şirketi Selin\'le anlaşma yapar. Ancak Selin ve Mehmet, Mehmet\'in bu süreçte ona verdiği tüm desteğe rağmen ayrılırlar. Mehmet ayrılığı kabul etmeyi reddeder ve arkadaşı Defne\'nin de yardımıyla Selin\'i geri kazanmaya karar verir. Selin\'in yeni bir sevgilisi olması ise işleri iyice çıkmaza sürükler. Mehmet\'in Selin\'i geri kazanabilmek adına birbirinden komik ve zorlu yollarda yürümesi gerekecektir...', 1, '2019-11-22 06:29:51', '13+', 109, '/movies/Dönerse Senindir/1574447388.mkv', NULL, NULL, b'0', 'Dönerse Senindir', ''),
(87, 'Sen Benim HerSeyimsin', '/covers/Sen Benim HerSeyimsin/1574447833.jpg', NULL, '2016', 'Çok küçük yaştayken öksüz kalan Sedat, babasının ona öğrettiği en önemli dersi, \"korkunun gözünün içine bakmadığın sürece onu yenemezsin\" mottosunu beynine kazır. Çıralı’da yenemediği korkuları ve babasından hatıra hayat tavsiyesi ile günübirlik ilişkiler ve işlerle hayatını geçirir. Ancak bir gün bu sakin hayatı bir anda değişiverir. Günü birlik ilişkierinden biri olan Pınar, Sedat\'ın kucağına bir bebek bırakıp aynı hızla ortadan kaybolur. İstanbul\'a gelip Birol sayesinde iş bulan Sedat\'ın hayatı artık kızının etrafında dönmektedir. Baba-kızın masal gibi geçen eğlenceli hayatları annenin tekrar ortaya çıkmasıyla bir kez daha kaos haline döner.', 1, '2019-11-22 06:37:13', '7+', 107, '/movies/Sen Benim HerSeyimsin/1574447831.mkv', NULL, NULL, b'0', 'Sen Benim HerSeyimsin', ''),
(88, 'Can Dostum', '/covers/Can Dostum/1574448360.jpg', NULL, '2011', 'Can Dostum, felçi bir adam ve ona bakıcılık yapan gencin hikayesini anlatıyor. Zengin bir iş adamı ve aristokrat olan Philippe, yamaç paraşütü yaparken geçirdiği kaza sonrası felç olur ve boynundan aşağısı kullanamaz hale gelir. Driss ise hapishaneden henüz yeni çıkmış bir işsizdir. Philippe 7 gün 24 saat boyunca bakımını üstlenmesi için Driss\'i evine yatılı yardımcı olarak alınca ikisinin de dünyası değişecektir. Normal şartlar altında hiçbir zaman yan yana gelmeyecek bu ikili iyisiyle kötüsüyle hayatın tadını beraber çıkarmaya başlarlar.', 1, '2019-11-22 06:46:00', '13+', 112, '/movies/Can Dostum/1574448357.mkv', NULL, NULL, b'0', 'The Intouchables', ''),
(89, 'Kötü Kedi Şerafettin', '/covers/Kötü Kedi Şerafettin/1574448727.jpg', NULL, '2016', 'Sıradan bir Mart sabahında, kötü kedilerin en kötüsü, anti-kahraman Kötü Kedi Şerafettin, kadim yancıları Fare Rıza ve Martı Rıfkı ile mangal hazırlığındadırlar.  Fakat evdeki hesap çarşıya uymaz… Zira Şero, aynı gün, babası Tonguç tarafından evden kovulur, bir dizi düşmanının saldırısına uğrar, hayatında ilk kez aşık olur dahası baba olduğunu öğrenir (tabii ki bunu kabullenmez!). Sorunların çözümü ise Rıza’dan gelir: Bundan böyle hayvan değil, insan gibi düşüneceklerdir!', 1, '2019-11-22 06:52:07', '15+', 86, '/movies/Kötü Kedi Şerafettin/1574448724.mkv', NULL, NULL, b'1', 'Bad Cat', ''),
(90, 'Kötü Kedi Şerafettin', '/covers/Kötü Kedi Şerafettin/1574448746.jpg', NULL, '2016', 'Sıradan bir Mart sabahında, kötü kedilerin en kötüsü, anti-kahraman Kötü Kedi Şerafettin, kadim yancıları Fare Rıza ve Martı Rıfkı ile mangal hazırlığındadırlar.  Fakat evdeki hesap çarşıya uymaz… Zira Şero, aynı gün, babası Tonguç tarafından evden kovulur, bir dizi düşmanının saldırısına uğrar, hayatında ilk kez aşık olur dahası baba olduğunu öğrenir (tabii ki bunu kabullenmez!). Sorunların çözümü ise Rıza’dan gelir: Bundan böyle hayvan değil, insan gibi düşüneceklerdir!', 1, '2019-11-22 06:52:26', '15+', 86, '/movies/Kötü Kedi Şerafettin/1574448743.mkv', NULL, NULL, b'0', 'Bad Cat', ''),
(91, 'Ferdinand', '/covers/Ferdinand/1574449124.jpg', NULL, '2017', 'Ferdinand, arenada dövüşmektense tarlalarda çiçek koklamayı tercih eden bir boğanın öyküsünü anlatıyor. Ferdinand sakin mizacına ve doğa sevgisine rağmen dış görünüşü sebebiyle vahşi bir canavar olarak algılanır. Tehlikeli bir canavarla karıştırıldıktan sonra yakalanıp evinden ayrı düşürülür. Kendini İspanya\'da bulan Ferdinand, evine dönmeye kararlıdır. Ancak bunun için yardıma ihtiyacı olacaktır...', 1, '2019-11-22 06:58:44', '7+', 108, '/movies/Ferdinand/1574449121.mkv', NULL, NULL, b'0', 'Ferdinand', ''),
(92, 'Grinç', '/covers/Grinç/1574449619.jpg', NULL, '2018', 'Who köyünden ayrılarak dağın başında, kimsenin yaklaşmaya cesaret edemediği mağarasında yaşayan Grinch\'e yalnızca sadık köpeği Max eşlik etmektedir. Günlük yaşamın sukünetinden memnun olan Grinch\'in kabusu ise, Noel kutlamalarına aşırı düşkün olan Who halkının yıl sonu başlayan coşkusudur. Bu yıl kutlamaların daha da coşkulu olacağının ilan edilmesi sonucu, Grinch bu coşkuyu yok etmek adına, Noel Baba kılığına girerek yılbaşını çalmaya karar verir. O sırada köyde yaşamakta olan küçük Cindy-Lou ise arkadaşlarıyla birlikte Noel gecesinde Noel Baba\'yı yakalayıp, bekar annesine yaptığı yardımlar için teşekkür etme planı yapmaktadır. İkilinin Noel planları birbirlerini nasıl etkileyecektir?...', 1, '2019-11-22 07:06:59', '6+', 85, '/movies/Grinç/1574449616.mkv', NULL, NULL, b'0', 'Dr. Seuss\' The Grinch', ''),
(93, 'Christopher Robin', '/covers/Christopher Robin/1574451324.jpg', NULL, '2018', 'Christopher Robin, genç bir adamın yıllar sonra çocukluk arkadaşları ile bir araya gelişini konu ediyor. Artık yetişkin olmuş olan Christopher Robin, 100 Hektar Ormanı’ndaki maceralarından çok uzaklardadır. İş ve aile dengesini korumakta zorlanan Christopher, iş sebebiyle bir aile yolculuğunu kaçırınca sevimli dostu Winnie the Pooh tarafından ziyaret edilir. Sevimli ayının yardıma ihtiyacı vardır. Christopher Robin yeniden ormana dönerek dostlarına yardım ettiğinde, 100 Hektar Ormanı’nın sevimli sakinleri onun da yardıma ihtiyacı olduğunu fark eder. Christopher\'ın peşinden gelen tüylü dostları ona hayattan keyif almayı öğretebilecek midir yoksa sadece başına daha çok iş mi açacaktır?...', 1, '2019-11-22 07:35:24', '6+', 104, '/movies/Christopher Robin/1574451321.mkv', NULL, NULL, b'1', 'Christopher Robin', ''),
(94, 'Christopher Robin', '/covers/Christopher Robin/1574451336.jpg', NULL, '2018', 'Christopher Robin, genç bir adamın yıllar sonra çocukluk arkadaşları ile bir araya gelişini konu ediyor. Artık yetişkin olmuş olan Christopher Robin, 100 Hektar Ormanı’ndaki maceralarından çok uzaklardadır. İş ve aile dengesini korumakta zorlanan Christopher, iş sebebiyle bir aile yolculuğunu kaçırınca sevimli dostu Winnie the Pooh tarafından ziyaret edilir. Sevimli ayının yardıma ihtiyacı vardır. Christopher Robin yeniden ormana dönerek dostlarına yardım ettiğinde, 100 Hektar Ormanı’nın sevimli sakinleri onun da yardıma ihtiyacı olduğunu fark eder. Christopher\'ın peşinden gelen tüylü dostları ona hayattan keyif almayı öğretebilecek midir yoksa sadece başına daha çok iş mi açacaktır?...', 1, '2019-11-22 07:35:36', '6+', 104, '/movies/Christopher Robin/1574451333.mkv', NULL, NULL, b'0', 'Christopher Robin', ''),
(95, 'Dövüş Kulübü', '/covers/Dövüş Kulübü/1574451682.jpg', NULL, '1999', 'Dövüş Kulübünün birinci kuralı: Asla Dövüş Kulübü hakkında konuşma... Dövüş Kulübünün ikinci kuralı: Asla ve asla dövüş kulübü hakkında konuşma... Jack, hayatın sıradanlığına kapılmış bir sigorta memurudur. Uzun bir süredir \'insomnia\' yani uykusuzluk hastalığından şikayetçidir. Kendi psikolojik sıkıntılarından kurtulabilmek adına grup terapilerine katılmaktadır. Terapiler esnasında Marla adında bir kızla tanışır. Bir süre sonra da hayatını değiştirecek olan Tyler Durden ile... Durden, Jack\'in ulaşmak istediği tüm hedeflere ulaşmış olan bir adamdır ve Jack\'i asla hakkında konuşulmaması gereken bir organizasyon olan \'Dövüş Kulübü\' ile tanıştıracaktır', 1, '2019-11-22 07:41:22', '18+', 139, '/movies/Dövüş Kulübü/1574451679.mkv', NULL, NULL, b'0', 'Fight Club', ''),
(96, 'Venom: Zehirli Öfke', '/covers/Venom: Zehirli Öfke/1574452055.jpg', NULL, '2018', 'Eddie Brock hırslı bir muhabirdir. Sevgilisinin çalıştığı araştırma firmasının sahibi de peşinde olduğu hikayelerden biridir. Kötü niyetli ve kendi amaçları doğrultusunda hareket eden bu adamın hikayesinin peşinde koşarken, Eddie, sadece simbiyoz hâlinde yaşayabilen ve adrenalinle beslenen uzaylı bir organizmanın firma tarafından keşfedildiğini ve insan deneklerle birleştirilmeye çalışıldığını öğrenir. Ancak araştırmasında fazla ilerleyen Eddie, Venom adı verilen bu organizmanın sıradaki taşıyıcısı olur. Bir yandan vücudunu ve zihnini kontrol altına alan organizmayla mücadele eden Eddie, bir yandan da firma sahibinin kendisini öldürmesi için gönderdiği kişilerden kaçmalıdır...', 1, '2019-11-22 07:47:35', '15+', 112, '/movies/Venom: Zehirli Öfke/1574452052.mkv', NULL, NULL, b'0', 'Venom', ''),
(97, 'Ölümcül Makineler', '/covers/Ölümcül Makineler/1574452591.jpg', NULL, '2018', 'Ölümcül Makineler, büyük bir yıkımın ardından kurulan yeni düzende hayatta kalmaya çalışan insanların hikayesini konu ediyor. Medeniyeti yok eden büyük felaketin ardından yıllar geçmiştir. Artık hiçbir şey eskisi gibi değildir. İnsanlar kendilerine yeni bir yaşam biçimi geliştirmiştir. Yeryüzünde hareket eden büyük şehirler, dünyada dolaşarak daha küçük olan kasabaları vahşice yağmalamaktadır. Tom Natsworthy, yürüyen büyük şehirlerden olan Londra’nın alt sınıfındandır. Tehlikeli kaçak Hester Shaw ile karşılaşan Tom Natsworthy artık hayatta kalmak için savaşmak zorundadır. Bu iki farklı insan hayatlarının değişmesine neden olan bir ittifak kurar. Yollarının kesişmesi beklenmedik olan bu ikilinin kurduğu ihtimal dışı ortaklık, dünyanın kaderini değiştirecektir.', 1, '2019-11-22 07:56:31', '13+', 128, '/movies/Ölümcül Makineler/1574452588.mkv', NULL, NULL, b'0', 'Mortal Engines', ''),
(98, 'Siyah Giyen Adamlar: Global Tehdit', '/covers/Siyah Giyen Adamlar: Global Tehdit/1574454896.jpg', NULL, '2019', 'Siyah Giyen Adamlar: Global Tehdit, dünyayı kötülüklerden arındırmaya çalışan ekibin, bu güne kadar karşılarına çıkan en büyük tehdit olan köstebeği ortaya çıkarmak için kurdukları takımla birlikte verdikleri mücadeleyi konu ediyor. Siyah Giyen Adamlar ne kadar genişlemişlerse kötü adamlar da bir o kadar artmıştır. Evren, herhangi birinin şekline girebilen bir uzaylı istilası ile karşı karşıya kalınca, ödüllü ajan H ile kararlı çaylak M birlikte hareket etmeye karar verir. Güçlerini birleştiren ikili, dünyayı kurtarmak için zorlu bir mücadeleye girişir.', 1, '2019-11-22 08:34:56', '13+', 115, '/movies/Siyah Giyen Adamlar: Global Tehdit/1574454896.mkv', NULL, NULL, b'0', 'Men in Black: International', ''),
(99, 'Bu Nasıl Aile?', '/covers/Bu Nasıl Aile/1574456898.jpg', NULL, '2013', 'David Burke, kendi bölgesinde etliye sütlüye bulaşmadan çalışan, yerel bir uyuşturucu satıcısıdır ve şimdiye kadar işleri hep yolunda gitmiştir. Fakat bir gasp sonrasında elindeki malı kaptırınca marihuana satıcısı Brad\'e borçlanır. Brad ona bir şans verir ve Meksika sınırından yüklü miktarda uyuşturucu geçirmesini ister. David\'in sınırı dikkat çekmeden geçebilmesi için esaslı bir plana ihtiyacı vardır ve kısa süre içerisinde bulur. David kılık değiştirerek aile babası olacaktır! Kuracağı ailedeyse anne rolünü striptiz dansçısı Rose üstlenirken, henüz bakir bir genç olan Kenny ve kaçak genç kız Casey de ailenin çocukları numarasını yapacaktır. Hepsi birbirinden farklı karakterdeki bu aile üyelerini ise yol boyu çılgın maceralar bekler.', 1, '2019-11-22 08:46:14', '13+', 110, '/movies/Bu Nasıl Aile/1574455574.mkv', NULL, NULL, b'0', 'We\'re the Millers', '');
INSERT INTO `movies` (`id`, `name`, `image`, `poster`, `year`, `description`, `movieType`, `addedDate`, `rate`, `length`, `movieLink`, `englishLink`, `trailerLink`, `isDeleted`, `tagName`, `imdb`) VALUES
(100, 'Fokus', '/covers/Fokus/1574455940.jpg', NULL, '2015', 'Nicky zamanının en usta dolandırıcılarından biridir. Bir gün Jess Barrett adında genç güzel ve çekici bir kadın ile yolları kesişir. Sıradan bir kadın olmayan Jess, soygun konusunda en az Nicky kadar önemli bir potansiyel barındırmaktadır.\r\n\r\nAcar dolandırıcı Nicky\'nin, bir yandan acemi Jess’e işin inceliklerini öğretirken, diğer yandan da genç kadını tedirginlik verici bir şekilde yaklaşma girişimi başarısız bir biçimde sonlanır. Nicky ilişkiyi birden bire keserek Jess\'ten uzaklaşma kararı alır. Üç yıl sonra, Jess, artık başarılı bir femme fatale olmuş ve Buenos Aires’te yüksek bahisli araba yarışları camiasında sözü geçen biri haline gelmiştir. Jess, Nicky’nin en son ve oldukça tehlikeli tezgahının en kritik noktasında onun planlarını alt üst eder ve Nicky\'nin dünyasını karartır.', 1, '2019-11-22 08:52:20', '12+', 105, '/movies/Fokus/1574455940.mkv', NULL, NULL, b'0', 'Focus', ''),
(101, 'Yesterday', '/covers/Yesterday/1574456625.jpg', NULL, '2019', 'Yesterday, kendisinden başka dünyada kimsenin efsanevi müzik grubu The Beatles\'ı bilmediğini fark eden bir adamın hikayesini konu ediyor. Jack Malik, küçük bir İngiliz kasabasında yaşayan ve ünlü olma hayalleri yavaş yavaş suya düşen bir şarkıcı ve söz yazarıdır. Ancak her şey kötü gitse bile çocukluğundan beri yanında olan en yakın arkadaşı Ellie onu sonuna kadar desteklemeye devam eder. Tüm dünyada elektriklerin gittiği gizemli bir olay sırasında bir kaza geçiren Jack uyandığında şoke edici bir gerçekle yüzleşir: Dünyadaki kimse The Beatles grubunun varlığından haberdar değildir. Durumdan faydalanmaya karar veren Jack gelmiş geçmiş en iyi müzik grubunun şarkılarını kendisininmiş gibi söylemeye başlar. Amerikalı bir temsilci olan Debra’nın da yardımıyla şöhret basamaklarını hızla çıkar. Ancak yıldızı parladıkça, her zaman ona inanan Ellie’yi kaybetmeye başlar. Eski hayatından uzaklaşan Jack, geç olmadan ait olduğu yere geri dönmeli ve tek ihtiyacının aşk olduğunu kanıtlamalıdır.', 1, '2019-11-22 09:03:45', '13+', 116, '/movies/Yesterday/1574456625.mkv', NULL, NULL, b'0', 'Yesterday', ''),
(102, 'Zor Biraderler', '/covers/Zor Biraderler/1574457043.jpg', NULL, '2014', 'Bir okulda güvenlik görevlisi olarak çalışan Ben Barber\'ın tek amacı hayatının kadını Angela ile evlenebilmektir. Önlerindeki en büyük engel ise Angela\'nın aşırı korumacı erkek kardeşi James\'in onayıdır. Ben, Atlanta Polis Departmanı\'nda çalışan James\'in gözüne girebilmek için polis olup onun çalıştığı departmana girerek kendini ispatlamaya karar verir; böylece cesaretini kanıtlayacağını düşünür. Burada görev alabilmek için uygulanan tüm testleri başarıyla geçer ve şimdi geriye son bir zorlu sınav kalır: James\'in şehrin arka sokaklarında çıkacağı 24 saatlik operasyon devriyesinde ona eşlik etmek... Tehlikelerle dolu bu görevde James\'in güvenini kazanıp Angela\'nın da kalbini kazanmak anlamına gelecektir.', 1, '2019-11-22 09:10:43', '12+', 100, '/movies/Zor Biraderler/1574457043.mkv', NULL, NULL, b'0', 'Ride Along', ''),
(103, 'Kung Fu Panda', '/covers/Kung Fu Panda/1574457832.jpg', NULL, '2008', 'Beş yıldan uzun süren bir çalışma sonucunda ortaya çıkan animasyon harikası Kung Fu Panda\'nın üç sloganı var: \'\'Kendi kahramanın ol!\'\', \'\'Panda-mania başlıyor!\'\' ve \'\'Çok muhteşem olacak!\'\' Kung Fu fanatiği panda Po, Huzur Vadisi’ni Kar Leoparı Tai Lung’dan kurtarmak için Kung Fu dünyasına adım atar. Çevresine göre bu iş için biraz fazla kilolu ya da beceriksiz olabilir! Ancak zamanla kendisine inandığı takdirde neler yapabileceğini keşfeder.', 1, '2019-11-22 09:23:52', '7+', 90, '/movies/Kung Fu Panda/1574457832.mkv', NULL, NULL, b'0', 'Kung Fu Panda', ''),
(104, 'Pokémon Dedektif Pikachu', '/covers/Pokémon Dedektif Pikachu/1574459680.jpg', NULL, '2019', 'Başarılı özel dedektif Harry Goodman esrarengiz bir şekilde kaybolur ve 21 yaşındaki oğlu Tim babasına neler olduğunu öğrenmek için kolları sıvar. Bu araştırmada Tim’e babasının eski Pokémon ortağı Dedektif Pikachu yardım eder. Pikachu esprili ve sevimli olduğu kadar iyi bir dedektiftir. Eşsiz bir şekilde birbirleriyle anlaşabildiklerini fark eden Tim ve Pikachu bu karmaşık sırrı çözmek için heyecan verici bir macerada güçlerini birleştirir. İnsanların ve Pokémonların birlikte yaşadığı Ryme Şehri’nin neon ışıklı sokaklarında ipuçları arayan ikili maceraları sırasında türlü türlü Pokémonlarla karşılaşır ve bu huzurlu hayatı yok edebilecek ve tüm Pokémon evrenini tehdit eden şoke edici bir komployu açığa çıkarır.', 1, '2019-11-22 09:54:40', '13+', 105, '/movies/Pokémon Dedektif Pikachu/1574459680.mkv', NULL, NULL, b'0', 'Pokémon Detective Pikachu', ''),
(105, 'Finding Steve McQueen', '/covers/Finding Steve McQueen/1574460728.jpg', NULL, '2019', 'Richard Nixon’ın gizli şekilde topladığı seçim fonundan 30 milyon dolar çalmak için bir araya gelen bir grup suçlunun hikâyesini anlatıyor. İşlerin planlandığı gibi gitmemesinin ardından soyguncular kendilerini tarihteki en büyük polis kovalamacalarından birinin içinde buluyor.', 1, '2019-11-22 10:12:08', '13+', 91, '/movies/Finding Steve McQueen/1574460728.mkv', NULL, NULL, b'0', 'Finding Steve McQueen', ''),
(106, 'Yüksek Tansiyon', '/covers/Yüksek Tansiyon/1574542960.jpg', NULL, '2003', 'Okuldan arkadaş olan Alex ve Marie sınavlarına rahat bir yerde çalışabilmek dinlenmek için Marie\'nin ıssız bir yerde olan evine giderler. Gece geç saat varır varmaz yatarlar. Kısa bir süre sonra kapı çalınır ve psikopat bir seri katil içeri dalıp evdekileri öldürmeye başlar. Marie bütün bu olanlara şahit olur ve katil onun odasına bakacağı sırada saklanır. Fakat katil Alex\'i bulur ve onu kelepçeler.\r\n\r\nMarie, Alex\'e yardım edeceğine söz verir ve katilden saklanarak hayatlarını kurtarmaya çalışır. Acaba Marie bu zorlu mücadeleden arkadaşıyla sağ kurtulabilecek midir? Acaba her şey göründüğü gibi midir?', 1, '2019-11-23 09:02:40', '18+', 91, '/movies/Yüksek Tansiyon/1574542960.mkv', NULL, NULL, b'0', 'Haute tension', ''),
(107, 'Sonsuza Dek', '/covers/Sonsuza Dek/1574545598.jpg', NULL, '2016', 'Film ölümcül bir hastalık olan kansere yakalanmış genç bir adamın hastanede tedavi gördüğü sırada tanıştığı bir kıza aşık olması ve onun sayesinde hayata tutunup hastalıkla savaşmasını konu almaktadır.', 1, '2019-11-23 09:46:38', '12+', 100, '/movies/Sonsuza Dek/1574545598.mkv', NULL, NULL, b'0', 'Until Forever', ''),
(108, 'Şef', '/covers/Şef/1574547314.jpg', NULL, '2014', 'Carl Casper şık bir restoranda çalışan bir baş aşçıdır. Kendi mutfağına ait yemekleri nefistir ama lokantanın menüsüne bağımlı çalıştıkça yaratıcılığı ve ona bağlı olarak da yemeklerinin lezzeti düşüşe geçer.  Üstelik önemli bir gurmenin yemekleri hakkında yaptığı olumsuz eleştiriler Carl için bardağı taşıran son damla olur. Yeteneğine rağmen kariyerinde düşüşe geçtiğini hisseden Carl\'a tam da bu dönem bir teklif gelir: ikinci el bir bir yemek karavanı al ve kendi  işinin patronu ol! Oğlu Percy ve eski bir arkadaşı olan Martin’in yardımıyla Carl Amerika yollarında yemeğe ve yeni lezzetlere ve de en önemişi hayata dair tutkusunu yeniden keşfedecektir.', 1, '2019-11-23 10:15:14', '13+', 114, '/movies/Şef/1574547314.mkv', NULL, NULL, b'0', 'Chef', ''),
(109, 'Aynı Yıldızın Altında', '/covers/Aynı Yıldızın Altında/1574548090.jpg', NULL, '2014', '16 yaşındaki Hazel üç yıldır tiroid kanseriyle boğuşmaktadır ve kanser akciğerlerine de sıçradığı için yanında bir oksijen tüpüyle gezmektedir. Kanserli hastalar için oluşturulan destek grubunun bir terapi seansı esnasında Augustus isimli bir gençle tanışır. Augustus da beyin tümörüyle savaşmış ve bu yolda bir bacağını kaybetmiştir. İkili birlikte zaman geçirdikçe birbirlerine aşık olurlar. Akciğer tedavisi için hastaneye yatırılan Hazel\'ın yanından bir an dahi ayrılmayan Augustus, sevgilisinin çok istediği bir hayali gerçekleştirmek için onunla birlikte yola çıkar. Planlarına göre Amsterdam\'a gidecek ve Hazel\'ın en sevdiği yazar olan Peter Van Houten\'i bulmaya çalışacaklardır...', 1, '2019-11-23 10:28:10', '12+', 125, '/movies/Aynı Yıldızın Altında/1574548090.mkv', NULL, NULL, b'0', 'The Fault in our Stars', ''),
(110, 'Oliver Twist', '/covers/Oliver Twist/1574551599.jpg', NULL, '2005', 'Oliver Twist bir yetimdir ve çok geçemden yetimhaneden kaçarak korkunç bir eve düşer. Kendisine yapılan kötü ve acımasız davranışlar Londra’ya kaçmasına neden olur. Burada Artful Dodger yakalar onu ve Fagin’e götürür. Fagin, bu genç adama çok iyi davranır ama bu gerçekten de Oliver’ın istediği hayat mıdır orası tartışılır.', 1, '2019-11-23 11:26:39', '13+', 130, '/movies/Oliver Twist/1574551599.mkv', NULL, NULL, b'0', 'Oliver Twist', ''),
(111, 'Lolipop', '/covers/Lolipop/1574551866.jpg', NULL, '2005', 'On dört yaşındaki Hayley Stark, otuz iki yaşındaki fotoğrafçı Jeff Kohlver ile internet üzerinden üç hafta süreyle chat yaptıktan sonra, kendisi ile bir kafede buluşur. Yaş farkına rağmen bir süre flört ederler. Ancak Jeff, bu şartlarda yasal olarak beraber olmamaları gerektiğini bildiği için frenlemeye çalışır. Hayley, bir gün kendisini zorla eve davet ettirerek Jeff’in içkisine ilaç atar. Onu uyutarak esas planını hayata geçirmeye başlayacaktır.', 1, '2019-11-23 11:31:06', '18+', 100, '/movies/Lolipop/1574551866.mkv', NULL, NULL, b'0', 'Hard Candy', ''),
(112, 'Bakici', '/covers/Bakici/1574552113.jpg', NULL, '2011', 'Noah, öyle bildiğiniz türde ne kadar sıkıcı olursa olsun çocukları eğlendiren türde bir bakıcı değildir. Genelde bu işten pek memnun olduğu da söylenemez. Çok daha başka işler yapmayı tercih edecektir aslında özellikle de fazla dikkat harcaması gerekmeyen türde şeyler. Noah, komşusunun çocuğunu izlerken şehirdeki kız arkadaşından bir telefon gelir. Onunla buluşmak için sokağa çıkar ancak şehirli macerası kontrolden çıkar ve ne yazık ki kendini kafadan çatlak bir uyuşturucu lordundan kaçar halde bulur.', 1, '2019-11-23 11:35:13', '16+', 98, '/movies/Bakici/1574552113.mkv', NULL, NULL, b'0', 'The Sitter', ''),
(113, 'Sadece Aşk', '/covers/Sadece Aşk/1574891777.jpg', NULL, '2012', 'Kanser olduğunu öğreninceye kadar sıradan bir hayat süren İda kuafördür. Kanser tedavisi sırasında saçlarını kaybeder ve sonrasında kocasının bir başkasıyla ilişkisi olduğunu öğrenir. Tüm bunlardan uzakta farklı bir dünyada kızının düğünü için yaptığı İtalya yolculuğunda karısının ölümü yüzünden hala tüm dünyayı suçlayan dul bir adamla tanışır. Çocuklarının vesilesiyle birbiriyle tanışan ikiliyi tahmin edemeyecekleri maceralar beklemektedir.', 1, '2019-11-27 09:56:17', '12+', 116, '/movies/Sadece Aşk/1574891777.mkv', NULL, NULL, b'0', 'Love Is All You Need', ''),
(114, 'Sessiz Tepe', '/covers/Sessiz Tepe/1574892120.jpg', NULL, '2006', 'Rose Da Silva’nın gencecik kızı olan Sharon’ın süreklilik gösteren uyur gezerliklileri ve yaşadığı ruhsal sıkıntılara bir türlü çare bulunamamaktadır. En sonunda annesi onu, sadece rüyalarında gördüğünü söylediği Silent Hill’e götürme kararı alır. Devasının orada olduğuna inanmaktadır. Sharon’ın babası bunu istemese de Rose, kızı ile birlikte yola çıkar. Ancak oraya gitmek pek de kolay bir iş değildir. Bölgeye yaklaştıkça tuhaf olaylarla karşı karşıya kalacaklardır. Bir noktada kızını kaybeder ve onun peşine düştüğünde ne tür tehlikeler ve gizemlerle kuşatılmış olduğunun farkında bile değildir.', 1, '2019-11-27 10:02:00', '18+', 127, '/movies/Sessiz Tepe/1574892120.mkv', NULL, NULL, b'0', 'Silent Hill', ''),
(115, 'Kapital', '/covers/Kapital/1574892682.jpg', NULL, '2012', 'Genç ve hırslı Marc Tourneuil, Avrupa\'nın en büyük bankalarından biri olan Phoenix Bank\'ın genel müdürlüğünü yürüten Jack Marmande\'ın sağ koludur. Jack Marmande\'a konulan kanser teşhisinin ardından hastaneye kaldırılmasıyla işler gerçek anlamda Marc\'a kalmış olur. Yönetim kurulu tarafından yeni görevine resmi olarak atanan Marc, ilk andan itibaren hissedarlardan kendi istediklerini yapması konusunda baskı görmeye başlar. Ancak tüm tehditlere rağmen bankayı kendi usullerine göre yönetme konusunda son derece kararlıdır. Amerikan hissederlar tarafından Fransız hissedarların arkasından iş çevirmesi yönünde tehdit alan Marc, yakın zamanda Phoenix Bank üzerinden oynanan oyunları fark eder. Yaklaşan tehlikeye ise kendi oyun kurallarıyla cevap vermek zorundadır.', 1, '2019-11-27 10:11:22', '12+', 113, '/movies/Kapital/1574892682.mkv', NULL, NULL, b'0', 'Capital', ''),
(116, 'Yalancı Yalancı', '/covers/Yalancı Yalancı/1575054070.jpg', NULL, '1997', 'Los Angeles’lı savunma avukatı Fletcher Reede 5 yaşındaki oğlu Max’in partisine gitmek yerine yalan söylemeyi yeğler. Çünkü patronu Miranda’yla sevişmek gibi önemli bir işle meşguldur.Küçük Max de yaşgünü mumlarını söndürürken babasının en azından bir gün boyunca yalan söylememesini diler ve bu dilek işe yarar. Ertesi gün Fletcher, Miranda’nın \'dün akşam nasıldı?\' sorusuna, daha iyi tecrübeleri olduğunu söyleyerek cevap verir. İş yerinde sürekli olarak çıkmadığı telefonlara çıkar. İş arkadaşları hakkında ne düşünüyorsa açık açık söyler. Bunlar sadece başlangıçtır', 1, '2019-11-29 07:01:10', '13+', 86, '/movies/Yalancı Yalancı/1575054066.mkv', NULL, NULL, b'0', 'Liar Liar', ''),
(117, 'Uyumsuz', '/covers/Uyumsuz/1575054382.jpg', NULL, '2014', 'Uzak bir gelecekte geçen distopik hikayede insanlık, her biri farklı bir erdemi temsil eden beş farklı parçaya bölünmüş bir düzende yaşamaktadır. İnsanlar 16 yaşına geldiklerinde kendi insani özelliklerine göre bu beş bölümden birine dahil olup ömür boyu bu bölümde yaşamlarını sürdürmektedirler. Tris Prior için de bu kuralı uygulama zamanı geldiğinde kendiyle ilgili büyük bir sırrı keşfeder: Tris, \'uyumsuz\'dur ve herhangi bir gruba ait olması mümkün değildir. Asıl sorun ise uyumsuzların bir lider tarafından yok edildiği ve bu yüzden hayatını kurtarabilmek için kaçması gerektiği gerçeğiyle yüzleştiği an ortaya çıkar. Tris bu belalı yolculukta hem hayatta kalabilmek hem de kendisi gibi uyumsuzların bu düzende neden bu denli tehlikeli bulunduklarını öğrenebilmek için Four adlı gizemli bir yabancıya güvenmek ve onunla işbirliği yapmak zorunda kalır.', 1, '2019-11-29 07:06:22', '13+', 139, '/movies/Uyumsuz/1575054379.mkv', NULL, NULL, b'0', 'Divergent', ''),
(118, 'Gece Vurgunu', '/covers/Gece Vurgunu/1575054839.jpg', NULL, '2014', 'Lou Bloom kariyer peşinde, genç ve hırslı bir adamdır. Hayatta \"amaca giden her yol mübahtır\" düsturunu benimseyen bu hırslı adam, geceleri şehirde yaşanan suç olaylarını tüm açıklığı ile kamerasına kaydetmeye başlar. Şehrin önde gelen televizyon kanallarından birinde gece muhabiri olarak işe girmesi de uzun sürmez. Fakat ne var ki, kariyerinde benimsediği yolun da bir faturası elbet olacaktır...', 1, '2019-11-29 07:13:59', '15+', 117, '/movies/Gece Vurgunu/1575054835.mkv', NULL, NULL, b'0', 'Nightcrawler', ''),
(119, 'Kaset İşi', '/covers/Kaset İşi/1575055176.jpg', NULL, '2014', 'Annie ve Jay iki çocuk sahibi, mutlu evlilik süren bir çifttir. Ama her uzun süreli ilişkide olduğu gibi cinsel hayatları durağanlaşmıştır, birbirlerine ilişkilerinin başındaki kadar yakın değildirler. Bir gün Annie, seks hayatlarına hareket katmak için sevişmelerini videoya kaydetmeyi teklif eder, Jay de kabul eder. Gece çok iyi geçer ama ufak bir sorun vardır: videoyu kaydettikleri tablet aynı programı kullanan diğer cihazlara da bu videoyu otomatik olarak yollar. Sabah uyandıklarında videoyu silmek için artık çok geçtir! Şimdi tek hedefleri videolarının yollandığı diğer insanların tabletlerini ne pahasına olursa olsun ele geçirmektir', 1, '2019-11-29 07:19:36', '18+', 94, '/movies/Kaset İşi/1575055172.mkv', NULL, NULL, b'0', 'Sex Tape', ''),
(120, 'Viral', '/covers/Viral/1575055428.jpg', NULL, '2016', 'Emma ve onun küçük kız kardeşi Stacey küçük bir kasabada normal bir yaşam sürerken, nedeni belli olmayan bir şekilde kasabaya bir enfeksiyon yayılmaya başlar. Kasaba karantinaya alındığında emma ve Stacey’nin ailesi bariyerin diğer tarafında kalırlar. Abur cubur yemek, partilere gitmek gibi alışkanlıklarını yaşamak için büyük bir istek duyarlar. Fakat Emma ve Stacey hastalığın yayılarak insanlara bulaşmaya başladığını bilirler. Emma’nın gizli aşları olan komşuları Evan ile birlikte evlerine barikat kurarlar. Belki de her şey için çok geçtir, virüs onlara bulaşmış olabilir. Emma bir seçim ile karşı karşıya kalır: ya kardeşini koruyacak ya da hayatta kalacaktır.', 1, '2019-11-29 07:23:48', '15+', 85, '/movies/Viral/1575055425.mkv', NULL, NULL, b'0', 'Viral', ''),
(121, 'Ghajini', '/covers/Ghajini/1575055665.jpg', NULL, '2008', 'Sanjay Singhania, Hindistan’ın en zengin iş adamlarından biridir. Nişanlısı Kalpana ile mutlu bir beraberliği vardır. Yakın zamanda evlenmeyi düşünen çift korkunç bir saldırıya maruz kalır. Mafya lideri olan Ghajini, Sanjay Singhania’nın gözleri önünde Kalpana’yı öldürür. Saldırı sırasında kafasına darbe alan Sanjay ise hafızasını kaybeder. Her 15 dakikada bir hafızasından her şey silinir. Gajini’yi bulmak, intikamını almak için ant içen Sanjay, unutmamak için her şeyi vücuduna ve not defterine başlar. Gajini, bütün bu karmaşayı çözebilmek için ipuçlarını takip etmek zorundadır!', 1, '2019-11-29 07:27:45', '15+', 183, '/movies/Ghajini/1575055662.mkv', NULL, NULL, b'0', 'Ghajini', ''),
(122, 'Issız Adam', '/covers/Issız Adam/1575057207.jpg', NULL, '2008', 'Bir kitap dükkanında tesadüf eseri karşılan, birbirinden tamamen farklı iki karakter olan Alper ve Ada\'nın hayatları o günden itibaren bambaşka bir yöne evrilir. Varlıklı Alper önemli bir restoranda, yüksek mertebeli bir aşçıdır. Hayata dair pek bir beklentisi olmayan yalnız adamın tek tutkusu eski plakları dinlemektir. Cinsel hayatı sorunlu olan bu adam aşkı hiç tatmamıştır.\r\nAda ise hayat dolu, zeki ve sosyal ilişkileri kuvvetli olan münzevi bir kızdır. Hayatını Beyoğlu\'ndaki küçük dükkanında diktiği çocuk kostümleriyle kazanmaktadır. Bu iki farklı kişiliğin arasında o ilk anda filizlenen şey, ikisini de yıllar sürecek bir drama doğru sürükler.', 1, '2019-11-29 07:53:27', '18+', 103, '/movies/Issız Adam/1575057207.mkv', NULL, NULL, b'0', 'Alone', ''),
(123, 'Kaybedenler Kulübü', '/covers/Kaybedenler Kulübü/1575057542.jpg', NULL, '2011', 'Bağımsız ve alternatif kitaplarıyla tanınan bir yayınevinin sahibi Kaan ve Kadıköy\'de bar işleten, sağlam bir efemera ve plak koleksiyoneri olan Mete, 90\'lı yıllarda sanki karşılıklı rahat bir sohbet ediyorlarmış ve kimselerin de bunu dinlediğinden haberi yokmuş gibi bir radyo programı sunuyorlardır.\r\n\r\nHergün farklı farklı kadınlarla takılan Kaan, barda tanıştığı Zeynep\'de aradığı aşkı bulduğunda bu aşka tutkuyla başlanır. Hem de ikilinin arasındaki farklı hayat görüşlerine rağmen... Bu arada toplumun farklı kesimlerinden insanları biraraya getirerek adeta bir ‘ortak mahalle’de buluşturan ‘Kaybedenler Kulübü’ de doğmuştur.', 1, '2019-11-29 07:59:02', '15+', 110, '/movies/Kaybedenler Kulübü/1575057542.mkv', NULL, NULL, b'0', 'Losers\' Club', ''),
(124, 'Üç Maymun', '/covers/Üç Maymun/1575058129.jpg', NULL, '2008', 'Yaklaşan genel seçimlere bir muhalefet partisinden aday olarak girecek iş adamı Servet, ıssız bir yolda trafik kazası yapar. Ölümle sonuçlanan kaza sırasında araçta bile olmayan şoförü Eyüp\'e para verip yalan söyleterek ölümün sorumluluğunu almasını ister. Servet, kendisi yerine hapse giren Eyüp\'ün karısı Hacer ile de ilişkiye girmeye başlayınca, olaylar sonunda bir aile dramına sebep olacak kadar karışır.', 1, '2019-11-29 08:08:49', '12+', 109, '/movies/Üç Maymun/1575058129.mkv', NULL, NULL, b'0', 'Three Monkeys', ''),
(125, 'Geçmişin Gölgesinde', '/covers/Geçmişin Gölgesinde/1575058959.jpg', NULL, '1998', 'Geçmişin Gölgesinde, ölüdürülen babasının intikamını almaya çalışan bir gencin hikayesini anlatıyor. Babasının uyuşturucu satıcısı bir zenci tarafından öldürülmesinden sonra Derek faşist bir çetenin önemli bir üyesi haline gelmiştir. Babasının ölümünün intikamını bu örgütün, kendileri gibi olmayanlara karşı yaptığı saldırılar ve tacizlerle almaya çalışan Derek, bir gün, arabasını çalmaya çalışan iki zenciyi öldürür ve hapse girer. Bu süreçte küçük kardeşi Danny de ağabeyinin izinden gitmeyi seçer. Derek hapiste geçirdiği süre boyunca bambaşka bir adam olmuş, yaptığı hatalardan pişmanlık duymuştur. Artık bir “dazlak” değildir ve tek amacı kardeşini bu yanlış yoldan geri döndürmeye çalışmak olacaktır.', 1, '2019-11-29 08:22:39', '13+', 119, '/movies/Geçmişin Gölgesinde/1575058959.mkv', NULL, NULL, b'0', 'American History X', ''),
(126, 'Loraks', '/covers/Loraks/1575060023.jpg', NULL, '2012', 'Lorax\'ta, 12 yaşındaki Ted, hayallerindeki kız Ashley\'in ilgisini çekmek için hayatta tek bir şeyin peşinden koşar. Aradığı şeye ulaşması için de garip ama bir o kadar da sevimli bir yaratık olan Loraks\'ın hikayesini keşfetmek, gizemini çözmek zorundadır...', 1, '2019-11-29 08:40:23', '7+', 87, '/movies/Loraks/1575060023.mkv', NULL, NULL, b'0', 'The Lorax', ''),
(127, 'Sadece Sen', '/covers/Sadece Sen/1575061738.jpg', NULL, '2014', 'Ali, yaşamında oldukça zor bir dönemden geçmektedir. Nasıl başa çıkacağını düşündüğü bir sırada, sessiz sakin bir hayat sürmekte olan Hazal ile tanışır. Hazal, Ali\'nin ketum ve durgun ruhuna büyük heyecan katacak, kalbi onun için çarpmaya başlayacaktır. Birbirlerini tanıdıkça Ali\'nin Hazal hakkında öğrendikleri, ona geçmişte kendi yaptığı hataları hatırlatacaktır. Ali her ne kadar boksörlük mesleğini bırakmış olsa da Hazal\'a olan aşkı için son bir kez dövüşmesi gerekecektir...', 1, '2019-11-29 09:08:58', '16+', 105, '/movies/Sadece Sen/1575061738.mkv', NULL, NULL, b'0', 'Sadece Sen', ''),
(128, 'Maske', '/covers/Maske/1575062260.jpg', NULL, '1994', 'Stanley Ipkiss (Jim Carrey), iyi yürekli bir banka memurudur. Bir gün bulduğu antika bir maskeyi takar ve inanılmaz güçlere sahip bir yaratığa dönüşür. Halk arasında Maske diye tanınan kahramanımız, yanlışlıkla Dorian Tyrel (Peter Greene) adlı bir mafya liderinin hedefi haline gelir.', 1, '2019-11-29 09:17:40', '12+', 100, '/movies/Maske/1575062260.mkv', NULL, NULL, b'0', 'The Mask', ''),
(129, 'Dünyanın En Güzel Kokusu', '/covers/Dünyanın En Güzel Kokusu/1575150907.jpg', NULL, '2016', 'Dünyanın En Güzel Kokusu filminde; Hakan evlilik bağının ilişkileri tükettiğine inanan, sürekli partner değiştiren bir şarkı sözü yazarıdır. Derya ise Hakan\'ın hem en yakın arkadaşı, hem de zor gün dostudur. Karşılarına kim çıksa ilişki kurmakta zorlanan bu iki kişi bir yandan da çocuk özlemi çekmektedir. Hakan, Derya\'ya bir gün evlenip beraber bir çocuk yapmayı teklif eder. Kaidelerine göre kurulmuş bir evlilikle, çocuk sahibi olduktan sonra ise ilişkilerine iki arkadaş olarak devam edeceklerdir. Derya başta tereddüt etse de, sonrasında teklifi kabul eder. Peki her şey planlandığı gibi mi gidecektir?', 1, '2019-11-30 09:55:07', '16+', 91, '/movies/Dünyanın En Güzel Kokusu/1575150907.mkv', NULL, NULL, b'0', 'Dünyanın En Güzel Kokusu', ''),
(130, 'Sadık Dostum', '/covers/Sadık Dostum/1575152537.jpg', NULL, '2019', 'Sadık Dostum, sahibini bulmak için 400 mil yol kat eden bir köpeğin hikayesini konu ediyor. Sevimli bir köpek yavrusu olan Bella’yı terk edilmiş bir binada bulan Lucas, ne yapacağına karar veremez. Yavru köpeği tek başına bırakmak istemeyen Lucas, onu eve götürmek ister ancak annesi ile birlikte yaşadığı evin sahibi, eve köpek sokmaya izin vermez. Bella’yı bırakacak yer bulamayan Lucas çareyi köpeği gizlice eve sokmakta bulur. Sevimli köpek yeni evinden oldukça mutludur ve kısa sürede ailenin bir parçası haline gelir. Ancak onu komşulardan saklamak gün geçtikçe zorlaşır. Lucas, Bella’yı evde daha fazla saklayamayınca büyük bir risk alır. Gazilerin kaldığı bir hastanede çalışan genç adam, Bella’yı hastanede saklamaya başlar. Sevimli köpek Bella burada da herkesin neşe kaynağı olur. Ancak Bella bir kontrol sırasında yakalanınca, ne yapacağına karar veremeyen Lucas’ın onu koruyucu bir aileye göndermekten başka çaresi kalmaz. Bu zorunlu ayrılık ikisini de derinden etkiler. Kilometrelerce uzağa gönderilen ve sahibinden ayrı kalmak istemeyen sevimli köpek, kilometrelerce uzakta evine geri dönmek için tehlikeli bir yolculuğa atılır.', 1, '2019-11-30 10:22:18', '6+', 96, '/movies/Sadık Dostum/1575152537.mkv', NULL, NULL, b'0', 'A Dog\'s Way Home', ''),
(131, '3 Aptal', '/covers/3 Aptal/1575153294.jpg', NULL, '2009', '3 Aptal\'da Rancho Chhanched, Farhan Qureshi ve Raju Rastogi Hindistan\'ın en önemli bir okulunda mühendislik okuyan ve okulun yurdunda aynı odada kalan üç öğrencidir. Raju ailesini fakirlikten kurtarma gibi bir ideale sahipken Farhan ailesinin isteği doğrultunda bu bölümü seçmiştir. Rancho ise makinelere duyduğu tutku nedeniyle mühendis olmayı istemektedir. Bu üçlü ve profesörleri Viru arasında yaşananlar, dostluk kavramını beyaz perdeye yansıtırken eğitim sistemini de sert ve eğlenceli bir şekilde eleştirir niteliktedir.', 1, '2019-11-30 10:34:54', '12+', 170, '/movies/3 Aptal/1575153294.mkv', NULL, NULL, b'0', '3 Idiots', ''),
(132, 'Kanal-İ-Zasyon', '/covers/Kanal-İ-Zasyon/1575155449.jpg', NULL, '2009', 'Bayülgen\'in gerçek hayattaki televizyoncu kimliğiyle cuk oturduğu bu yapım, bir televizyon kanalı olan Kanal-İ’de geçen komik olayları anlatıyor. Eğlenceli televizyon programlarının yer aldığı komedi filmi her kesimden insanı güldürme iddiasını taşıyor. Saf Anadolu çocuğu İmdat\'ın cam siliciliğinden Televizyon Kanalı Genel Müdürlüğü’ne ve Türkiye’nin rating rekortmeni bir yapımcıya dönüşmesini, rating rekorları kıran birbirinden ilginç ve absürd televizyon şov ve programlarını izlemeye hazır olun.', 1, '2019-11-30 11:10:49', '15+', 90, '/movies/Kanal-İ-Zasyon/1575155449.mkv', NULL, NULL, b'0', 'Kanal-i-zasyon', ''),
(133, 'Turist', '/covers/Turist/1575156208.jpg', NULL, '2010', 'Yakışıklı aktör Johnny Deep\'in canlandırdığı Frank, aşk acısından muzdarip bir serüvenci olarak soluğu İtalya\'da alır. Bu seyahat neticesinde, kırık kalbinin acısının hafifleyeceğini düşünmektedir. Bu bunaltılı durumdan kurtulmak için İtalya\'ya giden Amerikalı turist, Frank\'in etrafında şekillenen bu filmde Angelina Jolie, tüm ihtişamıyla Elise karakterine can veriyor. Olağanüstü bir figür olan Elise ile Frank\'in yolları bir şekilde kesişmiş ve işler değişmiştir. Ancak Elise\'nin onunla karşılaşması aslında tesadüf değildir. Arka planda Venedik\'in nefes kesen manzaraları eşliğinde Frank, bir ilişkinin ardından koşarken aslında etrafında tehlikeli entrikaların döndüğünü fark eder.', 1, '2019-11-30 11:23:28', '7+', 103, '/movies/Turist/1575156208.mkv', NULL, NULL, b'0', 'The Tourist', ''),
(134, 'The Hateful Eight', '/covers/The Hateful Eight/1575158506.jpg', NULL, '2015', 'The Hateful Eight’te bir posta arabası, kış soğuğu yaşayan Wyoming’den geçer. Yolcular, cellat John Ruth ve yakaladığı kaçak Daisy Domergue, Domergue\'nun adalete teslim edilmesi için Ruth\'un \"Cellat\" olarak bilindiği Red Rock kasabasına hızla yol alır. Yolda iki yabancıyla tanışırlar: Biri, kötü şöhretli bir ödül avcısı olan, zenci bir eski federasyon askeri Binbaşı Marquis Warren ve diğeri de kasabanın şerifi olduğunu iddia eden güneyli haydut Chris Mannix. Tipide yollarını kaybeden Ruth, Domergue, Warren ve Mannix, bir dağ geçidindeki konaklama yeri olan Minnie\'s Haberdashery\'ye sığınır. Minnie\'s\'e vardıklarında onları mekânın sahibi değil, dört yabancı karşılar: Minnie annesini ziyaret ederken Minnie\'s\'e göz kulak olan Bob, Red Rock celladı Oswaldo Mobray, Kovboy Joe Gage ve Müttefik Sanford Smithers. Fırtına, dağdaki konaklama yerini etkisi altına alırken, sekiz gezginimiz, Red Rock\'a hiç varamayabileceklerini öğrenir.', 1, '2019-12-01 12:01:46', '18+', 168, '/movies/The Hateful Eight/1575158506.mkv', NULL, NULL, b'0', 'The Hateful Eight', ''),
(135, 'Diriliş', '/covers/Diriliş/1575159733.jpg', NULL, '2015', 'Hugh Glass kürkleri için hayvanları avlayan bir kuruluş için çalışan deneyimli bir tuzakçıdır. Fakat avlandıkları bölgelerde kendilerinden başka hem yerli Kızılderililer hem de Fransız birlikleri kol gezmektedir. Bir av ertesinde bir boz ayı tarafından ölümcül bir biçimde yaralanan Glass\'ı, yavaşlamamak adına ekibi ölüme terk eder. Fakat bölgeyi herkesten iyi bilen avcı Glass hayata tutunur ve yavaş da olsa yaraları iyileşir. Zira yaşama tutunması için oldukça geçerli bir sebebi vardır...', 1, '2019-12-01 12:22:13', '15+', 156, '/movies/Diriliş/1575159733.mkv', NULL, NULL, b'0', 'The Revenant', ''),
(136, 'Muhteşem Yedili', '/covers/Muhteşem Yedili/1575160730.jpg', NULL, '2016', 'Vahşi Batıda yedi silahşör sanayici Bartholow Bogue\'un sert yönetimi altındaki fakir bir köyü korumak için tutulur. Ödül avcıları, kumarbazlar ve kiralık silahlı adamlardan oluşan bu grupta Sam Chisolm, Josh Farraday, Goodnight Robicheaux, Jack Horne, Billy Rocks, Vasquez ve Red Harvest yer almaktadır. Bu 7 kişilik grup sakin Rose Creek kasabasını gelecek büyük saldırıya karşı hazırlarken, kendi içlerindeki değerleri de yeniden keşfederler.', 1, '2019-12-01 12:38:50', '13+', 133, '/movies/Muhteşem Yedili/1575160730.mkv', NULL, NULL, b'0', 'The Magnificent Seven', ''),
(137, 'İz Peşinde', '/covers/İz Peşinde/1575161291.jpg', NULL, '2010', 'Tarih 1870\'ler, yer İç Savaştan çıkmış Amerika. Babası öldürülmüş ve bunun için adalet arayan 14 yaşındaki Mattie Ross, Kızılderili Toprakları\'na izinsiz girmeden önce para için babasını öldürdüğü söylenen korkak Tom Chaney\'in peşinden, onu bulmak için ailenin tek üyesi olarak Arkansas/Fort Smith\'e gelir. Chaney’i cezalandırmak için ant içen Mattie, ülkenin en acımasız askeri olarak bilinen sarhoş ve sorumsuz Rooster Cogburn\'ü, Chaney\'i yakalaması için kiralar. Yolda karşılarına çıkan Texas polisi LaBoeuf de Chaney\'i yakalayıp Texas\'a götürmek istiyordur. Böylece bu üçlü kovalamacanın peşinde bir araya gelir. Her biri dediğim dedik, inatçı, kendi ahlâk değerlerinin izini süren bu ilginç ekip, öngörülemez bir hesaplaşmanın peşinde koşarken kendilerini birden bir efsanenin içine düşmüş olarak bulurlar: zalimlik ve kötülük, hayal kırıklığı ve cesaret, azim ve saf aşk.', 1, '2019-12-01 12:48:11', '15+', 110, '/movies/İz Peşinde/1575161291.mkv', NULL, NULL, b'0', 'True Grit', ''),
(138, 'Zincirsiz', '/covers/Zincirsiz/1575161842.jpg', NULL, '2012', 'Zincirsiz, Köle Django’nun Alman asıllı ödül avcısı Dr. King Schultz ile yolunun kesişmesiyle başlıyor. Django, eski efendisini ölü ya da diri ele geçirmek isteyen Schultz ile anlaşmaya varır ve özgürlüğü karşısında Brittle kardeşleri kendisine getirme sözü verir. Görev başarıyla tamamlanır ama ikilinin yolları ayrılmaz Schultz ve Django beraber Güney’in en çok aranan suçlularının peşine düşerler… ‘Avlanma’ hünerini her geçen gün geliştiren Django’nun artık tek bir hedefi vardır: köle ticareti yüzünden kaybettiği eşi Broomhilda’yı bulmak ve onu kurtarmak... Bu hedef onları kötü şöhretli “Candyland” çiftliğine ve çiftliğin sahibi olan Calvin Candie’ye götürecektir…', 1, '2019-12-01 12:57:22', '18+', 165, '/movies/Zincirsiz/1575161841.mkv', NULL, NULL, b'0', 'Django Unchained', ''),
(139, 'Bone Tomahawk', '/covers/Bone Tomahawk/1575215049.jpg', NULL, '2015', 'Dört cesur adamın, bir grup esiri, yamyam bir kabilenin elinden kurtarma girişimini anlatacak olan film, eski usül western konseptine de fazlasıyla yakın duran bir görsel estetiğe ve öykü evrenine sahip olacak gibi görünüyor!', 1, '2019-12-01 03:44:09', '18+', 132, '/movies/Bone Tomahawk/1575215049.mkv', NULL, NULL, b'0', 'Bone Tomahawk', ''),
(140, 'Kör Nokta', '/covers/The Blind Side/1575216521.jpg', NULL, '2009', 'Fakir ve aşırı derecede iri bir genç olan Michael Oher bir kolej futbol takımına girince, kendi ve çevresindekilerin hayatı tümden değiştir.', 1, '2019-12-01 04:08:41', '13+', 129, '/movies/The Blind Side/1575216521.mkv', NULL, NULL, b'0', 'The Blind Side', ''),
(141, 'Ay Işığı', '/covers/Ay Işığı/1575234645.jpg', NULL, '2016', 'İnsan ilişkileri ve insanın kendini keşfetmesi hakkında bir film olan Ay Işığı, genç siyahi bir adamın çocukluğundan yetişkinliğe kadar Miami\'nin zor bir mahallesinde, hayatta kendine yer edinme savaşını ve büyüme hikayesini anlatıyor. Chiron\'un hayatının 3 ayrı dönemini anlatan film kahramanın annesi ile ilişkisine, okul hayatına, romantik ilişkisine, iş hayatına ve uyuşturucu satıcılığı yapan Juan ile olan ilişkisine değiniyor.', 1, '2019-12-01 09:10:45', '15+', 111, '/movies/Ay Işığı/1575234645.mkv', NULL, NULL, b'0', 'Moonlight', ''),
(142, 'Lincoln', '/covers/Lincoln/1575235078.jpg', NULL, '2012', 'Film, Amerika Birleşik Devletleri\'nin 16. Başkanı olan ve kuzey eyaletlerinde 1861-1865 yılları arasında yaşanan iç savaşa öncülük eden Lincoln\'un son dönemlerine ışık tutuyor. İç Savaş\'ın hararetli günleri geride kalınca, Abraham Lincoln ile kabinesi arasında fikir ayrılıkları da su yüzüne çıkacaktır. En ciddi görüş ayrılığı ise kölelik konusunda yaşanacaktır...', 1, '2019-12-01 09:17:58', '12+', 150, '/movies/Lincoln/1575235078.mkv', NULL, NULL, b'0', 'Lincoln', ''),
(143, 'Yeni Hayat', '/covers/Yeni Hayat/1575235742.jpg', NULL, '2000', 'Uzun süreli bir ilişkisi olan ve yoğunluğundan dolayı evlenmeye bile fırsat bulamayan Noland Noel gecesi sırasında aldığı bir telefonda bir işi çözümlemek için Malezya\'ya gitmesi gerektiğini öğrenir. Yola çıkan adam Güney Pasifik\'te uçtuğu sırada uçak bilinmeyen bir sebeple düşer.\r\nBilincini kaybeden Noland uyandığında kendini ıssız bir adada tek başına bulur. Modern dünyanın nimetleriyle yaşamını sürdürmüş olan çaresiz adam bu adada ne kadar ayakta kalabilecektir?', 1, '2019-12-01 09:29:02', '12+', 143, '/movies/Yeni Hayat/1575235742.mkv', NULL, NULL, b'0', 'Cast Away', ''),
(144, 'Mr. Banks', '/covers/Mr. Banks/1575236255.jpg', NULL, '2013', 'Amerikalı sinemacı Walt Disney iki kızına Mary Poppins hakkında bir film yapmak için söz verir. İlk başta orijinal romanın yazarı P.L. Travers’dan izin alması gerekmektedir. 1961’de yazar Londra’dan Hollywood’a Disney projesini görüşmek için gelir. Fakat yüzleşemediği bazı acıları ve hesaplaşmaları vardır. California’da kaldığı süre boyunca Avusturalya’daki ailesinin geçmişte çektiği sıkıntıları anımsar. O sene kaybettiği babası Mr. Banks karakterine ilham kaynağı olmuştur. Travers ve Disney film için anlaşmaya varırlar ama Walt Disney’in de masaya getireceği şartlar vardır.', 1, '2019-12-01 09:37:35', '13+', 125, '/movies/Mr. Banks/1575236255.mkv', NULL, NULL, b'0', 'Saving Mr. Banks', ''),
(145, 'Aşk', '/covers/Aşk/1575243015.jpg', NULL, '2013', 'Theodore Twombly hayatını, yakın gelecekte nadir bulunan bir şeye dönüşmüş olan el yazımı mektupları yazarak kazanmaktadır. Ve bu yıllarda insanların işlerini artık bilgisayar programları yerine getirmektedir. Theodore, karısından boşandıktan sonra bir apartman dairesinde tek başına yaşamaya başlar ve bir gün karşılaştığı bir teknoloji reklamıyla birlikte hayatı değişir.', 1, '2019-12-01 11:30:15', '15+', 126, '/movies/Aşk/1575243015.mkv', NULL, NULL, b'0', 'Her', ''),
(146, 'Mavi En Sıcak Renktir', '/covers/Mavi En Sıcak Renktir/1575248281.jpg', NULL, '2013', '15 yaşındaki Adele\'in emin olduğu iki şey vardır; o bir kızdır ve kızlar erkeklerle çıkar. Bir gün büyük meydanda Emma\'nın mavi saçlarını farkediverir ve işte o an hayatının değişeceğini anlar. Kendi ergenlik sorularıyla yapayalnız, bakışlarını kendine ve başkalarının bakışlarını kendine çevirir. Emma\'yla yaşadığı aşkı bir kadın olarak, bir yetişkin olarak yaşamaktadır.', 1, '2019-12-02 12:58:01', '18+', 179, '/movies/Mavi En Sıcak Renktir/1575248281.mkv', NULL, NULL, b'0', 'Blue Is the Warmest Colour', ''),
(147, '12 Yıllık Esaret', '/covers/12 Yıllık Esaret/1575418559.jpg', NULL, '2013', '12 Yıllık Esaret, özgürlüğünü geri kazanmaya çalışan bir adamın hikayesini anlatıyor. 1841\'de New York\'ta yaşayan Solomon Northup, kendisini müziğe adamış siyahi bir adamdır. Ailesiyle birlikte yaşayan Solomon, özgür yaşayan ve istediği şeyleri yapabildiği için mutlu bir adamdır. Fakat bir gün bir müzik işi için 2 adam ile tanışır ve çalışmak için Washington\'a gider. İnandığı medeni dünya alt üst olur çünkü kendisini kaçırıp Güney\'de bir çiflikte köle olarak çalışması için satarlar. Özgürlüğünü korumak için verdiği tüm emekler ve mücadele yerle bir olmuş, hayatı kabusa dönmüştür. Bu cehennemde Solomon acıyı, şiddeti, küçük düşürülmeyi yeniden öğrenecek ve isyan etmeye cesareti olmayan br grup insanın umutsuzluğuna şahit olacaktır. Sevdiklerini ve hayatını geri almak için ne yapması gerektiğini kesinlikle bulmuştur.', 1, '2019-12-03 12:15:59', '15+', 134, '/movies/12 Yıllık Esaret/1575418559.mkv', NULL, NULL, b'0', '12 Years a Slave', ''),
(148, 'Para Avcısı', '/covers/Para Avcısı/1575419692.jpg', NULL, '2013', 'Para Avcısı, gerçek bir yaşam öyküsünü konu ediyor. Jordan Belfort 24 yaşında genç ve hırslı bir adamdır. Para kazanma arzusuyla Wall Street borsasında önce komisyoncu ve ardından Stratton Oakmont adında bir yatırımcı firmasında zengin olmak için her şeyi yapmaya hazır bir CEO olur. 90\'ların en hızlı günleridir ve New York işlem salonunda her şey olabilmektedir. Önemsiz tahvillerle birçok yatırımcıyı aldatarak, Belfort kısa zamanda bir para makinasına ve aynı zamanda bir harcama makinasına dönüşür. Bir günde hesapları milyon dolarlarla doldururken o gece hepsini aynı hızda harcayabilir. Profesyonel hayatının yanı sıra uyuşturucu, fahişeler, son derece pahalı lüks fantezilerle dolu kirli bir oyunun içindedir. Bu karakterin hayatındaki her şey abartılı bir şekilde devam ederken, çöküş ise çok uzakta değildir.', 1, '2019-12-03 12:34:52', '18+', 179, '/movies/Para Avcısı/1575419692.mkv', NULL, NULL, b'0', 'The Wolf of Wall Street', ''),
(149, 'Karışık Aile', '/covers/Karışık Aile/1575420277.jpg', NULL, '2014', 'Orta yaşlardaki Lauren ve Jim eşlerinden ayrılmış, çocuklarıyla yaşayan yalnız ebeveynlerdir. Yolları bir nevi görücü usulü buluştuklarında kesişir ve bu kötü geçen buluşma sonrasında bir daha asla görüşmemeye yemin ederler. Ancak kader ikisi için de ağlarını çoktan örmüştür. İkisi de birbirinden habersiz çocuklarıyla yapacakları tatili planlamış ve Afrika\'da bir safari tatil köyünde karşı karşıya gelmişlerdir. Daha da ilginç olanıysa bu tatil, birlikte aynı süit odayı paylaşmak durumunda kalacakları bir haftalık bir maceraya dönüşecektir!\r\nYönetmenliğini Frank Coraci’nin senaristliğini ise Ivan Menchell ve Clare Sera’nın beraber üstlendiği filmin başrollerinde romantik komedi türünün iki ünlü yüzü Adam Sandler ve Drew Barrymore yer alıyor.', 1, '2019-12-03 12:44:37', '15+', 117, '/movies/Karışık Aile/1575420277.mkv', NULL, NULL, b'0', 'Blended', ''),
(150, 'Şu An Muhteşem', '/covers/Şu An Muhteşem/1575421009.jpg', NULL, '2013', 'Sıradan bir Amerikan banliyösünde geçen, bildik bir büyüme öyküsü gibi başlayan film,\r\nhavuz partileri, araba gezintileri, popüler kız-oğlan gibi klişe sandığımız temaların içinde seyriciyi yanıltmayı başaran bir yapım. Yönetmenliğini James Ponsoldt’un üstlendiği filmin oyuncu kadrosunda Miles Teller, Shailene Woodley, Kyle Chandler gibi isimler yer alıyor…', 1, '2019-12-03 12:56:49', '15+', 95, '/movies/Şu An Muhteşem/1575421009.mkv', NULL, NULL, b'0', 'The Spectacular Now', ''),
(151, 'Birdman', '/covers/Birdman/1575421793.jpg', NULL, '2014', 'Bir dönemin \'Birdman\' adlı süper kahraman filmleri serisiyle ünlenen oyuncusu Riggan, Broadway\'de kendi yönettiği ve başrolünde yer aldığı bir oyunun son hazırlıklarını yapmaktadır. Ancak provalar esnasında oyunculardan biri beklenmedik bir biçimde yaralanır ve yerinin acil olarak doldurulması gerekir. Lesley ve onun en yakın arkadaşı olan Jake\'in önerisiyle bir zamanların gözde yıldızı olan Mike Shiner ile anlaşılır. Riggan sahneye çıkma hazırlıkları yaparken en başta Mike Shiner ardından ise oyuncu olan sevgilisi Laura, kişisel asistanlığını yürüten kızı Sam ve mükemmeliyetçi eski karısı Sylvia baş etmek durumunda kalır. Riggan kendine yeniden prestij kazandırmasını beklediği bu oyunu, beklentilerin aksine olumlu tepkiler kazanması için elinden geleni yapacaktır.', 1, '2019-12-04 01:09:53', '16+', 119, '/movies/Birdman/1575421790.mkv', NULL, NULL, b'0', 'Birdman or (The Unexpected Virtue of Ignorance)', ''),
(152, 'Yıldızlararası', '/covers/Yıldızlararası/1575422386.jpg', NULL, '2014', 'Yıldızlararası\'nda, teknik bilgisi ve becerisi yüksek olan Cooper, geniş mısır tarlalarında çiftçilik yaparak geçinmektedir; amacı iki çocuğuna güvenli bir hayat sunmaktır. Onlarla yaşayan Büyükbaba Donald çocuklara göz kulak olurken, henüz 10 yaşındaki kızı Murph şaşırtıcı bir zekaya sahiptir. Geçmişte bıraktığı biliminsanı kariyerini özleyen Cooper\'un karşısına bir gün beklenmedik bir teklif çıkar ve ailesinin, dahası insanlığın güvenliği için zorlu bir karar alması gerekir...\r\n\r\nChristopher Nolan\'ın, Jonathan Nolan ile kaleme aldığı ve yönetmenliğini sırtladığı filmin yıldız oyunculardan oluşan oyuncu kadrosunda Matthew McConaughey, Anne Hathaway, Jessica Chastain, Matt Damon, Bill Irwin, John Lithgow ve Michael Caine gibi isimler yer alıyor. Bilimkurgunun yanı sıra dramatik öğeler de içeren filmin senaryosu Fizikçi Kip S. Thorne\'nun evrendeki \'Solucan Delikleri\' teorisinden ilham alıyor.', 1, '2019-12-04 01:19:46', '12+', 169, '/movies/Yıldızlararası/1575422386.mkv', NULL, NULL, b'0', 'Interstellar', ''),
(153, 'Locke', '/covers/Locke/1575422779.jpg', NULL, '2013', 'Bir yapı şirketinde yönetici olan ve başarılı bir kariyere sahip olan Ivan Locke, iki çocuğu ve karısıyla birlikte sorunsuz bir hayat sürmektedir. Bu gidişat aldığı bir haberle son bulur. Arabasıyla çıktığı yolda kendini, hayatını ve sahip olduğu her şeyi sorgulamasına yol açan bu haberin ağırlığıyla mücadele ederken bir yandan da işiyle ilgili bir krizle uğraşmaktadır. Şirketi oldukça zarara sokabilecek bu krizi soğukkanlılıkla çözmeye çalışır. Ama yalın ve basit çözümler ve hiç kaybetmediği süküneti karşı tarafı sakinleştirmeye yetmez. Ivan Locke o telefon konuşması sırasında kariyerinin ve hayatının en zorlu sınavıyla karşı karşıya gelir. Arabasının içinde, kısa bir süre içerisinde gerçekleşecek olan felaketi durdurmak için zamana karşı koyma mücadelesi başlar. Öte yandan da tek başına çıktığı yolculukta kendi geçmişiyle de bir hesaplaşma içine girer. Tom Hardy\'nin başrolünde yer aldığı film tek mekanda, Ivan Locke karakterinin arabasında geçiyor.', 1, '2019-12-04 01:26:19', '15+', 85, '/movies/Locke/1575422779.mkv', NULL, NULL, b'0', 'Locke', ''),
(154, 'Yenilmez Şampiyon', '/covers/Yenilmez Şampiyon/1575423408.jpg', NULL, '2014', 'Gerçek bir hikayeden beyazperdeye uyarlanan film, De La Salle Lisesi\'nin futbol antrenörü Bob Ladoucer ve yardımcısı Terry Eidson\'ın hikayesini anlatıyor. Hiçbir iddiası olmayan bu futbol takımı, Bob Ladoucer\'ı bulur ve antrenör zamanla takımda keşfedilmeyen gizli yeteneklerin bulunduğunu fark eder. Zamanla bu yetenekleri ortaya çıkarır; bu nedenle daha da istekli ve hırslı bir hale geldikçe takımınının da zafere inanmasını sağlar. İyi bir takım ruhu oluştuktan sonra gerçekleştirdikleri başarılarla futbol tarihinde rekor kırmaya kadar ilerlerler...', 1, '2019-12-04 01:36:48', '12+', 115, '/movies/Yenilmez Şampiyon/1575423408.mkv', NULL, NULL, b'0', 'When the Game Stands Tall', ''),
(155, 'İhtiyarlara Yer Yok', '/covers/İhtiyarlara Yer Yok/1575423837.jpg', NULL, '2007', 'İhtiyarlara Yer Yok, Coen kardeşler yapımıdır ve dört Oscar kazanmalarını sağlamıştır. Bir başyapıt olarak kabul görmektedir. Llewelyn Moss, bir olay yerinde bulduğu çantayı alır ve başını hiç ummadığı bir belaya sokar. Artık peşinde bir kiralık katil vardır. Moss bir Vietnam gazisidir ve bir şekilde uyuşturucu olaylarının ortasında soruna dönüşen bir meseleye karışır. Peşindeki katil Anton Chigurh planı konusunda kararlıdır çünkü işini yarım bıramak niyetinde değildir. İşin için çok sayıda masum insanın ve suçluların da karışacağı soluk soluğa bir takip başlayacaktır.', 1, '2019-12-04 01:43:57', '18+', 122, '/movies/İhtiyarlara Yer Yok/1575423837.mkv', NULL, NULL, b'0', 'No Country for Old Men', ''),
(156, 'Max', '/covers/Maks/1575424558.jpg', NULL, '2015', 'Savaşın çok şiddetli sürdüğü afganistan\'daki birliğe isteyerek giden Kyle henüz daha küçük bir köpek olan max ile yolları kesişir ve birbirlerine yoldaşlık ederler. Kyle ona çok güzel eğitim verir ve tamda eğitimli savaş köpeği olur. 2015 yapımı bir film macera ve aile türünde.', 1, '2019-12-04 01:55:58', '13+', 111, '/movies/Maks/1575424558.mkv', NULL, NULL, b'0', 'Max', ''),
(157, 'Son Şans', '/covers/Son Şans/1575425023.jpg', NULL, '2015', 'Billy Hope kariyerinin zirvesine çıkmak için çabalayan başarılı bir boksördür. Ailesinden yana da her şeyin yolunda gittiği kusursuza yakın bir hayat sürerken karısının trajik ölümüyle sarsılan Billy, kendini alkol ve uyuşturucu batağında bulur. Düştüğü deliğin en dip noktasıyla ise kızının velayetinin elinden alınması ve evini kaybetme ihtimalinin ortaya çıkmasıyla tanışır. Billy bu noktada eski bir boksör olan Tick ile buluşup ondan kendini eğitmesini ister. Tick genç adamı yalnızca boks alanında değil ruhsal anlamda da geliştirmeye çalışır. Billy üst seviyede profesyonel bir boksör olup hayallerini gerçekleştirmeye çalışırken kızını geri kazanmak için de mücadele edecektir.', 1, '2019-12-04 02:03:43', '16+', 124, '/movies/Son Şans/1575425023.mkv', NULL, NULL, b'0', 'Southpaw', ''),
(158, 'Akıl Defteri', '/covers/Akıl Defteri/1575425531.jpg', NULL, '2000', 'Akıl Defteri, kısa süreli hafıza kaybı olan bir adamın karısını öldürenleri bulma çabasını konu ediyor. Leonard Shelby, ucuz otel odalarında konaklayan ve sadece nakit para kullanan biridir. Şık giysiler giyip, Jaguar marka araba kullanan Leonard, dışarıdan işadamı gibi görünmektedir. Fakat aslında hayatını karısına tecavüz edip öldüren kişiyi bulmak için adayan biridir.\r\nNe yazık ki Leonard’ın bu yolda ciddi bir engeli vardır, yaşadığı, çok ender rastlanan ve tedavi edilemeyen bir tür hafıza kaybı. Her ne kadar hayatının \'kaza\'’dan önceki dönemlerini hatırlayabiliyorsa da, bazen 15 dakika öncesinde nereye gittiğini ve nerede olduğunu bile unutabilmektedir.', 1, '2019-12-04 02:12:11', '18+', 113, '/movies/Akıl Defteri/1575425531.mkv', NULL, NULL, b'0', 'Memento', ''),
(159, 'Tatil Zamanı', '/covers/Tatil Zamanı/1575425861.jpg', NULL, '2015', 'Griswold’lerin yeni jenerasyonu da kendini yollara vurmaya hazır! Başrollerinde Felekten Bir Gece ile komedi kulvarının gedikli isimlerinden biri haline gelen Ed Helms ve Christina Applegate\'ın yer aldığı yepyeni bir tatil macerası, tüm aileyi yollara döküyor. Artık bir yetişkin ve aile babası olan Rusty, babasının yolundan gitmeyi kafasına koyarak, karısı Debbie  ve iki oğluna tatil sürprizi yapmayı hedefliyor. Rusty\'nin tatil planı sayesinde aile, ülkeyi baştan başa turlayarak Amerika’nın en önemli eğlence parkı olan Walley World’e doğru yola koyuluyor. Başrollerde ayrıca Leslie Mann ve yakışıklı aktör Chris Hemsworth\'ün de yer aldığı filmin yönetmen koltuğuna ise ilk uzun metrajlı sinemasal maceralarına çıkan Jonathan Goldstein ve John Francis Daley ikilisi oturuyor.', 1, '2019-12-04 02:17:41', '18+', 99, '/movies/Tatil Zamanı/1575425861.mkv', NULL, NULL, b'0', 'Vacation', ''),
(160, 'Ben Kimim', '/covers/Ben Kimim/1575445682.jpg', NULL, '2014', 'Genç bir bilgisayar dehası olan Benjamin, sadece Almanya’da değil dünya çapında tanınan biri olmak istemektedir. Yer altı bir hacker grubu, Benjamin’i aralarına katılmaya çağırınca, Benjamin bu tehlikeli teklifi kabul eder ancak bu tehlikeli oyunlarda başına geleceklerden habersizdir.\r\n\r\nYönetmenliğini İsveç\'li yönetmen Baran bo Odar’ın üstlendiği filmin senaryosunda da yönetmen bo Odar ile birlikte Jantje Friese’ın imzası var. Siber suç geriliminin başrolünde Tom Schilling yer alırken, Schilling\'e Elyas M\'Barek, Wotan Wilke Möhring, Hannah Herzsprung ve Trine Dyrholm isimleri eşlik ediyor.', 1, '2019-12-04 02:27:30', '16+', 102, '/movies/Ben Kimim/1575426450.mkv', NULL, NULL, b'0', 'Who Am I', ''),
(161, 'Straight Outta Compton', '/covers/Yeni bir müziğin doğuşu/1575427366.jpg', NULL, '2015', '80\'lerin ortalarında Los Angeles\'ta NWA isimli bir grup kendi başlarına Hip Hop kültüründe ve yaşamlarındaki zorluklarla ilgili bir devrim yaparlar.', 1, '2019-12-04 02:42:46', '18+', 147, '/movies/Yeni bir müziğin doğuşu/1575427366.mkv', NULL, NULL, b'0', 'Straight Outta Compton', ''),
(162, 'Malcolm X', '/covers/Malcolm X/1575473774.jpg', NULL, '1992', 'Malcolm, dönemindeki birçok siyahi vatandaş gibi oldukça zorlu ve acı dolu bir hayat geçirir. Bu olumsuz şartlar onu yaşayabilmek için küçük hırsızlıklar yapan birine dönüşmeye zorlar. Suçlarından dolayı hapishaneye gönderildiğinde ise bambaşka bir kimlik edinmeye başlar. Burada dahil olduğu ilginç toplulukta dinin de yardımıyla gerçek kimliğini bulur. Vakti gelip dışarı çıktığında ise bambaşka biri olmuştur. Artık kendilerini suçlu olmaya zorlayan genel zihniyete karşı başkaldırma zamanıdır.\r\nAmerikan tarihinin en önemli insan hakları savunucularından biri olan Malcolm X\'in hayatı, Spike Lee\'nin yaratıcı bakış açısı ile beyazperdeye aktarılıyor. Başrollerde ise çarpıcı oyunculuğuyla Denzel Washington yer alıyor.', 1, '2019-12-04 03:36:14', '15+', 201, '/movies/Malcolm X/1575473774.mkv', NULL, NULL, b'0', 'Malcolm X', ''),
(163, 'Münih', '/covers/Münih/1575474351.jpg', NULL, '2005', 'Olimpiyatlar, 1972 yılında Münih’te başlamıştır. Başarı, ve barışın hakim olduğu ortama bir anda bir ahber bomba etkisi yaratarak düşüyor. Bir grup Filistinli terörist, İsrailli atletlerin bulunduğu yatakhaneyi basarak iki sporcuyu öldürüp dokuz kişiyi de rehin almıştır. İstedikleri ise rehinelerle birlikte Münih Havaalanı’na ulaşabilmektir. Hükümet rehine kurtarma operasyonu başlatır. Teröristlerden birinin peşine Mossad ajanı düşer. Ortalık karmakarışıktır. Steven Spielberg, Münih ile iddialı tepkiler almış ve tartışmalar açmış bir yönetmen konumundadır burada.', 1, '2019-12-04 03:45:51', '18+', 164, '/movies/Münih/1575474351.mkv', NULL, NULL, b'0', 'Munich', '');
INSERT INTO `movies` (`id`, `name`, `image`, `poster`, `year`, `description`, `movieType`, `addedDate`, `rate`, `length`, `movieLink`, `englishLink`, `trailerLink`, `isDeleted`, `tagName`, `imdb`) VALUES
(164, 'Aşıklar Şehri', '/covers/Aşıklar Şehri/1575474780.jpg', NULL, '2016', 'Aşıklar Şehri, yolları kesişen iki insanın hikayesini anlatıyor. Hayatlarında yön bulmaya çalışan iki tutkulu insan Sebastian ve Mia\'nın yolları, Los Angeles\'ta trafiğin sıkışık olduğu bir gün kesişir. Her ikisi de sanat tutkunu olan bu iki insan, hayallerini gerçekleştirme yolunda düşe kalka ilerlemektedir. \r\n\r\nOscar ödüllü Whiplash’in yazarı Damien Chazelle’in yazıp yönettiği bu romantik müzikal, modern zamana adanmış bir Hollywood masalı.', 1, '2019-12-04 03:53:00', '13+', 128, '/movies/Aşıklar Şehri/1575474780.mkv', NULL, NULL, b'0', 'La La Land', ''),
(165, 'Partiden Sonra', '/covers/Partiden Sonra/1575484551.jpg', NULL, '2018', 'The After Party, yaşadığı utanç verici olayı unutturmak ve hayallerini gerçekleştirmek için düzenlenen bir partiye katılmaya çalışan bir gencin hikayesini anlatıyor. Rapçi olan Owen ünlü olmanın hayallerini kurar. Yıllarca hayallerini gerçekleştirmek için uğraşır. Fakat bir gece başına gelen utanç verici olay onun binlerce insan tarafından tanınmasına neden olur. Performans sergilemek için sahneye çıkan Owen, talihsiz bir olay yaşar ve bunun sonucu kriz geçirir. Onun bu utanç verici anlarını kaydeden biri görüntüleri yayınlayınca Owen herkesin diline düşer. Yaşadığı kriz anı artık insanlar arasında dolaşan bir akıma neden olur. Owen herkese rezil olduğunu ve kariyerinin bittiğini düşündüğü sırada menajerliğini yapan dostunun fikri ile harekete geçer. Şehir büyük bir parti düzenlenecektir ve rap müziğinin duayen isimleri de orada olacaktır. Genç adam partiye girmeyi başarıp orada performansını gösterebilirse hayallerine kavuşabilecektir. Fakat partiye girebilmesi sandığı kadar kolay olmaz...', 1, '2019-12-04 06:35:51', '18+', 120, '/movies/Partiden Sonra/1575484551.mkv', NULL, NULL, b'0', 'The After Party', ''),
(166, 'Boyun Eğmez', '/covers/Boyun Eğmez/1575485025.jpg', NULL, '2014', 'Louis Zamperini Amerikalı bir uzun mesafe koşucusudur. ABD Olimpiyat Takımında ülkesini 1936\'da Berlin\'de düzenlenen Olimpiyat oyunlarında temsil eder. Dereceye girip madalya kazanamaz ama müthiş bir final performansı ortaya koyar. Öyle ki Adolf Hitler kendisiyle tanışmak ister. 4 yıl sonra Zamperini Tokyo\'daki Olimpiyat oyunlarında favori isimlerden biridir. Fakat o seneki Olimpiyatlar II. Dünya Savaşı\'nın patlak vermesiyle iptal edilir ve Zamperini savaşta gönüllü olarak görev alır. Pasifik\'te geçirilen bir kaza sonrası iki silah arkadaşıyla hayatta kalmayı başarır ve 47 gün sürecek bir yaşam mücadelesi verirler. Ne var ki kendilerini kurtaranlar düşman taraf olan Japon Deniz Kuvvetleridir ve kurtardıkları savaş esirlerine işkence yapmaktan da geri kalmazlar...', 1, '2019-12-04 06:43:45', '15+', 137, '/movies/Boyun Eğmez/1575485025.mkv', NULL, NULL, b'0', 'Unbroken', ''),
(167, 'Hotel Mumbai', '/covers/Hotel Mumbai/1575485521.jpg', NULL, '2018', 'Hotel Mumbai, 2008 yılında Taj Mahal Palas Otelde meydana gelen terör saldırısının hikayesini konu ediyor. Arjun baba olmaya hazırlanan genç bir adamdır. Bir süredir işsiz olan Arjun, ailesini geçindirmek için şehrin en ünlü oteli olan Taj Mahal’de garson olarak iş başlar. Sabahın erken saatlerinde işinin başına geçen Arjun, ünlü şef Hemant Oberoi yönetiminde otelin değerli konukları için hazırlıklara başlar. Konuklar arasında henüz yeni anne baba olan zengin işadamı David ve eşi Zahra da vardır. Şehre tatile gelen aile, rahatça dinlenebilmek için lüks oteli tercih etmiştir. Ancak çıkan terör saldırısı otel çalışanları ve konuklarının keyifli günlerini kabusa çevirir. Otel yakınlarında birçok yer havaya uçunca, insanlar korku içerisinde otele doluşmaya başlar. Ancak otele girenler arasında teröristler de vardır ve çok geçmeden oteli de ele geçirirler. Kaçma şansı olmasına rağmen otel misafirlerinin yanından ayrılmayı reddeden şef Hemant ve otelin garsonu Arjun, herkesi güvende tutmak için hayatını riske atar.', 1, '2019-12-04 06:52:01', '18+', 123, '/movies/Hotel Mumbai/1575485521.mkv', NULL, NULL, b'0', 'Hotel Mumbai', ''),
(168, 'Amatör', '/covers/Amatör/1575486021.jpg', NULL, '2018', '3 yaşındaki Terron Forte’nın hayatı paylaştığı videodan sonra bambaşka bir hal alır. Amatör bir basketbol oyuncusu olan Terron’ın kendisiyle ilgili paylaştığı videodan sonra tüm gözleri üzerine çeker. Ülke çapında diğer 7. Sınıf öğrencileriyle karşılaştırılan ve henüz ortaokulda olmasına rağmen geleceğin Dwayne Wade’i ilan edilen basketbol fenomeni Terron, yeni takımına uyum sağlamak için elinden geleni yapar.', 1, '2019-12-04 07:00:21', '14+', 96, '/movies/Amatör/1575486021.mkv', NULL, NULL, b'0', 'Amateur', ''),
(169, 'Woodlawn', '/covers/Woodlawn/1575486676.jpg', NULL, '2015', 'Andrew Erwin ve Jon Erwin\'in yönetmenlik koltuğunda oturduğu Woodlawn liseli bir futbol oyuncusunun hayatına odaklanıyor.', 1, '2019-12-04 07:11:16', '10+', 123, '/movies/Woodlawn/1575486676.mkv', NULL, NULL, b'0', 'Woodlawn', ''),
(170, 'Bay Hiçkimse', '/covers/Bay Hiçkimse/1575487046.jpg', NULL, '2009', 'Belçikalı yönetmenin bugüne kadarki en yüksek maliyetli bu filmini \'hem bilimkurgu, hem romans hem de Lynchvari bir zihin oyunu\' diye nitelendiriyor. Başlıkta bahsi geçen Bay Hiçkimse, 2092 yılında dünyada kalmış son ölümlü olan 117 yaşındaki Némo adlı bir adam. Ölüm döşeğindeki Némo genç bir çocukken bir peronda durduğunu hatırlar. Tren kalkmak üzeredir. Annesiyle birlikte mi gitmeli, yoksa babasıyla mı kalmalıdır? Bu karar, sonsuz sayıda olasılığı doğuracaktır... Ve pek çok gezegen, iki ölüm ve sevilecek kadınlar.', 1, '2019-12-04 07:17:26', '18+', 141, '/movies/Bay Hiçkimse/1575487046.mkv', NULL, NULL, b'0', 'Mr. Nobody', ''),
(171, 'Piyanist', '/covers/Piyanist/1575487597.jpg', NULL, '2002', 'Piyanist, İkinci Dünya Savaşı sırasında yaşanan gerçek bir dramı konu alır. Polonya’lı ünlü piyanist Wladyslaw Szpilman’ın anılarını anlattığı aynı isimli kitaptan sinemaya uyarlanan film, Nazi işgali altındaki Polonya’da yaşamanın imkansızlaştırıldığı bir dönemde, bir şekilde esir kampına gitmekten kurtulan ünlü piyanistin Varşova’nın kenar mahallelerindeki hayatta kalma mücadelesine odaklanır. Varoşlarda tam anlamıyla sefil bir hayat süren müzisyen, diğer halkla birlikte, kıtlığa ve aşağılanmalara maruz kalsa da kahramanca mücadele edecektir. Günü gelip oradan kaçma şansı bulduğundaysa başkentin harabelerine sığınacak, beklemediği bir anda gelen bir yardımla umudunu yeniden kazanacaktır.', 1, '2019-12-04 07:26:37', '16+', 150, '/movies/Piyanist/1575487597.mkv', NULL, NULL, b'0', 'The Pianist', ''),
(172, 'Yanlış Kapı', '/covers/Yanlış Kapı/1575497680.jpg', NULL, '2015', 'Yağmurlu bir gecede, esrarengiz bir biçimde kapısında beliren iki gizemli kadının; mutlu bir evliliği olan ve standart bir hayat yaşayan Evan Webber\'ın hayatında açtıkları tahribatı perdeye taşıyacak olan film, yıllar sonra Reeves\'i yeniden gerilim kulvarında karşımıza çıkarmayı hedefliyor. Revees\'in hayat verdiği başarılı mimar Evan, eşi ve çocuklarının evde olmadığı bir hafta sonu kaybolduklarını söyleyen iki genç kadının kapısını çalmasıyla kabus dolu bir hafta sonu yaşayacaktır.', 1, '2019-12-04 10:14:40', '18+', 99, '/movies/Yanlış Kapı/1575497680.mkv', NULL, NULL, b'0', 'Knock Knock', ''),
(173, 'Akıl Oyunları', '/covers/Akıl Oyunları/1575575107.jpg', NULL, '2001', 'Akıl Oyunları, asosyal bir matematikçi olan John Nash\'in hayatını konu ediyor. John Forbes Nash azandığı bir bursla Princeton Üniversitesi\'nde öğrenim görmeye başlar. Bu süreçte parlak zekasını her daim hissettiren ve çevresindekilerle uyum sorunu yaşayan dahi Nash, inanılmaz bir teoriyi ortaya sürüp kanıtlama aşamasına kadar gelir. Böylece matematik çevrelerince ününü yayan dahi adam zamanla şizofrenik belirtilerle mücadele etmeye başlar. Nash artık kendi kurgusal gerçekliklerinden oluşturduğu dünyasıyla asıl gerçekleri ayırt edemeyecek bir aşamaya gelir.', 1, '2019-12-05 07:45:07', '13+', 135, '/movies/Akıl Oyunları/1575575107.mkv', NULL, NULL, b'0', 'A Beautiful Mind', ''),
(174, 'Amelie', '/covers/Amelie/1575575418.jpg', NULL, '2001', 'Amelie, Ünlü Fransız yönetmen Jean-Pierre Jeunet’nin beş dalda Oscar’a aday gösterilen ve son on yılın en ses getiren yapımları arasında. Bu Fransız komedisi bizi genç ve özel bir kadınla tanışmaya davet ediyor; her daim hayat dolu, yaşama sevgi dolu gözlerle tanıklık eden ve sahip olduğu özel ışıltıyı her anında yanında taşıyan Amelie’nin hikayesine... Anne ve babasını kaybetmiş olan Amelie, kendini başkalarının hayatlarını tamir etmeye, onları mutlu kılmaya adamıştır; bu adanmışlığı fark ettirmeden, bu durumdan bihaber olan insanların hayatlarını kolaylaştırmaya yönelik yapmaktadır. Peki başkalarının mutluluğu için çabalayan Amelie, yalnızlığının farkına vardığı an kendi mutluluğu için de çabalamaya başlayacak mıdır?', 1, '2019-12-05 07:50:18', '18+', 122, '/movies/Amelie/1575575418.mkv', NULL, NULL, b'0', 'Amélie', ''),
(175, 'Amerikan Güzeli', '/covers/Amerikan Güzeli/1575575787.jpg', NULL, '1999', 'Amerikan Güzeli\'nde, orta sınıf bir Amerikan ailesinin içinde bulunduğu çöküntü ve dağılma konu ediliyor. Lester, kızıyla ve orta yaş bunalımındaki karısıyla iletişim kurmakta başarısızlığa uğrayan, rutinlerle dolu yaşamından tiksinerek yaşlanan bir babadır. İşini bırakıp zamanını hiç yapmadığı gibi değerlendirmeye başlayarak yeniden genç hissetmeye çalışırken, henüz onaltı yaşındaki kızının, güzeller güzeli arkadaşı Angela ile arasında tuhaf bir cinsel gerilim doğar. Bu ilişki kızı ve karısıyla arasındaki zaten kopuk olan bağı koparacak, her bir aile ferdini farklı kaderlere sürükleyecektir.', 1, '2019-12-05 07:56:27', '18+', 122, '/movies/Amerikan Güzeli/1575575787.mkv', NULL, NULL, b'0', 'American Beauty', ''),
(176, 'Casino', '/covers/Casino/1575576104.jpg', NULL, '1995', 'Casino\'da Ace Rothstein renkli gece hayatı ve kumar çılgınlığıyla ünlü olan Las Vegas\'ın bu kumarhanelerinden birini yöneten bir işletmecidir. Rothstein bu işe başladığı günden bu yana işini düzgün yapıp güvenilirliğini korumaya ve kumarhane sahipleriyle arasını iyi tutmaya çalışmıştır. Ta ki yakın bir arkadaşı olan Nicky işlerde ona yardımcı olmaya başlayana kadar.', 1, '2019-12-05 08:01:44', '18+', 178, '/movies/Casino/1575576104.mkv', NULL, NULL, b'0', 'Casino', ''),
(177, 'Forrest Gump', '/covers/Forrest Gump/1575576425.jpg', NULL, '1994', 'Forrest Gump, düşük I.Q. sahibi genç bir adamdır. Jenny ile tanıştığında ona aşık olur. Gump aralarında Elvis Presley, Kennedy, Nixon’ın da olduğu tarihsel kişilerle kaza eseri tanışır ve 50’lerden 70’lerin sonuna kadar gelen bir süre zarfında olaylar gelişir. Gump tamamen tesadüf olarak Vietnam savaşına ve Amerikan yakın tarihinin önemli olaylarına şahitlik eder ve hatta rol alır. Ancak bilmeden yaptıklarının ne kadar önemli sonuçları olduğundan da haberi yoktur.', 1, '2019-12-05 08:07:05', '13+', 142, '/movies/Forrest Gump/1575576425.mkv', NULL, NULL, b'0', 'Forrest Gump', ''),
(178, 'Can Dostum', '/covers/Can Dostum/1575576770.jpg', NULL, '1997', 'Can Dostum\'da Will Hunting genel iq’nun çok çok üzerinde bir zeka seviyesine sahip, MIT’de temizlikçi olarak çalışan genç bir çocuktur. Temizlik yaptığı akşamlardan birinde, bir sınıfın tahtasında yazılı olan bir matematik sorusuna denk gelir. Çözülmesi neredeyse imkansız olan bu problemi rahatlıkla çözen Will, sessizce ortadan kaybolur. Kısa zaman içerisinde problemi yazan profesör tarafından keşfedilen Will bu başarısını diğer sorularda da sürdürecektir. Ancak bir kavga sebebiyle hapis cezasına çarptırılan gencin, bu beladan kurtulabilmek için profesöre ihtiyacı vardır.', 1, '2019-12-05 08:12:50', '15+', 126, '/movies/Can Dostum/1575576770.mkv', NULL, NULL, b'0', 'Good Will Hunting', ''),
(179, 'Sıkı Dostlar', '/covers/Sıkı Dostlar/1575576982.jpg', NULL, '1990', 'Sıkı Dostlar\'da, Henry Hill adında bir gangster, Jimmy Conway ve Tommy De Vito adlı iki arkadaşıyla birlikte bir soyguna kalkışır. Gözleri daha yukarda olan iki arkadaşı soyguna katılan diğerlerini öldürür ve mafya içinde yükselmeye başlarlar. Bu durum Henry’i olumsuz etkilemiştir ve bu konuda birşeyler yapması gerekmektedir. Büyük usta Martin Scorsese’nin başyapıtlarından biri olan Goodfellas, 1991 yılında 6 dalda Oscar’a aday gösterilmiş, en iyi yardımcı erkek oyuncu dalında Joe Pesci’ye ödül kazandırmıştı.Bu film gerçek bir hikayeden alınmıştır.', 1, '2019-12-05 08:16:22', '18+', 146, '/movies/Sıkı Dostlar/1575576982.mkv', NULL, NULL, b'0', 'Goodfellas', ''),
(180, 'Soysuzlar Çetesi', '/covers/Soysuzlar Çetesi/1575577314.jpg', NULL, '2009', 'Soysuzlar Çetesi\'nde, Alman kuşatması altındaki Fransa her zamankinden zor günler geçirmektedir. Savaştan hasar gören sivillerden sadece biri olan Shosanna, ailesinin canice öldürülmesine tanık olmuştur. Bir şekilde bu can pazarından kurtulmayı başaran kadın Paris\'e gidip burada yeni bir kimlikle, sıfırdan hayata başlar. Öte yandan Avrupa\'nın farklı bir ülkesinde kendi askerlerini Nazilere karşı örgütleyen yahudi Teğmen Raine amacına ulaşmak için çeşitli planlar kurmaktadır. Shosanna, Teğmen Raine ve Alman aktrisin yolları, Shosanna\'nın işlettiği bir sinema salonunda kesişecektir', 1, '2019-12-05 08:21:54', '18+', 153, '/movies/Soysuzlar Çetesi/1575577314.mkv', NULL, NULL, b'0', 'Inglourious Basterds', ''),
(181, 'Hayat Güzeldir', '/covers/Hayat Güzeldir/1575577771.jpg', NULL, '1997', 'Hayat Güzeldir\'de, başkahramanımız hayat dolu Guido’nun güzeller güzeli öğretmen Dora’ya vurulur ve tüm engellere rağmen evlenirler. Ardından bir de çocuk sahibi olan çiftin hayatlarındaki tüm pürüzler ortadan kalktığında savaş patlak verir. Yahudi oldukları için toplama kampına götürüldüklerinde Guido, oğluna esir kampının ve savaşın bir oyun olarak söyleyecek; oğlu, oyunu başarıyla tamamlarsa ödül olarak çok istediği bir oyuncak tankı hediye edecektir.\r\nİkinci Dünya Savaşı’nın sivillerin üzerindeki yıkıcı etkisini beyaz perdeye en iyi uyarlayan filmlerden biri olan Hayat Güzeldir, tüm olumsuzluklara rağmen her daim bir umut ışığı olduğunu adında olduğu gibi, içeriğinde de barındırıyor.', 1, '2019-12-05 08:29:31', '13+', 116, '/movies/Hayat Güzeldir/1575577771.mkv', NULL, NULL, b'0', 'Life Is Beautiful', ''),
(182, 'Ucuz Roman', '/covers/Ucuz Roman/1575578026.jpg', NULL, '1994', 'Ucuz Roman\'da Honey Bunny ve Pumpkin, hayatlarına biraz hareket katmak isteyen genç ve birbirine aşık bir çift küçük soyguncudur. Öteyandan, iki kaşarlanmış gangster, Vincent Vega ve Jules, günlük işlerinden biri olarak, patronlarına ödemeyi geciktiren bir kaç sahetekar genci vurmaya giderler. Vincent patronun güzel ve genç karısına bebek bakıcılığı yapmakla da görevlendirilirken ortağı suç yaşamına son vermeye karar verir. Cesur bir boksör ise para karşılığı hile yapmayı reddederek şehirden kaçar. Kader bu aykırı tipleri muhteşem bir şekilde bir araya getirecek, yollarını kesiştirecektir.', 1, '2019-12-05 08:33:46', '18+', 154, '/movies/Ucuz Roman/1575578025.mkv', NULL, NULL, b'0', 'Pulp Fiction', ''),
(183, 'Bir Rüya İçin Ağıt', '/covers/Bir Rüya İçin Ağıt/1575578432.jpg', NULL, '2000', 'Bir Rüya İçin Ağıt, Hubert Selby’nin romanından uyarlanmıştır. Uyuşturucu bağımlısı bir genç, televizyon bağımlısı annesi ve aralarında günden güne yükselen bir uçurum... Uyuşturucu batağı içerisindeki Harry’nin hayattaki tek amacı daha fazla uyuşturucuyken; umutsuz annesini hayata bağlayan tek şey en sevdiği yarışma programıdır. Bir gün bu yarışmaya katılmaya hak kazandığında tek derdi, ödül olan kırmızı elbiseye girebilmek olacaktır. Yaşlı ve mutsuz kadın zayıflama hapları kullanmaya başlar.', 1, '2019-12-05 08:40:32', '18+', 102, '/movies/Bir Rüya İçin Ağıt/1575578432.mkv', NULL, NULL, b'0', 'Requiem for a Dream', ''),
(184, 'Yedi', '/covers/Yedi/1575578953.jpg', NULL, '1995', 'Yedi, seri cinayetler işleyen bir katilin peşine düşen iki polis dedektifinin hikayesini anlatıyor. Bir seri katil 7 ölümcül günahı işleyenleri kendi yöntemleriyle öldürmektedir. Yedi Ölümcül Günah, Hıristiyanlık inançlarına göre Kibir, Açgözlülük, Şehvet Düşkünlüğü,Kıskançlık, Oburluk,Yıkıcılık ve Tembellik\'tir. İki polis dedektifi bu seri katilin peşindedir. Film, Amerika\'da gösterime girdiği hafta 14.000.000 dolar gelir elde etmişti. Yönetmen David Fincher imzalı film,sürükleyici konusu ve oyuncuların performanslarıyla tüm dünyada gişede büyük başarı yakalamıştı. Başrollerde Brad Pitt, Morgan Freeman, Gywneth Paltrow var.', 1, '2019-12-05 08:49:13', '13+', 127, '/movies/Yedi/1575578953.mkv', NULL, NULL, b'0', 'Se7en', ''),
(185, 'Kapışma', '/covers/Kapışma/1575579251.jpg', NULL, '2000', 'Kapışma, suç ve aksiyon türünün son dönemdeki en dikkat çeken örneklerinden biri. Film, Londra’nın suçla örülü yeraltı dünyasında vuku bulan iki farklı hikayeyi ele alıyor. Bir tarafta çalınan bir elmasın peşinden gidenler, diğer yanda ise boks dünyasının arka sokaklarında dönen illegal işlerden birine karışan Turkish ve başına açılan belada mücadele etmek zorunda kaldığı acımasız ganster Brick Top. Bu birbirinden bağımsız görünen iki hikaye ortak bir noktada buluştuğunda işler iyiden iyiye karışacaktır.', 1, '2019-12-05 08:54:11', '18+', 102, '/movies/Kapışma/1575579251.mkv', NULL, NULL, b'0', 'Snatch', ''),
(186, 'Köstebek', '/covers/Köstebek/1575579544.jpg', NULL, '2006', 'Köstebek, mafya ve polis teşkilatı arasında geçen savaşı anlatıyor. Uzun yıllardan beri mafya tarafından, polis teşkilatına sızmak üzere yetiştirilen adamlar son derece iyi pozisyonlardadırlar teşkilat bünyesinde. Aynı şekilde polisin aynı amaçla yetiştirdiği adamları da mafya içinde cirit atmaktadırlar. Ancak vakit her şeyin açığa çıkma vaktidir. Her iki cephede de köstebeklerin var olduğu anlaşıldığında söz konusu köstebeklerin ölümle burun buruna gelecekleri koşturmaca ve macera başlayacaktır. Film dört dalda Oscar sahibidir.', 1, '2019-12-05 08:59:04', '18+', 151, '/movies/Köstebek/1575579544.mkv', NULL, NULL, b'0', 'The Departed', ''),
(187, 'Baba', '/covers/Baba/1575579885.jpg', NULL, '1972', 'Baba, 40’lar ve 50’lerin Amerika’sında, bir İtalyan mafya ailesinin destansı öyküsünü konu alıyor. Don Corleone’nin kızı Connie’nin düğününde, ailenin en küçük oğlu ve bir savaş gazisi olan Michael babasıyla barışır. Bir suikast girişimi, Don’u artık işleri yönetemeyecek duruma düşürünce, ailenin başına Michael ve ağabeyi Sonny geçer. Danışmanları Tom Hagen’in de yardımlarıyla diğer ailelere savaş açan Corleone ailesi, eski moda yöntemleri de değiştirmeye başlar.', 1, '2019-12-05 09:04:45', '18+', 175, '/movies/Baba/1575579885.mkv', NULL, NULL, b'0', 'The Godfather', ''),
(188, 'Baba 2', '/covers/Baba 2/1575580194.jpg', NULL, '1974', 'Baba 2, 1972 yapımı ilk filmin devamı niteliğinde, yine yazar Mario Puzo ve yönetmen Francis Ford Coppola’nın yaratıcı ellerinden çıkmış usta işi bir yapım. Film, altı adet Oscar ödülü kazanmıştır.\r\nGenç Corleone, Amerika’ya yeni gelmiştir. 1917 yılında, New York şehri’nin yerel mafyalarından birinin liderini öldürünce saygınlık kazanır ve korkulan biri haline gelir.\r\nBu arada, 50 yıl sonra, Michael Corleone, Washington’da senato komitesine aile işleriyle ilgili ifade vermektedir.Film,eleştirmenler tarafından önceki filmden daha başarılı bulunan az sayıdaki devam filminden biri olarak kabul ediliyor. Robert De Niro filmde yalnızca 45 dakika Vito Corleone\'yi canlandırarak Oscar\'ı almıştır.', 1, '2019-12-05 09:09:54', '18+', 202, '/movies/Baba 2/1575580194.mkv', NULL, NULL, b'0', 'The Godfather: Part II', ''),
(189, 'Yeşil Yol', '/covers/Yeşil Yol/1575580517.jpg', NULL, '1999', 'Yeşil Yol, bir hapishane görevlisi ile bir mahkumun öyküsünü anlatıyor. Paul Edgecomb\'un hapishanedeki görevi, idama mahkum edilen mahkumları son yolculuklarına uğurlamaktır. Çalıştığı yıllar içerisinde yüzlerce mahkumu idam etmiştir. Bir gün John Coffey isimli korkutucu görünümlü bir adamla tanışır. Ancak Coffey\'in bu ürkütücü görünümünün altında oldukça saf bir ruh yatmaktadır. Coffey, iki küçük kız çocuğunun katil davasında yargılanmaktadır. Coffey\'in günden güne gün yüzüne çıkan dünya ötesi güçleri, karakteri hakkında yeni ipuçlarını anbean ortaya çıkaracaktır.', 1, '2019-12-05 09:15:17', '16+', 189, '/movies/Yeşil Yol/1575580517.mkv', NULL, NULL, b'0', 'The Green Mile', ''),
(190, 'Matrix', '/covers/Matrix/1575580862.jpg', NULL, '1999', 'Bir yaşanan gerçek vardır, bir de yaşananın ötesinde olan gerçeklik... Biri rüya, diğeri ise Matrix! Neo,son derece tehlikeli bir adam olan Morpheus’un gerçeği bildiğine inanmaktadır. Bir gece Neo, kendisini başka bir dünyaya götürebilecek güzel yabancı Trinity ile tanışır. Bu kızın götüreceği dünyada, Neo Morpheus’u bulacak ve Matrix hakkında bir şeyler öğrenecektir. Neo, Tam olarak kavrayamadığı şeylerin yaşamını kontrol ettiğini biliyor.. Nedir bu Matrix?', 1, '2019-12-05 09:21:02', '15+', 136, '/movies/Matrix/1575580862.mkv', NULL, NULL, b'0', 'The Matrix', ''),
(191, 'Umudunu Kaybetme', '/covers/Umudunu Kaybetme/1575581098.jpg', NULL, '2006', 'İyi bir baba olan Chris Gardner, işinde sorunlar yaşayan, maddi açıdan sarsıntıda olan ve aynı zamanda iyi bir eş olan bir adamdır. Ancak ne yazık ki eşi sıkıntılara daha fazla katlanamayacağına karar vererek onu terk eder. Christopher adındaki oğulları da babasının yanında kalır. Karısının terk edişi de yetmezmiş gibi bir de ev sahibi dışarı atar baba –oğulu. Sokaklarda kalıp, tuvaletlerde, düşkünler evinde çalışarak ayakta durmaya çalışır. Oğlunun sevgisi bu mücadeleci baba için her şeydir. Ve sevgiye eklenen bir var olma savaşı hiç şüphesiz, vakti geldiğinde en mükemmel kapıları açacaktır.', 1, '2019-12-05 09:24:58', '12+', 117, '/movies/Umudunu Kaybetme/1575581098.mkv', NULL, NULL, b'0', 'The Pursuit of Happyness', ''),
(192, 'Kara Şövalye', '/covers/Kara Şövalye/1575581436.jpg', NULL, '2008', 'Kara Şövalye, halk için büyük bir tehdit oluşturan Joker’in ortaya çıkması ile kaosa dönen Gotham Sokakları’nın yeniden kurtarıcılığını üstlenen Batman’in hikayesini konu ediyor. Suç işleyenlerden arındırılan bir yer, bir zaman sonra yeniden tehdit altında kalabilir ve işte o zaman yeniden kolları sıvayacak olanların mücadelesi de daha keskin olarak hayata geçecektir. Batman, Teğmen Gordon ve Savcı Harvey Dent bir araya gelerek Gotham Sokakları’nda bu işi kotarmış olsalar da ansızın ortaya çıkan Joker, işleri fena halde bozar. Onun dehası ile baş etmek kolay olmayacaktır. Gotham eski karmaşa dolu günlerin eşiğindedir. Batman yeniden kurtarıcılığa soyunurken kendi varlığının bulduğu anlamı da sorgulamaya başlar. O aslında suçluların sayısını azaltıyor mudur yoksa çoğaltıyor mudur bunu gerçekten anlamak isteyecektir.', 1, '2019-12-05 09:30:36', '15+', 152, '/movies/Kara Şövalye/1575581433.mkv', NULL, NULL, b'0', 'The Dark Knight', ''),
(193, 'Love, Death & Robots', '/covers/Love, Death & Robots/1575747999.jpg', NULL, '2019-', 'Her bölümde farklı bir konunun ele alındığı dizi, bilim kurgudan komediye, fantezide korkuya kadar birbirinden farklı türleri kapsıyor.', 2, '2019-12-07 07:46:39', '18+', 0, NULL, NULL, NULL, b'0', 'Love, Death & Robots', ''),
(194, 'Hep Yek', '/covers/Hep Yek/1577100117.jpg', NULL, '2016', 'Cevat, Türkiye\'nin ünlü Kabadayılarından birinin şehvet ve şan düşkünü oğludur. Uluslararası alanda şöhrete sahip manken Camilla\'yı tutkulu aşkı sonucunda kaçırmaya karar verir. Bu kaçırma operasyonunu Cevat adına Ziya Baba üstlenir. Ziya Camilla\'yı kaçırır ve Camilla\'yı bir paket içinde Cevat\'a götürme görevini Şahin\'e verir. Ancak Şahin, Cevat\'a götürdüğü paketin içinde ne olduğunu bilmez. Şahin paketi İzmir\'den, İstanbul\'a getirirken Gürkan ve Altan adında iki belalı ile yolu kesişir, onlar yüzünden Cevat\'a götüreceği paketi kaybeder. Bu sebeple Şahin hayatının en zor 48 saatini yaşamak zorunda kalır.', 1, '2019-12-23 11:21:57', '13+', 90, '/movies/Hep Yek/1577100117.mkv', NULL, NULL, b'0', 'Hep Yek', ''),
(195, 'Hep Yek 2', '/covers/Hep Yek 2/1577100412.jpg', NULL, '2017', 'Özet ve Detaylar\r\nGürkan ile Altan, Cevat Bakır\'ın eline feci düşmüştür. Zira ilk filmde kendisini kazıklayan Şahin\'i öldüren Cevat Bakır, Altan ile Gürkan\'ı tek bir şartla affedecektir: Şahin\'in cesedini bir an önce ortadan kaldırmaları gerekmektedir. Fakat bu işi fark edilmeden ve tereyağından kıl çeker gibi yapmak zorundadırlar. İki kafadar bu zorlu görevi elbette ki ellerine yüzlerine bulaştıracak, yine beladan belaya sürüklenecek ve  peşlerine ülkenin en psikopat ve tehlikeli adamlarını takmayı başaracaklardır...', 1, '2019-12-23 11:26:52', '13+', 96, '/movies/Hep Yek 2/1577100412.mkv', NULL, NULL, b'0', 'Hep Yek 2', ''),
(196, 'Hep Yek 3', '/covers/Hep Yek 3/1577100833.jpg', NULL, '2019', 'Hep Yek 3, beladan uzak duramayan Altan ile Gürkan\'ın maceralarını konu ediyor. Tam bir bela paratoneri olan Altan ile Gürkan, Türkiye\'nin ünlü Kabadayılarından birinin şehvet ve şan düşkünü oğlu olan Cevat Bakır’ın hapishaneye düşmesine neden olur. Cevat’ı hapishaneden çıkarmanın yolunu arayan ikili, çareyi Nizam Baba’dan yardım istemekte bulur. Nizam Baba ile anlaşma yapıp, her şeyi yoluna koyduklarını düşünen Altan ile Gürkan, beladan uzak duramaz. Yaptıkları büyük bir hata Altan ile Gürkan’ın, mafyanın ölüm listesinin ilk sırasında yer almasına neden olur. Peşlerine düşen adamlardan kaçan Altan ile Gürkan, kendilerini İstanbul’un en büyük tarihi eser kaçakçısı olan Bilal Özkök\'ün düzenlediği yılbaşı partisinde bulur. İstanbul’un en sosyetik isimlerinin buluştuğu yılbaşı partisini birbirine katan ikili, kendilerini bir dizi maceranın içerisine atar.', 1, '2019-12-23 11:33:53', '15+', 91, '/movies/Hep Yek 3/1577100833.mkv', NULL, NULL, b'0', 'Hep Yek 3', ''),
(197, 'ARIF V 216', '/covers/ARIF V 216/1577101165.jpg', NULL, '2018', 'Robot olan 216, insan olmanın hayalini kurmaktadır. Uzaydan dünyaya çok sevdiği arkadaşı Arif’in yanına gelir ve insan gibi yaşamaya başlar. Sıradan insanlar gibi bir yaşam sürmeye çalışsa da farklılığı kimsenin dikkatinden kaçmaz. Yeni yaşantısını alışmaya çalıştığı sırada aşk da kapısını çalmıştır. Robot olduğunu herkesten saklamaya çalışan 216 bunu başaramaz. 216’dan ilham alan bir iş adamı, onu herkese tanıtıp kopyalarını yapmak ister. Sunduğu cazip tekliflerle 216’yı kandırmayı başaran iş adamı, onun sayesinde geleceği değiştirecektir. Arif bu korkunç planı öğrenir ve hem dünyayı hem de 216’yı kurtarmak için bir mücadeleye girişir.', 1, '2019-12-23 11:39:25', '13+', 125, '/movies/ARIF V 216/1577101165.mkv', NULL, NULL, b'0', 'ARIF V 216', ''),
(198, 'V-Wars', '/covers/V-Wars/1577101842.jpg', NULL, '2019-', 'Kurbanlarını kan emen yaratıklara dönüştüren ve hızla\r\nyayılan bir hastalık, insanlığın geleceği için verilen savaşta\r\niki yakın arkadeşı birbirine düşürür.', 2, '2019-12-23 11:50:42', '18+', 0, '', NULL, NULL, b'0', 'V-Wars', ''),
(199, 'Kardeş Payı', '/covers/Kardeş Payı/1577663402.jpg', NULL, '2014-2015', 'Metin, Ali, Feyyza. Yok yanlış yazmadık. Koyu Beşiktaşlı emekli mühendis Tahsin Bey efsane üçlüyü yaşatmak için ilk iki çocuğuna Metin ve Ali ismini verir. 3. çocukları kız olunca onun adı da Feyyza oluverir.\r\nBabalarının zoruyla, kollarında bir altın bilezikleri olsun diye, yazları su tesisatçısında çıraklık yapan Metin ile Ali, okuyamayınca gerçekten tesisatçı olup çıkarlar. Ancak onların hamurunda başka bir şeyler vardır.\r\nFeyyza\'nın eline bakan, eve para getirmeyen ikili dünyaya barış ve mutluluk getireceklerine inanmaktadırlar. Kimsenin ciddiye almadıkları icatlarının gerçekten çalışıyor olması, hayatlarındaki tüm dengeyi değiştirir..', 2, '2019-12-29 11:50:02', '16+', 0, '', NULL, NULL, b'1', 'Kardes Payi', ''),
(200, 'Ratatuy', '/covers/Ratatouille/1578003400.jpg', NULL, '2007', 'Şişman fare Remy, yemeğe olan düşkünlüğü nedeniyle tek bir hayale sahiptir: Aşçı olabilmek! Bu idealini gerçekleştirmek için Paris\'in yolunu tutan sevimli fare kaza eseri kendisini şehrin en iyi restoranının kanalizasyonunda bulur. Restoranın yeni çöpçüsüyle ilginç bir anlaşma yapan Remy, tüm hünerlerini sergileyebileceği büyülü mutfağa ulaşmaştır. Ancak bu tek hayalini gerçekleştirmek, farelerden iğrenen bir insanlığın var olduğu bir dünyada pek kolay olmayacaktır.', 1, '2020-01-02 10:16:41', '7+', 111, '/movies/Ratatuy/1578011228.mkv', NULL, NULL, b'0', 'ratatouille', ''),
(201, 'Arabalar', '/covers/Arabalar/1578005852.jpg', NULL, '2006', 'Piston Kupası için The King ve Chick Hicks’e karşı yarışmak üzere Kaliforniya’ya gitmekte olan meşhur yarış arabası Lightning McQueen, kaza ile Radiator Springs adındaki küçük bir kasabanın yollarına zarar verir. Üstelik kendisinin de tamir olması için çok çalışması gerekmektedir. Bu sırada bu olayla beraber o kasabada geçirdiği zamanlarda dostluklar edinir ve gerçek sevgiyi yaşar. Hatta aşkı bile katar yaşamına. Bu küçük kasabada kaldığı sürece değerleri değişmeye başlar. İşte ancak ondan sonra gerçek bir kazanan olmaya hazır hale gelecektir. Arabalar üzerinden hayatın anlamına dokunan keyifli bir animasyon.', 1, '2020-01-02 10:57:32', '7+', 117, '/movies/Arabalar/1578005852.mkv', NULL, NULL, b'0', 'Cars', ''),
(202, 'Tavuklar Firarda', '/covers/Tavuklar Firarda/1578006414.jpg', NULL, '2000', 'Bir çiftlikte yaşayan Bay Tweedy ve karısının başları tavuklarıyla derttedir. Kümeslerinde yaşayan onlarca tavuktan dördü Ginger, Bunty, Fowler ve Babs her ne pahasına olursa olsun tel örgüleri aşıp kümeslerinden kaçmaya çalışmaktadırlar. Tweedy\'ler kümesten firar eden tavuklar için \'kızartma\' cezası uygulasalar da bu ceza dört tavuk için yıldırıcı olmayacaktır. Umutsuzca planlar yapan dörtlü başta olmak üzere tüm kümesin kaderi Rocky isimli karizmatik horozun gelişiyle birlikte değişecektir!', 1, '2020-01-02 11:06:54', '7+', 84, '/movies/Tavuklar Firarda/1578006414.mkv', NULL, NULL, b'0', 'Chicken Run', ''),
(203, 'Coco', '/covers/Coco/1578007036.jpg', NULL, '2018', 'Coco, 12 yaşındaki Miguel\'in ölüler diyarındaki macerasını anlatıyor. 12 yaşındaki Miguel\'in en büyük kahramanı efsanevi Meksikalı gitarist Ernesto de la Cruz\'dur. Ancak Cruz hayatını kaybetmiştir ve Miguel\'in onunla tanışma imkanı yoktur. Her gün onun şarkılarını dinleyen Miguel günün birinde ünlü müzisyenin gitarını bulur. Ancak gitarı çalması onu bir anda Ölüler Diyarı\'na götürüverir. Çıkış yolunu arayan Miguel, düzenbaz Hector\'la karşılaşır ve birlikte Miguel\'in aile tarihinin ardındaki gerçek hikayeyi keşfetmek için olağanüstü bir yolculuğa çıkarlar.', 1, '2020-01-02 11:17:16', '7+', 105, '/movies/Coco/1578007036.mkv', NULL, NULL, b'0', 'Coco', ''),
(204, 'Fare Şehri', '/covers/Fare Şehri/1578007554.jpg', NULL, '2006', 'Bir animasyon filmi olan Fare Şehri’nde kahramanımız Roddy, Londra’da son derece lüks bir evde, refah içinde bir hayat sürmektedir. Uzun zaman, kendisine hizmet eden görevlilerin çemberinde şaşalı bir yaşamı olmuştur ki bunun aksi bir durumu hayal bile edemez. Ancak hayat bazen sürprizlerle doludur. Ansızın mutfaktaki levyeden fırlayan bir lağım faresi olan Sid, hayatını alt üst edecektir. O, şimdi bu lüks hayatı yaşamak için sıranın kendisinde olduğundan emindir. Bu iki karakter birbileri ile savaşırlarken Roddy bir anda yenilir ve Fare Şehri’nde bulur kendisini. Orada kurtulup eve geri dönmek esas maceranın ta kendisi olacaktır.', 1, '2020-01-02 11:25:54', '7+', 85, '/movies/Fare Şehri/1578007554.mkv', NULL, NULL, b'0', 'Flushed Away', ''),
(205, 'Neşeli Ayaklar', '/covers/Neşeli Ayaklar/1578007966.jpg', NULL, '2006', 'Bu sıcacık animasyon filmi, Mumble adında berbat bir sesi olan, sıra dışı bir penguenin hikayesini anlatır. Antartika’da bölgenin tüm penguenlerinin ruh eşlerine kendilerini ifade edebilmek üzere birer “Kalbe Seslenen Şarkıları” vardır. Ancak Mumble’ın hem sesi çok kötüdür hem de söz konusu şarkıyı bulup da ruh eşine bunu söyleyemediği sürece gerçek aşkı yakalaması olanaklı değildir. Mumble’ın farklı bir yeteneği vardır, o harika bir tap dansçısıdır! Annesi Norma Jean, onun bu yeteneğini çok sevimli bulurken, babası Memphis ise onun bir penguen olmadığını düşünür. Mumble’ın en iyi arkadaşı Gloria ise çevredeki en iyi şarkı söyleyen penguendir ve Mumble’ın bu değişik yeteneği ile başı derttedir. İmparator Penguen, Mumble’ın bu hallerinden ötürü onu toplumdan dışlar. Mumble, ilk kez evinden uzaklaştığında bambaşka bir ruha sahip penguenlerle tanışır.', 1, '2020-01-02 11:32:46', '7+', 108, '/movies/Neşeli Ayaklar/1578007966.mkv', NULL, NULL, b'0', 'Happy Feet', ''),
(206, 'Ters Yüz', '/covers/Ters Yüz/1578009250.jpg', NULL, '2015', 'Ters Yüz, küçük bir çocuğun hikayesini anlatıyor. Küçük Riley için hayat, babasının San Francisco’da yeni bir işe başlamasıyla baştan aşağıya değişir. Orta-Batı’daki yaşamını geride bırakan Riley\'ı şimdi yeni bir ev, okul ve arkadaşlar beklemektedir. Peki içindeki duyguları o ne söyler? Neşe (Amy Poehler), Korku (Bill Hader), Öfke (Lewis Black), Nefret (Mindy Kaling) ve Üzüntü (Phyllis Smith)... Riley\'in zihninin içinde yaşayan, ona günlük hayatında tavsiyeler veren duyguları bu yeni hayata alışırken ufak bir kaosa neden olacaktır. Neşe, Riley’nin en önemli duygusudur ve onu hep pozitif tutmaya çalışır ama diğer duygular bu yeni hayatına uyum sağlama konusunda biraz şaşkındır.', 1, '2020-01-02 11:54:10', '7+', 95, '/movies/Ters Yüz/1578009250.mkv', NULL, NULL, b'0', 'Inside Out', ''),
(207, 'Mary ve Max', '/covers/Mary ve Max/1578009921.jpg', NULL, '2009', 'Mary ve Max, Adam Elliot\'un ilk uzun metrajıdır. Mary, Avustralya\'nın kenar mahallerinden birinde yaşayan, sorumsuz ve yoksul bir aileye sahip olan, sekiz yaşındaki yalnız bir kız çocuğudur. Küçük kızın konuşabildiği tek kişi mektuplaştığı Avustralyalı bir savaş gazisidir. Postaneye gittiği bir gün şans eseri bir New York adres rehberi görür. Rehberi karıştıran Mary, New York\'ta yaşayan Max Jerry Horowitz isimli bir adama mektup yazmaya başlar. Max, Manhattan\'daki dairesinde yalnız yaşayan, ruhsal problemleri olan asosyal ve obez bir adamdır. 44 yaşındaki Max, Mary\'nin mektubunu alır ve cevap yazmaya koyulur. Aralarında gelişen dostluk hayat hakkında acı ve tatlı gerçeklikleri beyaz perdeye sevimli ve dokunaklı bir şekilde yansıtır', 1, '2020-01-03 12:05:21', '14+', 92, '/movies/Mary ve Max/1578009921.mkv', NULL, NULL, b'0', 'Mary and Max', ''),
(208, 'Robinson Ailesi', '/covers/Robinson Ailesi/1578010758.jpg', NULL, '2007', 'Son derece zeki bir çocuk olan Lewis’in, teknolojik aletlerle arası oldukça iyidir. Aile kavramından uzak büyüyen Lewis, ne kadar kendini teknolojik işlere verse de ailesini bulmak hayalinden hiç vazgeçmemiştir. Bir gün Wilbur Robinson adında biri ile tanışır. Bu adam Lewis’i alıp bambaşka bir dünyaya, geleceğe götürür. Orada bir aile vardır, Robinson Ailesi. Lewis, onları tanıyınca yaşamı değişir. Hem aile hasreti hafifler hem de becerilerini geliştirme fırsatı bulur. Ancak bu başka dünyada yalnızca iyi insanlar yoktur.', 1, '2020-01-03 12:19:18', '7+', 95, '/movies/Robinson Ailesi/1578010758.mkv', NULL, NULL, b'0', 'Meet the Robinsons', ''),
(209, 'Moana', '/covers/Moana/1578011188.jpg', NULL, '2016', 'Moana Antik Polenezya\'da yaşayan bir kabilenin şefinin cesur kızıdır. Güçlü ve korkusuz Moana doğanın içinde büyümüştür ve neşeli bir kızdır. Ancak yarı tanrı Maui tarafından yapılan korkunç bir lanet onun adasına dek ulaşır. Maui tanrıça Te Whiti\'nin kalbini çalarak onu kızdırmıştır ve şimdi balıkçılar balık tutamaz olmuş, ekinler yetişmeden solar olmuştur. Ancak Moana bu duruma boyun eğmemeye kararlıdır. Güney Pasifik\'ten yola çıkan genç kızın amacı laneti sonlandırmak için yarı tanrıyı bulmak ve ona çaldığı şeyi iade ettirmektir.', 1, '2020-01-03 12:26:28', '7+', 107, '/movies/Moana/1578011188.mkv', NULL, NULL, b'0', 'Moana', ''),
(210, 'Sevimli Canavarlar', '/covers/Sevimli Canavarlar/1578083932.jpg', NULL, '2001', '\'Sevimli Canavarlar\', Canavarlar Dünyası isimli kendilerine ait bir dünyada yaşayan ve yaşayabilmek için insanlara ihtiyaç duyan ilginç ve sevimli canavarların dünyasının insanlarla karıştığı an ortaya çıkan trajikomik hikayeyi anlatır. Bu dünyada canavarlar yaşayabilmek için insanlara muhtaçtır çünkü insanları korkuttukları an duydukları çığlık onlar için enerji kaynağı gibidir. Bu ilginç dünyaya yanlışıkla küçük bir kız çocuğunun yolu düşünce işler çığrından çıkar. Çünkü insanlar bu tuhaf yaratıklara ters etki yapmaktadır ve dehşete kapılan canavarlar salgın bir hastalığın yayılacağını düşünüyorlardır. Bu küçük kız zannettikleri gibi onların yaşamını tehdit ediyor mudur?', 1, '2020-01-03 08:38:52', '7+', 92, '/movies/Sevimli Canavarlar/1578083932.mkv', NULL, NULL, b'0', 'Monsters, Inc.', ''),
(211, 'Rango', '/covers/Rango/1578084534.jpg', NULL, '2011', 'Kişilik problemi yaşayan oyuncu bir bukalemun\'un başrolde olduğu bu eğlenceli animasyon, tatsız ve kötü şeylerden hep sakınan ve sıradan bir evcil hayvan hayatı yaşayan bukalemun Rango\'nun başından geçen dönüşüm hikayesini anlatıyor.\r\n\"Sonuçta hayattaki tek amacınız kalabalığa uyum sağlamaksa hedefiniz ne kadar yüksekte olabilir ki?\" sloganıyla tanıtılan filmde Rango, kendini birden gözüpek kanunsuzların ve eşkıyaların olduğu, sakinlerini çölün en üçkağıtçı ve sahteler yaratıklarının oluşturduğu Toprak kasabasında bulunca, cesur diyemeyeceğimiz bu bukalemun dikkat çektiğini fark eder. Kasabanın yıllardır heyecanla beklediği umudu olarak sevinçle karşınan Şerif Rango, yeni rolüne uyum sağlamaya mecbur kalır. Fakat kendini aksiyon dolu durumlarla, ürkütücü karakterlerle yüzyüze bulması uzun sürmez.', 1, '2020-01-03 08:48:54', '7+', 107, '/movies/Rango/1578084534.mkv', NULL, NULL, b'0', 'Rango', ''),
(212, 'Neşeli dalgalar', '/covers/Neşeli dalgalar/1578085010.jpg', NULL, '2007', 'İşte yine bir kez daha penguenlerin sevimli ve neşeli dünyasındayız. Bu kez onların keşfettiği sörf sporu konumuz. Buzullar dünyasının hakimlerinin yarattığı Penguenler Arası Dünya Sörf Şampiyonası umduğunuzdan da heyecanlı ve çekişmeli geçecek. Dev dalgalar, yüksek adrenalin, riskin göze alınmak zorunda olduğu bir duruş ve bütün bunların ardında yaşana gelen son derece eğlenceli ve komik maceralar. Penguenler bu kez bu çizgide karşımızdalar.', 1, '2020-01-03 08:56:50', '7+', 85, '/movies/Neşeli dalgalar/1578085010.mkv', NULL, NULL, b'0', 'Surf\'s Up', ''),
(213, 'VOL.İ', '/covers/VOL.İ/1578085443.jpg', NULL, '2008', 'Vol.i, günümüzden çok uzak bir gelecekte geçmektedir. Filmde, insanoğlu aşırı kirlenme sebebiyle Dünya’yı terk edip başka bir gezegende yaşamaya başlamıştır. Çöplerle çevrili dünyayı temizleme görevi sevimli bir robota, Vol.i’ye verilir. İnsanoğlunun bıraktığı çöplerden kendine yeni bir dünya yaratan yalnız Vol.i’nin yalnızlığı, başka bir robot olan Eve’nın gelmesiyle son bulur. İki sevimli robotun arasında filizlenen dokunaklı ilişki türlü zorluklara rağmen direnmeye ve ayakta kalmaya çalışır.\r\nFilm tüketim çılgınlığına ve insan türünün kendi yaşadığı doğal çevreye verdiği zararlara dair önemli yorumlar yaparken geleceğin insanlığını teknolojinin esiri olmuş, tembellikten tükenmiş bir profilde çizer.', 1, '2020-01-03 09:04:03', '7+', 98, '/movies/VOL.İ/1578085443.mkv', NULL, NULL, b'0', 'WALL•E', ''),
(214, 'Zootropolis: Hayvanlar Şehri', '/covers/Zootropolis: Hayvanlar Şehri/1578085841.jpg', NULL, '2016', 'Karmakarışık ve Bolt gibi sevilen animasyon filmlerinin yönetmeni Byron Howard\'ın perdeye taşıdığı Zootopia, medenileşmiş ve teknoloji kullanabilen hayvanların bir arada yaşadığı bir şehirde yaşanan ilginç bir polisiye öyküsünü perdeye taşıyor. Alışıldık Disney havasının solunacağı filmde; konuşkan tilki Nick\'in, üzerine yığılmaya çalışan bir suçtan sıyrılma çabası anlatılıyor. Modern memelilerin yaşadığı Zootropolis adındaki metropolis, lüks Sahra Meydanı’ndan, soğuk Tundra Kasabası’na kadar bir çok farklı doğal ortamın ve hayvanın bir arada yaşadığı benzersiz bir şehirdir. Burası bir fil kadar büyük ya da bir arı kadar küçük olanların bile istediği her şeyi yapabileceği türden bir yerdir. İyimser Polis Memuru Judy Hopps buraya geldiğinde, büyük ve sert mizaçlı hayvanların olduğu bir yerde polis olmanın hiç de kolay olmadığını fark eder. Kendini ispatlayabilme fırsatını elde edebilmek için, geveze ve numaracı tilki Nick Wilde ile ortak olma pahasına önemli ve gizemli bir olayı çözmeye çalışacaktır.', 1, '2020-01-03 09:10:41', '10+', 108, '/movies/Zootropolis: Hayvanlar Şehri/1578085841.mkv', NULL, NULL, b'0', 'Zootopia', ''),
(215, 'Geçmişten Gelen', '/covers/Geçmişten Gelen/1578086580.jpg', NULL, '2015', 'Simon ve Robyn yeni evli, genç bir çifttir. Hayatları tam da planladıkları gibi giderken, Simon\'ın bir lise arkadaşıyla karşılaşması tüm yaşamlarını alt üst edecektir. Simon, Gordo\'yu ilk başta tanımaz ama bir dizi beklenmedik karşılaşma ve kaynağı belirsiz hediye, geçmişten gelen korkunç bir sırrı da açığa çıkartacaktır. 20 sene önce Simon ve Gordo arasında gerçekleşen olayın rahatsız edici, gerçek yüzünü öğrenince Robyn hayata dair sorgulamalara da girecektir.', 1, '2020-01-03 09:23:00', '16+', 108, '/movies/Geçmişten Gelen/1578086580.mkv', NULL, NULL, b'0', 'The Gift', ''),
(216, 'Cloverfield Yolu No: 10', '/covers/Cloverfield Yolu No: 10/1578087467.jpg', NULL, '2016', 'Büyük bir trafik kazası geçiren Michelle, gözlerini yeraltında konumlanmış bir sığınakta açar. Yanında ise, dışarıda kimyasal bir saldırı olduğunu ve kesinlikle dışarıya çıkamadaklarını iddia eden iki yabancı adam vardır.', 1, '2020-01-03 09:37:47', '15+', 103, '/movies/Cloverfield Yolu No: 10/1578087467.mkv', NULL, NULL, b'0', '10 Cloverfield Lane', ''),
(217, 'Doğruyu Söyle', '/covers/Doğruyu Söyle/1578087914.jpg', NULL, '2015', 'Yönetmen Peter Landesman Amerikan futboluna dair bir dram filmiyle karşımıza çıkıyor. Amerikan Futbolu oyuncularının yaşadıkları ciddi sakatlanmaların, kritik seviyedeki kafa yaralanmalarının ve travmalarının, yaşam boyu sakat bırakan beyin sakatlıklarının trajik boyutunu perdeye taşımayı hedefleyen Landesman, bir dergi haberinden yola çıkarak oluşturduğu öyküde, bu türden hasarların tekrarlanmasının, oyuncular ve onların yaşamlarını nasıl etkilediğini vurguluyor.', 1, '2020-01-03 09:45:14', '16+', 123, '/movies/Doğruyu Söyle/1578087914.mkv', NULL, NULL, b'0', 'Concussion', ''),
(218, 'Ölüm Emri', '/covers/Ölüm Emri/1578088534.jpg', NULL, '2015', 'Londra merkezli ordu istihbarat komutanı albay Katherine Powell, bir grup tehlikeli teroristi Nairobi, Kenya\'daki karargahlarından kaçırabilmek için çok gizli bir operasyonu uzaktan komuta etmektedir. Görev, Powell teroristlerin bir intihar saldırısı planladıklarını anladığı anda \"ele geçirme\" değil \"öldürme\" operasyonuna dönüşür. Nevada\'daki merkezden Amerikan insansız hava aracını kontrol eden pilot Stewe Watts, karargahın bahçesine 9 yaşında bir çocuğun girdiğini görünce havada seyir etmeye devam eder. Saniyeler hızla akarken, bu imkansız karar, politikacıların ve avukatların ellerine kalır.', 1, '2020-01-03 09:55:35', '16+', 102, '/movies/Ölüm Emri/1578088534.mkv', NULL, NULL, b'0', 'Eye in the Sky', ''),
(219, 'Hush', '/covers/Hush/1578089160.jpg', NULL, '2016', 'Sağır bir kadın olan Maddie, tek başına yaşamak için ormanın içinde bulunan bir eve yerleşir. Üzerinde çalıştığı kitabını bitirmeye çalışan Maddie, yeni hayatından oldukça mutludur. Fakat bir gün bilgisayar başındayken kendine gelen bir mesaj her şeyi altüst eder. Mesajda o anki halinin fotoğrafı vardır. Evin dışından birisinin kendisini izlediğin düşünen Maddie çok geçmeden maskeli katil ile karşılaşır. Maddi, eve girmeye çalışan maskeli adamdan kurtulmaya çalışmak için zorlu bir mücadele vermek zorundadır.', 1, '2020-01-03 10:06:00', '16+', 82, '/movies/Hush/1578089160.mkv', NULL, NULL, b'0', 'Hush', ''),
(220, 'Aquaman', '/covers/Aquaman/1578090078.jpg', NULL, '2018', 'Arthur Curry kendiyle ilgili büyük bir gerçeği keşfetmiştir. Kendisi okyanuslar altında inşa edilen Atlantis krallığının tahtının varisidir. Ancak Aquaman\'in sinsi yarı-kardeşi Orm, Atlantis tahtını istemektedir. Arthur Curry, nam-ı diğer Aquaman, kendisine kalan mirasa sahip çıkmalı ve halkının başına geçmelidir. Yoksa kendi hayatının yanı sıra sevdiği kişiler de büyük bir tehlikeyle yüz yüze gelmek zorunda kalacaktır. Bu yolculukta Arthur kendiyle yüzleşmenin yanı sıra, bir kral olmaya layık olup olmadığını da keşfetmek zorundadır.', 1, '2020-01-03 10:21:18', '13+', 143, '/movies/Aquaman/1578090078.mkv', NULL, NULL, b'0', 'Aquaman', ''),
(221, 'Beasts of No Nation', '/covers/Beasts of No Nation/1578090517.jpg', NULL, '2015', 'Jane Eyre uyarlamasıyla uluslararası sinema arenasında parlayan ve True Detective diziyle de dikkatleri üzerine toplayan genç yönetmen Cary Fukunaga\'nın Uzodinwa Iwala\'nın aynı adlı eserinden beyazperdeye taşıdığı filmde, Afrika ülkesindeki iç savaşta savaşması için ailesinden kopartılan çocuk asker Agu’nun öyküsü anlatılıyor.', 1, '2020-01-03 10:28:37', '18+', 137, '/movies/Beasts of No Nation/1578090517.mkv', NULL, NULL, b'0', 'Beasts of No Nation', ''),
(222, 'İstila Altında', '/covers/İstila Altında/1578091134.jpg', NULL, '2019', 'Bir Şikago mahallesinde geçen İstila Altında, bölgenin dünya dışı bir güç tarafından işgal edilişini konu ediyor. Film işbirlikçilerin ve muhaliflerin bakış açılarından durumu ele alıyor. Sıradan bir uzaylı istilasını değil, istilanın ardından yaşanan süreci temeline oturtan film, 10 yılın ardından gezegenlerini geri almak için mücadele veren cesur insanları olduğu kadar sırtını uzaylılara yaslayarak bu istiladan memnun olan kesimi de işliyor. 10 yıl önce gerçekleşen istila sonucunda fakirlik ve suç tarihe karışmıştır. Ancak karşılığında ödenen bedeller nelerdir?', 1, '2020-01-03 10:38:54', '13+', 109, '/movies/İstila Altında/1578091134.mkv', NULL, NULL, b'0', 'Captive State', ''),
(223, 'Atiye', '/covers/Atiye/1578269081.jpg', NULL, '2019', 'Zühre`nin kimliği açığa çıkarken Atiye kasten bir örtbas yapılığından şüphelenir. Erhan, babasını Göbeklitepe`de kör bir kadının ziyaret ettiğini öğrenir.', 2, '2020-01-06 12:04:41', '16+', 0, '', NULL, NULL, b'0', 'The Gift', ''),
(224, 'John Wick', '/covers/John Wick/1578274070.jpg', NULL, '2014', 'Emekliliğinin tadını çıkarırken karısının yakalandığı amansız hastalıkla hayatı altüst olur. Karısından kendisine kalan en değerli varlığı ve can yoldaşı köpeğidir. Ancak evine dalan üç gangster onu da öldürür. Gansterlerden biri, mafya babası Viggo Tasarov\'un oğlu Josef Tasarov\'dur ve John\'un daha önce birlikte çalıştığı bir adamdır. Artık kaybedecek hiçbir şeyi de kalmayan John Wick\'in tek istediği intikamdır ve New York sokaklarında düşmanlarıyla nefes kesen bir kovalamacanın içine girer.', 1, '2020-01-06 01:27:50', '15+', 101, '/movies/John Wick/1578274070.mkv', NULL, NULL, b'0', 'John Wick', ''),
(225, 'John Wick 2', '/covers/John Wick 2/1578274680.jpg', NULL, '2017', 'John Wick can yoldaşı köpeğiyle sakin bir hayat sürmektedir. Ancak başına gelen kimi olaylar onu bir kez daha suç dünyasına iter. Bu kez bu uğurda Roma sokaklarını arşınlaması gerekecektir...', 1, '2020-01-06 01:38:00', '15+', 122, '/movies/John Wick 2/1578274679.mkv', NULL, NULL, b'0', 'John Wick: Chapter 2', ''),
(226, 'John Wick: Chapter 3 - Parabellum', '/covers/John Wick: Chapter 3 - Parabellum/1578275109.jpg', NULL, '2019', 'Parabellum, gizli suikastçı birliğinden atılan John Wick\'in, kellesi karşılığında ödül almak için peşine düşen suikastçılara karşı verdiği mücadeleyi konu ediyor. John Wick iki nedenden ötürü firaridir. Kellesi üzerine 14 milyon dolarlık açık sözleşme konulmuştur ve temel bir kuralı ihlal etmiştir; Continental Hotel\'de birini öldürmüştür. Kurbanı ise açık kontratı sunan Yüksek Masa üyesidir. İşi bitmiş olması gereken John\'a otelin yöneticisi Winston tarafından bir saatlik bir kaçış süresi verilir. Ardından üyeliği iptal edilecek, tüm hizmetlerden men edilecek ve diğer üyelerle iletişimi kesilecektir. John\'un New York City\'den kaçma mücadelesinde güvenebileceği tek şey servis endüstrisidir...', 1, '2020-01-06 01:45:09', '15+', 131, '/movies/John Wick: Chapter 3 - Parabellum/1578275108.mkv', NULL, NULL, b'0', 'John Wick: Chapter 3 - Parabellum', ''),
(228, 'Soğuk Savaş', '/covers/Soğuk Savaş/1578779515.jpg', NULL, '2018', 'Zula ve Wiktor birbirinden tamamen farklı karakterlere sahip olan iki aşıktır. Her ne kadar birbirleriyle anlaşamayacak tipler olsalar da kader onların yollarını ayrılmayacak şekilde birbirine bağlar. Soğuk Savaş sırasında Polonya’dan Berlin’e, Yugoslavya’dan Paris’in gece kulüplerine uzanan filmde, siyasi görüş, karakter ve kaderin cilvesiyle savrulan Zula ve Wiktor’un tutkulu aşkı ele alınıyor.', 1, '2020-01-11 09:51:55', '13+', 88, '/movies/Soğuk Savaş/1578779515.mkv', NULL, NULL, b'0', 'Cold War', ''),
(229, 'Sil Baştan', '/covers/Sil Baştan/1578780543.jpg', NULL, '2004', 'İki yıl boyunca beraber olduğu sevgilisinden oldukça şaşırtıcı bir haber alan Joel Barish, bir teknolojik deneye katılan sevgilisine ilişkilerini tamamen hafızasından silinmeden hatırlatmaya çalışmaktadır. Yani Barish’in kim olduğunu bile hatırlamamaktadır. Bu gelişme üzerine küplere binen adam, aynı prosedürü kendi üzerinde de gerçekleştirmek ister.', 1, '2020-01-11 10:09:03', '16+', 108, '/movies/Sil Baştan/1578780543.mkv', NULL, NULL, b'0', 'Eternal Sunshine of the Spotless Mind', ''),
(230, 'Frekans', '/covers/Frekans/1578781629.jpg', NULL, '2000', 'Zor bulunur bir doğa olayı sonucunda, New York\'ta sıradan bir itfaiyeci bir frekans yakalar. Bu frekans sayesinde içinde bulundukları tarihin tam otuz yıl sonrasında yaşayan oğluyla iletişim kurabilmektedir.', 1, '2020-01-11 10:27:09', '12+', 108, '/movies/Frekans/1578781629.mkv', NULL, NULL, b'0', 'Frequency', '');
INSERT INTO `movies` (`id`, `name`, `image`, `poster`, `year`, `description`, `movieType`, `addedDate`, `rate`, `length`, `movieLink`, `englishLink`, `trailerLink`, `isDeleted`, `tagName`, `imdb`) VALUES
(231, 'Şahsiyet', '/covers/Şahsiyet/1578783229.jpg', NULL, '2018', 'Agah, adli katip memurluğundan emekli olan bir adamdır. Beyoğlu\'nda münzevi bir yaşam süren Agah\'ın hayatı, kendisine alzheimer teşhisi konulmasıyla altüst olur. Tüm anılarını zamanla unutacak olmasının acısı karşısında büyük bir yıkıma uğrayan Agah, bir süre sonra bu durumun bir fırsat olduğunu fark eder. Agah, yıllardır ertelediği bir cinayeti işleminin tam zamanı olduğunu düşünür çünkü hastalığından dolayı işleyeceği suçu unutacak ve bundan dolayı vizdan azabı çekmeyecektir. Agah\'ın aldığı bu karar sadece onun değil cinayet büro amiri olan Nevra\'nın da hayatını etkileyecektir.', 2, '2020-01-11 10:53:49', '15+', 0, '', NULL, NULL, b'0', 'Sahsiyet', ''),
(232, 'Full Metal Jacket', '/covers/Full Metal Jacket/1578784172.jpg', NULL, '1987', 'Full Metal Jacket\'de bir grup acemi asker kendilerini nasıl bir eğitimin beklediğinden ve nasıl bir işin içine girdiklerinden habersiz bir biçimde üslerinin önünde dikilmektedirler. Askerlik ve savaş kavramlarının ciddiyetlerini fark etmeleri için savaşa gitmeleri gerekmeyecektir.', 1, '2020-01-11 11:09:32', '18+', 116, '/movies/Full Metal Jacket/1578784172.mkv', NULL, NULL, b'0', 'Full Metal Jacket', ''),
(233, 'Hachi: A Dog’s Tale', '/covers/Hachi: A Dog’s Tale/1578785374.jpg', NULL, '2009', 'İlk önce eşinin sert tepkilerini gören profesörün köpekle aralarındaki bağ gün geçtikçe daha da sağlamlaşır. Kısa zamanda tüm aileye kendini sevdiren Hachi, Wilson ailesinin köpeği olur Profesörü işe giderken her gün tren istasyonuna kadar yolcu eder ve döneceği saatte her zaman yerinde olup onu bekleyen bir yol arkadaşı olur.', 1, '2020-01-11 11:29:34', '12+', 93, '/movies/Hachi: A Dog’s Tale/1578785374.mkv', NULL, NULL, b'0', 'Hachi: A Dog\'s Tale', ''),
(234, 'İçimdeki Yangın', '/covers/İçimdeki Yangın/1578861620.jpg', NULL, '2010', 'Aile dostları olan bir avukatın çağrısı üzerine annelerinin ölümünün ardından kendilerine yazılmış bir mektupla karşılaşan ikiz kardeşler Jeanne ve Simon, ölen annelerinin son arzusunu yerine getirmek amacıyla Lübnan\'a doğru yola çıkarlar. Simon ilk başta isteksiz davransa da bir süre sonra o da kardeşi Jeanne\'e katılır...', 1, '2020-01-12 08:40:20', '15+', 131, '/movies/İçimdeki Yangın/1578861620.mkv', NULL, NULL, b'0', 'Incendies', ''),
(235, 'İç İşleri', '/covers/İç İşleri/1578861944.jpg', NULL, '2010', 'Charles Ferguson’ın 2008\'deki ekonomik krize ve finansal erimeye yakın bir bakış attığı belgesel türündeki film politik tavrını da koruyan bir yapıya sahip. Terimlerle çok arası olmayan seyriciye de ekonomik krizi anlaşılır biçimde aktaran filmde Matt Damon da anlatıcı olarak yer alıyor.', 1, '2020-01-12 08:45:45', '12+', 109, '/movies/İç İşleri/1578861944.mkv', NULL, NULL, b'0', 'Inside Job', ''),
(236, 'Bay Calzaghe', '/covers/Bay Calzaghe/1578863294.jpg', NULL, '2015', 'Bir zamanlar Dünya çapında ün salmış Joe Calzaghe’in başarı ve şöhretle dolu hayatının öyküsünü anlatan film İngiliz yönetmen Vaughan Sivell tarafından çekilmiştir.', 1, '2020-01-12 09:08:14', '15+', 90, '/movies/Bay Calzaghe/1578863294.mkv', NULL, NULL, b'0', 'Mr Calzaghe', ''),
(237, 'Asla Kapıyı Çalma', '/covers/Asla Kapıyı Çalma/1578865205.jpg', NULL, '2017', 'Cadılar bayramı gelip çatmıştır herkes birbirini korkutmak için kıyafetler giymekte maskeler takmakta ve makyajlar yapmaktadır. Eskiden gelme bir inanca göre NeverKnow canavarı eğer talimatlara uymazlarsa serbest kalacaktır fakat bunu aldırış etmeyen bir grup canavarı serbest bırakacatır. Canavar korkudan beslenir ve tek yakaladığı insanları öldürmektedir.', 1, '2020-01-12 09:40:05', '15+', 86, '/movies/Asla Kapıyı Çalma/1578865205.mkv', NULL, NULL, b'0', 'Neverknock', ''),
(238, 'Guguk Kuşu', '/covers/Guguk Kuşu/1578865860.jpg', NULL, '1975', 'Aykırı mahkumun sayrıl tavırları cezaevi otoritesinin gözüne batmaya başlayınca bir süre sonra teşhis için akıl hastanesine gönderilir ve kafadan çatlak olduğuna kanaat getirilir. Artık yeni meskeni, tımarhanedir... Randle hastanede de kurumun kurallarına uymaması ve arkadaşları ile olan ilişkileri ile dikkatleri üzerine çeker.', 1, '2020-01-12 09:51:00', '16+', 133, '/movies/Guguk Kuşu/1578865859.mkv', NULL, NULL, b'0', 'One Flew Over the Cuckoo\'s Nest', ''),
(239, 'Point Blank', '/covers/Point Blank/1578954835.jpg', NULL, '2019', 'Paul sıradan bir hayata sahip olan, mantıklı ve düzenli bir acil servis hemşiresidir. Eşiyle birlikte güzel bir evlilik sürdüren Paul\'un hayatını güzelleştiren bir diğer neden de eşinin hamile olmasıdır. Yakında ailelerine katılacak olan bebekleri için çok mutlu olan Paul\'un bu düzenli ve sakin hayatı bir anda başına gelen bir karmaşa ile birbirine girer. Hamile olan karısı kaçırılmış ve teminat olarak alınmıştır. Karısının ve doğmamış bebeğinin hayatını kurtarmaya kararlı olan Paul bu amaçla ağır yaralanan ve cinayet şüphelisi olan bir suçluyla iş birliği yapmak zorunda kalır. Rakip çete üyelerinin ve yozlaşmış polislerin arasında ölümcül bir mücadeleye atılan ikili, aralarındaki farklılıkları bir kenara bırakıp hayatta kalmak için birlikte çalışmak zorundadır. İkisinin hayatı da aralarındaki ortaklığa güvenmelerine bağlı olacaktır.', 1, '2020-01-13 09:40:58', '13+', 86, '/movies/Point Blank/1578951658.mkv', NULL, NULL, b'0', 'Point Blank', ''),
(240, 'Prometheus', '/covers/Prometheus/1578955089.jpg', NULL, '2012', 'Tekrar bilim-kurgu türüne dönüş yapan kült yönetmen Ridley Scott\'ın önderliğinde Alien\'ın köklerine yapılan bu yolculuk, hayatın başlangıcına dair araştırma yürüten bir ekibin evrenin en karanlık noktasında yaşadıkları maceralara odaklanıyor. Ekibin insanoğlunun geleceğini korumak adına girdiği bu savaş, her şeyin sonu olabilir...\r\nÇekimleri gizlilik içinde yürütülen filmin orijinal hikâyesi Jon Spaihts tarafından yazıldı ve daha sonra Lost\'un yaratıcısı Damon Lindelof\'un elinden geçti.', 1, '2020-01-13 09:59:01', '16+', 124, '/movies/Prometheus/1578952741.mkv', NULL, NULL, b'0', 'Prometheus', ''),
(241, 'Tangerine', '/covers/Tangerine/1578954923.jpg', NULL, '2015', 'Tek bir günde geçen ve tamamı iPhone ile çekilen film, hayat kadını olarak çalışan trans bireyler Sin-Dee ile Alexandra\'nın başından geçen bir dizi talihsizliği konu ediniyor. İki arkadaş Noel günü çıktıkları yolculukta kaplerini kıran erkek arkadaşı bulmak için çabalar.', 1, '2020-01-13 10:11:07', '18+', 88, '/movies/Tangerine/1578953467.mkv', NULL, NULL, b'0', 'Tangerine', ''),
(242, 'Kumsal', '/covers/Kumsal/1578954994.jpg', NULL, '2000', 'Richard ülkesinden Thailand\'a kadar macera aşkından güç alarak yol alan Amerikalı bir serüvencidir. Zihnindeki tek şey, teknolojinin ve bilgisayarların kendi düzenini dayattığı modern ama çürük toplumdan uzak bir yerde, bir barınak edinebilmektir. Bangkok\'taki ucuz bir otelde konaklarken ilginç bir Fransız çiftle tanışır. Ayrıca otelin bir diğer konuğu ise Daffy adında, Richard\'la benzer ilgi alanları olan bir adamdır. Daffy, dünyada daha önce kimsenin girmediği bir sahilin varlığından söz eder. Üstüne üstlük bu sahilin yerini sadece kendisinin bildiğini ekler.', 1, '2020-01-13 10:23:44', '16+', 119, '/movies/Kumsal/1578954224.mkv', NULL, NULL, b'0', 'The Beach', ''),
(243, 'The Dirt', '/covers/The Dirt/1578955594.jpg', NULL, '2019', '2001 tarihli “The Dirt: Confessions of the World’s Most Notorious Rock Band” isimli otobiyografinden uyarlanacak film, grubun 80’lerdeki yükselişini anlatıyor. Los Angles’ta kurulan ve 1981 yılında “Too Fast for Love” albümüyle müzik dünyasına giriş yapan grup, son konserini 2015 yılbaşında vermişti. Rock ve metal türlerini harmanlayan Motley Crue grubunun albümleri tüm dünyada 100 milyondan fazla sattı.', 1, '2020-01-13 10:46:34', '18+', 107, '/movies/The Dirt/1578955594.mkv', NULL, NULL, b'0', 'The Dirt', ''),
(244, 'The Great Hack', '/covers/The Great Hack/1578956209.jpg', NULL, '2019', 'The Great Hack, bir veri şirketi olan Cambridge Analytica’nın, nasıl sosyal medyanın karanlık yönünün sembolü haline geldiğini gözler önüne seriyor. Tüm etkileşimler, kredi kartı kullanımları, web aramaları, konumlar, beğeniler ve daha niceleri toplanıp yılca trilyonlarca dolar kazanan bir endüstri oluyor. Hem Trump kampanyalarını yürüten hem de Brexit için çalışan Cambridge Analytica da bir süre sonra sahip olduğu bilgileri kullanmaya başlar. Belgeselde, önce verileri elde edip ardından da kontörlü ele geçiren Cambridge Analytica skandalının farklı taraflarında bulunanların bireysel yolculuklarına odaklanıyor.', 1, '2020-01-13 10:56:49', '13+', 114, '/movies/The Great Hack/1578956209.mkv', NULL, NULL, b'0', 'The Great Hack', ''),
(245, 'Başkalarının Hayatı', '/covers/Başkalarının Hayatı/1578956781.jpg', NULL, '2006', 'Başkalarının Hayatı, Alman sinemasının son döneminin en önemli filmlerinden biri olarak kabul görmüştür. Film iktidarın meşrutiyetini devam ettirebilmek için ülke genelinde kurduğu istihbarat servisini ve bu birim içerisinde önemli bir pozisyonda çalışan ve Bakan tarafından bir sanatçıyı takip etme görevine atanan Yüzbaşı Gerd Wiesler’in karşılaştığı oyunları konu edinir. Wiesler, gözetlediği tiyatro yazarının rejime karşı gelmediğini, şüpheli herhangi bir harekette bulunmadığını görür ve bu görevin altında başka bir amaç yattığını fark eder. Yazarın hayatına her gün daha bir fazla giren Wiesler, zamanla yazara kendisinin bile fark etmediği yardımlarda bulunur; böylece aralarında gizli bir dostluk kurulur.', 1, '2020-01-13 11:06:21', '18+', 137, '/movies/Başkalarının Hayatı/1578956781.mkv', NULL, NULL, b'0', 'The Lives of Others', ''),
(246, 'Esaretin Bedeli', '/covers/Esaretin Bedeli/1578957167.jpg', NULL, '1994', 'Esaretin Bedeli, Andy ve Red isimli iki mahkumun parmaklıklar ardında kurdukları dünyanın hikayesini anlatıyor. Andy Dufresne, genç ve başarılı bir bankerdir. Karısını ve karısının sevgilisini öldürmek suçundan yargılanır ve ömür boyu hapis cezası alır. Shawsank Hapishanesi\'nde dayak, işkence, tecavüz, her türlü durum yaşanmaktadır fakat Andy gene de hayata bağlı ve iyimserdir. Bu tutumu etrafındakileri de etkiler. Andy umutlu bakış açısıyla çevresindeki tüm mahkumları, parmaklıklar arkasında bile özgür bir yaşam olabileceğine inandırır. Andy\'nin bu çabalarına ortak olacak bir arkadaşı da olacaktır.', 1, '2020-01-13 11:12:47', '16+', 142, '/movies/Esaretin Bedeli/1578957167.mkv', NULL, NULL, b'0', 'The Shawshank Redemption', ''),
(247, 'Gerçek Bedel', '/covers/Gerçek Bedel/1578957950.jpg', NULL, '2015', '\"Gerçek Maliyet\" filmi insanlar üzerinde modanın etkisini keşfetmek için bir belgesel ve gezegen', 1, '2020-01-13 11:25:50', '7+', 92, '/movies/Gerçek Bedel/1578957950.mkv', NULL, NULL, b'0', 'The True Cost', ''),
(248, 'Doğruluk Mu Cesaret Mi', '/covers/Doğruluk Mu Cesaret Mi/1579211362.jpg', NULL, '2018', 'Türkçede \"Doğruluk mu Cesaret mi\" olarak adlandırdığımız oyunu temel alan korku filminde, bir grup arkadaş içinde bulundukları tehlikeyi bilmeden oyuna dahil oluyor. İlk başta oyunun ciddiyetini kavrayamayan gençler, yaşanan tuhaf rastlantıların üzerinde durmuyor. Ancak içlerinden biri yapacağını iddia ettiği herhangi bir şeyi yapmayı reddettiğinde ya da yalan söylediğinde bunun bedelini hayatıyla ödüyor. Oyunun ne kadar ölümcül olduğunu fark eden arkadaş grubu, hayatta kalabilmek için zamana karşı yarışmaya başlıyor.', 1, '2020-01-13 11:32:52', '16+', 100, '/movies/Doğruluk Mu Cesaret Mi?/1578958372.mkv', NULL, NULL, b'0', 'Truth or Dare', ''),
(249, 'Yeraltı', '/covers/Yeraltı/1579201153.jpg', NULL, '1995', 'Belgrad’da komünist Marko\'nun hedeflediği ortam fazlasıyla sağlanmıştır. Marko, arkadaşı Blacky ve yoldaşlarını yeraltında bulunan bir mahzene yerleştirir. Orada silah üreteceklerdir. Markonun fikrine göre savaş sone erdiğinde ve onlar dışarı çıktıklarında yeryüzünde bir cennet karşılayacaktır herkesi.', 1, '2020-01-16 06:59:13', '16+', 170, '/movies/Yeraltı/1579201153.mkv', NULL, NULL, b'0', 'Underground', ''),
(250, 'Bright', '/covers/Bright/1579201666.jpg', NULL, '2017', 'İnsan ırkına mensup Ward ve ork Jakoby gece devriyesinde partner olan iki polis memurudur. Aralarındaki farklılıkları aşmanın yanı sıra kanunu çiğneyenlerle de mücadele etmektedirler. Günün birinde bildikleri dünya tehdit altına girer. Artık genç dişi elfi ve yanlış ellerde her şeyi yok edebilecek, çoktan unutulduğu sanılan bir kutsal emaneti korumak için birlikte çalışmalıdırlar...', 1, '2020-01-16 07:07:46', '16+', 117, '/movies/Bright/1579201666.mkv', NULL, NULL, b'0', 'Bright', ''),
(251, 'Deadpool', '/covers/Deadpool/1579201903.jpg', NULL, '2016', 'Eski bir özel kuvvetler görevlisi olan Wade Wilson ordudan ayrıldıktan sonra kendi çöplüğünde, kendi kurallarına göre takılan, kötünün iyisi bir adamdır. Hayatına yeni giren Vanessa ile harika bir uyumu varken bir şeylerin tam da yolunda gittiğni düşünürken, kanser olduğu gerçeğiyle yüz yüze kalır. Sevdiği kadını bu acılı süreci izlemekten kurtarmak için onu terk eden Wade, kendisine tedavi umudu sunan bir bilimsel projeye katılır.', 1, '2020-01-16 07:11:43', '15+', 108, '/movies/Deadpool/1579201903.mkv', NULL, NULL, b'0', 'Deadpool', ''),
(252, 'Aşka Hasret', '/covers/Aşka Hasret/1579202041.jpg', NULL, '2018', 'Been So Long, aşka kapılarını kapatmışken sorunlu bir geçmişe sahip bir yabancıdan hoşlanan bekar bir annenin hikayesini anlatıyor. Simone, Londra’da yaşayan bekar bir annedir. Hayattaki her şeyden bağını koparan Simone sadece kızı ile ilgilenir. Kızı ile kendisine kurduğu dünyadan dışarı çıkmayan Simone’ın bu halinden arkadaşları oldukça şikayetçidir. Arkadaşları onu tekrar hayata karıştırmanın yolunu arasa da bir çözüm bulamazlar. Tam da bu sırada genç kadının yolu sorunlu bir geçmişi olan Raymond ile kesişir. Korkuları olsa da Raymond’dan kendisini uzak tutamayan Simone, uzun süredir hissetmediği duygularıyla karşı karşıya kalır. Sonunda kalbinin sesini dinlemeye karar veren Simone, kalbinin kapılarının açıp yeni bir hayata başlar.', 1, '2020-01-16 07:14:01', '16+', 100, '/movies/Aşka Hasret/1579202041.mkv', NULL, NULL, b'0', 'Been So Long', ''),
(253, 'Deadpool 2', '/covers/Deadpool 2/1579610105.jpg', NULL, '2018', 'Deadpool, kahramanlık işlerini devam ettirmekte, bir yandan da gündelik hayatını sürdürmektedir. Kız arkadaşı Vanessa\'yla mutlu bir ilişki sürdüren Deadpool\'un düzeni, gelecekten gelen Cable\'ın ortaya çıkışıyla sarsılır.', 1, '2020-01-16 07:15:50', '15+', 119, '/movies/Deadpool 2/1579202150.mkv', NULL, NULL, b'0', 'Deadpool 2', ''),
(254, 'Aşk Bu Mu', '/covers/Aşk Bu Mu/1579211293.jpg', NULL, '2018', 'Aşk Bu Mu?, yolları kesişen Umut ve Gülüm’ün hikayesini konu ediyor. Genç bir adam olan Umut, çocukluğundan beri hırsızlık yapmaktadır. Umut, hayatının fırsatını yakalayıp köşeyi dönmenin hayalini kurar. Fakat ne hayallerine kavuşabilir ne de sürekli aradığı ailesine ulaşabilir. Genç bir kadın olan Gülüm ise hayallerine bir adım uzaklıktadır. Okulunu başarıyla bitiren Gülüm’ün hayatında hiçbir sıkıntı yoktur. Fakat bir gün genç kızın tüm hayatı kararır. Gülsüm’de karaciğer yetmezliği olduğu ortaya çıkar ve nakil gerçekleşmezse ölecektir. Tam da bu süreçte Umut ile Gülüm’ün yolları kesişir. Genç adamın yıllardır beklediği fırsat tam da ayağına gelmiştir. Ancak bu durum sandığı kadar kolay değildir. Kendisini zor durumların içerisinde bulan Umut, bedeli ağır olan bir karar vermek zorunda kalır. Peki aşk her şeyin üstesinden gelmeye yeterli midir?', 1, '2020-01-16 07:22:31', '13+', 100, '/movies/Aşk Bu Mu?/1579202551.mkv', NULL, NULL, b'0', 'Aşk Bu Mu', ''),
(255, 'Nefesini Tut', '/covers/Nefesini Tut/1579202568.jpg', NULL, '2016', 'İstismarcı annesinden kurtulup, kız kardeşini her ikisi için de sonu yokmuş gibi görünen bu hayattan kurtarmaya kararlı olan Rocky ve arkadaşları Alex ile Money\'nin planları oldukça basittir. Kör bir adamın evinde kilitli tuttuğu odaya girmek, onun engelli oluşundan yararlanarak evini soymak. Ancak işler tam olarak planlandığı gibi gitmez.', 1, '2020-01-16 07:22:48', '16+', 88, '/movies/Nefesini Tut/1579202567.mkv', NULL, NULL, b'0', 'Don\'t Breathe', ''),
(256, 'Suicide Squad: Gerçek Kötüler', '/covers/Suicide Squad: Gerçek Kötüler/1579202819.jpg', NULL, '2016', 'Dünyanın en tehlikeli takımını toplamak için, hapisteki Süper Güçlü Kötü Adamları biraraya getir, devletin emri ile onları en güçlü silahlarla donat ve gizemli bir suç örgütünü yenmeleri için onları göreve gönder. Ancak, bu İntihar Timi, aslında başarılı olmaları için değil de, tescilli suçları nedeniyle, eninde sonunda kaybedekleri aşikar bir göreve çıktıklarını fark ettiklerinde ne yapacaklardır?', 1, '2020-01-16 07:26:59', '15+', 123, '/movies/Suicide Squad: Gerçek Kötüler/1579202819.mkv', NULL, NULL, b'0', 'Suicide Squad', ''),
(257, 'Küçük Kardeşim 2', '/covers/Küçük Kardeşim 2/1579202971.jpg', NULL, '2002', 'Little ailesi, çok sevdikleri küçük beyaz hamsterları Stuart ile beraber mutlu mesut hayatlarında devam etmektedirler. Manhattan\'ın en güzel yerlerinde, Central Park civarlarında oldukça keyifli bir yaşamları vardır. Little ailesinin küçük oğlu George, faresi Stuart ve kedisi Snowbell, evlerinin çatısını yükseltmek konusunda ısrarcıdırlar. Little ailesi, kendisini oldukça tuhaf bir maceranın içerisinde bulmak üzeredir.', 1, '2020-01-16 07:29:31', '7+', 77, '/movies/Küçük Kardeşim 2/1579202971.mkv', NULL, NULL, b'0', 'Stuart Little 2', ''),
(258, 'Babam ve Oğlum', '/covers/Babam ve Oğlum/1579203175.jpg', NULL, '2005', 'Babam ve Oğlum\'da, 12 Eylül darbesinin yıktığı hayatlardan birinde yetişmektedir küçük Deniz. Annesini henüz doğmadan önce kaybetmiş, bir gazetede yazar olarak çalışan babası tarafından mütevazi bir evde yetiştirilmiştir. Babası dışında tanıdığı tek bir akrabası bile yoktur. Taki babası Sadık, bir gün Deniz\'i şaşırtacak bir haberle gelene kadar...', 1, '2020-01-16 07:32:55', '16+', 108, '/movies/Babam ve Oğlum/1579203175.mkv', NULL, NULL, b'0', 'My father and My Son', ''),
(259, 'Küçük Kardeşim', '/covers/Küçük Kardeşim/1579203576.jpg', NULL, '1999', 'Stuart cismen küçük fakat manen kocaman bir yüreğe sahiptir. Hayatı ait olduğu yeri arayarak geçmektedir. Bu süreçte gerçek insanlardan oluşan bir aile olan Little ailesi kendisini evlatlık edinir. Little ailesi Stuart’a karşı ne kadar merhametli ve ne kadar sevgi doluysa evin kedisi de tam tersi nefret ve kin doludur. Stuart’un o dakikadan sonra en büyük düşmanı da bu kedi olmuştur.', 1, '2020-01-16 07:39:36', '7+', 84, '/movies/Küçük Kardeşim/1579203576.mkv', NULL, NULL, b'0', 'Stuart Little', ''),
(260, 'Bird Box', '/covers/Bird Box/1579203736.jpg', NULL, '2018', 'Her şey tam beş yıl öncesinde başlar. Başlangıçtan bu zamana kadar hayatta kalmayı başaran Malorie ve iki çocuğu için hayat bu süreçte hiç de kolay olmaz. Nehir kenarında terk edilmiş bir evde kalan aile, bugünlere her adımlarını planlayarak gelir. Ailesini güvende olabilecekleri bir yere götürmenin hayalini kuran Malorie ve çocukları için artık gitmedir. Ancak bu yolculuk oldukça tehlikelidir. Tek bir hataları ölümlerine sebep olacaktır. Her şeyden önemlisi de yolculuk sırasında ne olursa olsun gözlerinin bağlı olması gerekir. Zekalarına ve geliştirdikleri duyma yetilerine güvenerek çıktıkları bu yolculukta Malorie ve çocukları yalnız değildir.', 1, '2020-01-16 07:42:16', '16+', 124, '/movies/Bird Box/1579203736.mkv', NULL, NULL, b'0', 'Bird Box', ''),
(261, 'Ölümcül Labirent', '/covers/Ölümcül Labirent/1579204009.jpg', NULL, '2019', 'Ölümcül Labirent, kaçış odasından kurtulmaya çalışan altı yabancının hikayesini konu ediyor. 6 kişinin hayatı, kendilerine gönderilen bir postadan sonra bambaşka bir hal alır. Birbirini tanımayan altı yabancıya, bir kaçış odasının giriş biletleri gelir. Üstelik büyük bir ödül de vardır. Eğer içlerinden kaçış odasından çıkmayı başaranlar olursa, bir milyon dolar ödülün sahibi olacaktır.', 1, '2020-01-16 07:46:49', '15+', 99, '/movies/Ölümcül Labirent/1579204009.mkv', NULL, NULL, b'0', 'Escape Room', ''),
(262, 'Monte Carlo', '/covers/Monte Carlo/1579204077.jpg', NULL, '2011', 'Üç kız arkadaşın Paris\'te geçirdikleri tatilleri boyunca başlarından geçen komik olayların anlatılacağı filmin yönetmeni 2005\'de çektiği Aile Bağları (The Family Stone)\'ndan bu yana kamera arkasına geçmemiş olan Thomas Bezucha. Film, 18 yaşındaki Grace (Selena Gomez) ve en yakın arkadaşı Emma Danielle (Katie Cassidy)\'in bir lokantada çalışmasıyla açılıyor. Grace\'in amacı Paris\'e gidebilmek için para biriktirmektir. Mezuniyette, Grace\'in üvey ablası Meg geç kalır ve onu utandırır. O gece yemekte Grace\'in üvey babası kızlarını tatile Fransa\'ya göndereceğini söyler fakat Meg kızlarla gitmek istememektedir.', 1, '2020-01-16 07:47:57', '7+', 109, '/movies/Monte Carlo/1579204077.mkv', NULL, NULL, b'0', 'Monte Carlo', ''),
(263, 'Çelik Yumruklar', '/covers/Çelik Yumruklar/1579204400.jpg', NULL, '2011', 'Eski organizatörlerden Charlie, hurda metalden kalitesiz robotlar yaparak geçimini sağlamakta ama zorlanmaktadır. Sonunda dibe vurur ve kendisinden ayrı yaşayan oğlu Max ile şampiyonada yarışacak bir boksör bir robot yapıp eğitmek üzere bir araya gelir. Bu vahşi arenada işler ciddiye bindikçe, Charlie ve Max bütün engellere rağmen, ringlere geri dönmek için son bir şans daha elde ederler.', 1, '2020-01-16 07:53:20', '13+', 127, '/movies/Çelik Yumruklar/1579204400.mkv', NULL, NULL, b'0', 'Real Steel', ''),
(264, 'Garfield', '/covers/Garfield/1579204638.jpg', NULL, '2004', 'Garfield, o şişko, lazanya delisi yaratık, bir kedinin isteyebileceği her şeye sahiptir. Ancak Jon, eski okul arkadaşı, veteriner Liz’i etkileme çabasına girip de Odie adında bir köpek alıp, bir de onu eve getirince Garfield hayatta istemeyeceği tek şey ile karşı karşıya kalır. Rekabet! Bir gece Odie evden kaçar ve Garfield onu dışarıda bırakınce birileri tarafından kaçırılır. Garfield kendisinden umulmadık bir biçimde Odie’nin peşine düşüp onu kurtarmaya kalkışır. Bu işte ona yol boyunca türlü arkadaşları yardım edeceklerdir. Son derece keyifli bir animasyon filmi ile karşımızda.', 1, '2020-01-16 07:57:18', '7+', 80, '/movies/Garfield/1579204638.mkv', NULL, NULL, b'0', 'Garfield', ''),
(265, 'Doğmamış', '/covers/Doğmamış/1579205017.jpg', NULL, '2009', 'Artık hayatta olmayan bir insanın ruhu bazen şeytanla öyle sıkı fıkıdır ki, cennete girmesine izin verilmesi beklenemez. Araf denilen, iki dünya arasındaki tuhaf mekanda sonsuza kadar sıkışıp kalan böyle bir ruh, çaresizlik içinde vücuduna yerleşebileceği yeni bir beden arar. Bazen bu amacına ulaşabilir. David Goyer, bu doğaüstü gerilim çalışması The Unborn\'da iki dünya arasında sıkışıp kalmış ruhların karanlık hayatlarını ürkütücü bir perspektifle ele alıyor. Filmde bedenine giren şeytani, habis bir ruhtan kurtulmaya çalışan genç kadının macerası aktarılıyor. Bu bedensel işgal sonucu kabuslar dünyasına sürüklenen ve sevdiği insanlar için bile tehlike haline gelen genç bir kadının öyküsü izleyicilere korku dolu saatler vaadediyor. Casey Beldon (Odette Yustman) kendisini çocukken terk eden annesinden nefret etmektedir. Ancak açıklanamaz birtakım olaylar meydana gelmeye başlayınca annesinin neden terk ettiğini anlamaya başlar. Sonunda hayaletin uyanık saatlerine de egemen olması üzerine çareyi spiritüel olaylar danışmanı Sendak\'a (Gary Oldman) başvurmakta bulur. Sendak\'ın yardımını alan Casey, ailesi üzerindeki lanetin kökeninin Nazi Almanya\'sına kadar uzandığını keşfeder. Herkese ve her şeye yerleşebilme yeteneğine sahip olan bir yaratık, bedenleri ele geçirdikçe daha da güçlenmektedir. Lanetin ortadan kalkması için tek şansı, dünyamızın ötesinde henüz doğmamış birisi tarafından açılmış olan bir giriş kapısını kapatmaktır.', 1, '2020-01-16 08:03:37', '16+', 88, '/movies/Doğmamış/1579205017.mkv', NULL, NULL, b'0', 'The Unborn', ''),
(266, 'Küçük Cadı', '/covers/Küçük Cadı/1579205480.jpg', NULL, '2018', 'Die kleine Hexe, küçük bir cadıdır. Onun yeteneklerini iyi kullanabilen müthiş bir cadı olması için fedakarlık yapması gerekir. Küçük cadının en büyük isteği büyük festivalde dans edebilmektir. Ancak gelecek sene gerçekleşecek olan festivale girebilmesi için sınava girmesi ve kitapta yer alan bütün büyüler üzerinde ustalaşması gerekir. Küçük cadı hiç vakit kaybetmeden çalışmalara başlar. Ama kötü kalpli cadı Rumpumpel küçük cadının hedefine ulaşmasını engellemek için her türlü yolu dener. Küçük cadı kitaptaki tüm büyüleri ezberleyip hayalini kurduğu festivale katılmaya başarabilecek midir?', 1, '2020-01-16 08:11:20', '7+', 103, '/movies/Küçük Cadı/1579205479.mkv', NULL, NULL, b'0', 'The Little Witch', ''),
(267, 'Bebek Bakıcısı', '/covers/Bebek Bakıcısı/1579205728.jpg', NULL, '2017', 'Cole sıradan bir aile hayatı olan, okulunda arkadaş edinmekte zorlanan bir çocuktur. Cole aynı zamanda bakıcısı Bee\'ye deliler gibi aşıktır. Bee, Cole\'un olmadığı her şeydir; havalıdır, çekicidir, eğlencelidir... Bee\'nin Cole\'a bakıcılık yaptığı sıradan bir akşamda gizlice yatağından çıkan Cole, Bee ve arkadaşlarını gözetlemeye başlar. Ancak hiç ummadığı sahnelere tanık olacaktır. Zira Bee ve arkadaşları aslında ayinler ve cinayetlerle dolu bir hayat yaşamaktadırlar. Cole\'un önünde bu genç katillerden kaçmaya çalışarak geçirmesi gereken kanlı ve uzun saatler vardır.', 1, '2020-01-16 08:15:28', '18+', 85, '/movies/Bebek Bakıcısı/1579205728.mkv', NULL, NULL, b'0', 'The Babysitter', ''),
(268, 'Pete ve Yılbaşı', '/covers/Pete ve Yılbaşı/1579206285.jpg', NULL, '2013', 'Pete bir yıbaşı gecesi hayal ettiği gibi akşamı ailesi ile birlikte kutlama kararı verir. Fakat herşey planlandığı gibi geçmeyecektir..Bu yılbaşı diğerlerinden çok farklı olacaktır. Planlanmadık aksilikler ve doğaüstü olaylar olacaktır. Altın küre adayı bir yapım.', 1, '2020-01-16 08:24:45', '13+', 86, '/movies/Pete ve Yılbaşı/1579206285.mkv', NULL, NULL, b'0', 'Pete\'s Christmas', ''),
(269, 'Göz', '/covers/Göz/1579206577.jpg', NULL, '2013', 'Çocukluğunda büyük bir travma yaşayan Katlie, yıllarca erkek kardeşi Tim\'in ailesini öldürdüğü iddiasıyla karşı karşıya kalmıştır. Aralarının düzelmesi için çabalasalar da sanki yine de bir şeyler yolunda gitmemektedir. Kime ait olduğu bilinmeyen, antika bir ayna Kaylie\'nin şüphelerinin merkezine oturur. Etrafındakileri etkisi altına alabilen bu aynanın ilk sahibi adeta sırra kadem basmıştır. Aynanın kendisine bakan kişiyi ele geçirebilme özelliğine sahip olması Kaylie\'nin araştırmasını derinleştirir. Çevresindeki herkes ailelerini Tim\'in öldürdüğünden emin gibidir. Fakat Kaylie\'ye göre ailesini katleden, erkek kardeşi Tim değil, doğaüstü bir varlıktır. . Kaylie hem cinayetin sebebiyle yüzleşmek hem de erkek kardeşinin adını temize çıkarabilmek için kendisini tehlikenin göbeğine atar!', 1, '2020-01-16 08:29:37', '16+', 104, '/movies/Göz/1579206577.mkv', NULL, NULL, b'0', 'Oculus', ''),
(270, 'Oyun', '/covers/Oyun/1579206847.jpg', NULL, '2016', 'American Horror Story dizisinin oyuncusu Emma Roberts ve senaristi Jessica Sharzer\'i yeniden bir araya getiren Oyun filminin yönetmenliğini Paranormal Activity serisinin 3. ve 4. filmlerini yönetmiş olan Ariel Schulman & Henry Joost ikilisi üstleniyor. Roberts\'ın baş karakter Vee\'yi, Dave Franco\'nun ise Ian karakterini canlandırdığı film sanal oynanan bir Doğruluk-Cesaret oyununu temel alıyor. Vee oyunda ilerledikçe attığı adımların kimliği belirsiz \"izleyiciler\" tarafından yönlendirildiğini fark ediyor.', 1, '2020-01-16 08:34:07', '16+', 96, '/movies/Oyun/1579206847.mkv', NULL, NULL, b'0', 'Nerve', ''),
(271, 'Halloween', '/covers/Halloween/1579207162.jpg', NULL, '2018', 'Halloween Ends\'de, maskeli katil Michael Myers ve Laurie Strode arasındaki savaş sona eriyor. David Gordon Green\'in yönetmen koltuğunda oturduğu yapımda Laurie Strode karakterine bir kez daha Jamie Lee Curtis hayat veriyor. Filmin kadrosunda ayrıca Judy Greer, Andi Matichak, Nick Castle, James Jude Courtney, Tyler Lee Hassard gibi isimler yer alıyor.', 1, '2020-01-16 08:39:22', '18+', 106, '/movies/Halloween/1579207162.mkv', NULL, NULL, b'0', 'Halloween', ''),
(272, 'Aaliyah: The Princess of R&B', '/covers/Aaliyah: The Princess of R&B/1579214175.jpg', NULL, '2014', '2001 yılında henüz 22 yaşındayken bir uçak kazasında hayatını kaybeden Aaliyah’ın hayatını anlatan televizyon filmi. Bu biyografik film, 22 yaşında uçak kazasında yaşamını yitiren genç yetenek R&B şarkıcısı Aaliyah‘nın yaşamını konu alıyor. Fakat filmde Aaliyah‘nın hikâyesi, yaşamının bazı kısımları ve R. Kelly ile yaşadığı tartışmalı ilişkisi romantize edilerek ve süslenerek anlatılıyor. Şarkıcının ortaklarından Timabaland ve Missy Elliot filmle birlikte Aaliyah hakkında pek çok yanlış bilgi aktarıp bir de başarılı sanatçının şarkıları izinsiz kullanmışlardır. Bu bilgiler ise Aaliyah‘nın ailesi sayesinde ortaya çıkarıldı.', 1, '2020-01-16 10:36:15', '13+', 88, '/movies/Aaliyah: The Princess of R&B/1579214175.mkv', NULL, NULL, b'0', 'Aaliyah: The Princess of R&B', ''),
(273, 'Kidnapping Stella', '/covers/Kidnapping Stella/1579214776.jpg', NULL, '2019', 'Fidyeciler için varlıklı bir hedef olan Stella, sıradan bir kamyonet ile kaçırılıp, ses geçirmeyen bir odada alıkonuldu. Ancak fidyeciler bir şeyi hesaba katmayı unuttular, o da Stella\'nın hayatta kalma iç güdüsüydü. Maskeli fidyecilerin planını bozacak kişi, kurbanın ta kendisiydi.', 1, '2020-01-16 10:46:16', '18+', 89, '/movies/Kidnapping Stella/1579214776.mkv', NULL, NULL, b'0', 'Kidnapping Stella', ''),
(274, 'Cesuryürek', '/covers/Cesuryürek/1579452018.jpg', NULL, '1995', 'William Wallace yaşanan büyük acılar sonrası yeniden memleketi olan İskoçya’ya döner. Onun asıl amacı çiftçilik yaparak sakin bir hayat sürmektir. Çocukluk aşkıyla karşılaştığında bunun onu dipsiz bir uçuruma iteceğinin farkında değildir. Bir gün İngiliz askerleri, William’ın çocukluk aşkı olan Murron’a tecavüz etmeye çabalarlar. William, onu kurtarır; ancak bu Murron’un ölümüne ve bir dönemin değişimine sebebiyet verecektir.', 1, '2020-01-19 04:40:18', '16+', 178, '/movies/Cesuryürek/1579452018.mkv', NULL, NULL, b'0', 'Braveheart', ''),
(275, 'Dunkirk', '/covers/Dunkirk/1579452288.jpg', NULL, '2017', 'Christopher Nolan\'ın 2. Dünya Savaşı\'nın kaderini belirleyen olaylardan biri olan Dunkerque Tahliyesi\'ni konu edinen filmi, yüz binlerce İngiliz ve müttefik askerlerinin, düşman askerleri tarafından etrafının sarılması ile başlar. Arkaları deniz olan bir yerde sıkışan askerler, düşman saldırısına karşı çaresiz bir durumda kalırlar.', 1, '2020-01-19 04:44:48', '13+', 106, '/movies/Dunkirk/1579452288.mkv', NULL, NULL, b'0', 'Dunkirk', ''),
(276, 'Savaş Vadisi', '/covers/Savaş Vadisi/1579452600.jpg', NULL, '2016', 'Savaş Vadisi, tek bir kurşun sıkmadan 75\'e yakın kişiyi kurtaran kahramanın hikayesini ele alıyor. İkinci Dünya Savaşı sırasında Amerikan Ordusu’ndan Medic Desmond T. Doss, Okinawa Savaşı’nda görev yaparken insanları öldürmeyi reddeder ve Amerikan tarihinin ilk Onur Madalyası’na layık görülen vicdani retçisi olur.', 1, '2020-01-19 04:50:00', '15+', 139, '/movies/Savaş Vadisi/1579452600.mkv', NULL, NULL, b'0', 'Hacksaw Ridge', ''),
(277, 'Sefiller', '/covers/Sefiller/1579452936.jpg', NULL, '2012', 'Jean Valjean olarak bilinen 24601 nolu mahkum, hapishaneden salınır. Kendisine yeni bir hayat kurmak ister ama müfettiş Javert\'in gölgesi onu daima takip etmektedir. Jean Valjean Fantine\'in kızı Cosette ile ilgilenmeyi kabul ettikten sonra ikisinin hayatı da tamamen değişecektir.', 1, '2020-01-19 04:55:36', '12+', 158, '/movies/Sefiller/1579452936.mkv', NULL, NULL, b'0', 'Les Misérables', ''),
(278, 'The King', '/covers/The King/1579453183.jpg', NULL, '2019', 'Shakespeare\'in oyunundan uyarlanan The King filminde Hal, dikbaşlı bir prenstir. Aynı zamanda İngiltere tahtının da varisidir. Ancak tahta ve ailesine sırtını dönmüş, sıradan halkın arasında yaşamını sürdürüyordur. Tiran bir kral olan babası öldüğünde ise Kral Henry V olarak tahta geçmek zorunda kalır. Şimdi, kaçtığı o hayatı sahiplenmek zorunda kalacaktır. Genç kralın sarayda olup bitenleri yeniden düzenlemesi, babasının ardında bıraktığı savaş ve kaosun altından kalkması gerekecektir', 1, '2020-01-19 04:59:43', '18+', 140, '/movies/The King/1579453183.mkv', NULL, NULL, b'0', 'The King', ''),
(279, 'The Post', '/covers/The Post/1579453503.jpg', NULL, '2017', 'Dram türündeki film 1971\'de Pentagon belgeleri etrafında dönen yasal süreci konu alıyor. Washington Post çalışanları editör Ben Bradlee (Hanks) ve yayıncı Katharine Graham (Streep) ordu analisti Daniel Ellsberg tarafından yazılan ve sızdırılan Pentagon belgelerini yayınlama kararı alırlar. Belgelerin, Johnson yönetiminin Vietnam Savaşı\'nda ABD askerlerinin rolü hakkında kamuoyuna ve kongreye yalan söylediğini, Nixon yönetiminin gizlice savaşı tırmandırdığını ortaya koymaları büyük skandal yaratır.', 1, '2020-01-19 05:05:03', '7+', 116, '/movies/The Post/1579453503.mkv', NULL, NULL, b'0', 'The Post', ''),
(280, 'Outlaw King', '/covers/Outlaw King/1579453863.jpg', NULL, '2018', 'Outlaw King, İngiltere kralı I. Edward’ın Orta Çağ İskoçyası’nı işgali sırasında Robert the Bruce’un verdiği mücadelenin ve fedakarlıklarının hikayesini anlatıyor. Robert, 1300\'lü yılların başlarında İskoç bağımsızlığı için İngiltere\'ye karşı onurlu bir savaş verir. Bu mücadelesinin sonunda da İskoçya Kralı olmaya hak kazanır. Ancak I. Robert\'ın gözü tahtta ve altında değildir. Olabilecek ağır sonuçlarına rağmen Robert İskoç tacını giydikten sonra bir grup hırslı askeri toplayarak acımasız krala ve onun dengesiz oğlu olan Galler Prensi’ne karşı savaşmaya başlar. Bruce kendisininkine oranla daha büyük ve daha iyi donanımlı olan işgalci İngiliz ordusunu yenmek için kurnazlığını ve cesaretini kullanmak zorundadır.', 1, '2020-01-19 05:11:04', '15+', 121, '/movies/Outlaw King/1579453863.mkv', NULL, NULL, b'0', 'Outlaw King', ''),
(281, 'Pearl Harbor', '/covers/Pearl Harbor/1579454240.jpg', NULL, '2001', 'Eskiden beri aralarında derin bir dostluk bulunan iki arkadaş, savaşa gitmenin arifesindedirler. İkinci Dünya Savaşı tüm vahşetiyle sürmektedir ve savaşa dahil olan Amerika Birleşik Devletleri, kendi kaderini belirlemek üzeredir. Savaş bu iki insanı da içine katarak, dev bir liman baskınıyla, derin bir vahşet sunacaktır. Savaş her zamanki gibi, görkemli ve kanlıdır.', 1, '2020-01-19 05:17:20', '12+', 183, '/movies/Pearl Harbor/1579454240.mkv', NULL, NULL, b'0', 'Pearl Harbor', ''),
(282, 'Güzel ve Çirkin', '/covers/Güzel ve Çirkin/1579454516.jpg', NULL, '2017', 'Tüccar olan bir adamyolculuğu sırasında fırtınaya yakalanır. Ailesine dönüş yolunda gece konaklayacak bir yer ararken yakınlardaki bir şatoyu görür. Ev sahibi ortada görünmese de her şey konuğun rahatı için ayarlanmıştır. Gitmek üzereyken, gözü bir güle ilişir ve kızının kendisinden bir gül istediği aklına gelir. Gülü kopan adam şatonun sahibi olan canavarla yüz yüze gelir ve hayatına karşılık kızını canavara teslim etmek zorunda kalır. Tüccarın en küçük kızı olan Belle anlaşmayı kabul ederek canavarın şatosuna yerleştiğinde hiç beklemediği bir aşkın kucağına atıldığından habersizdir...', 1, '2020-01-19 05:21:56', '13+', 129, '/movies/Güzel ve Çirkin/1579454516.mkv', NULL, NULL, b'0', 'Beauty and the Beast', ''),
(283, '22 July', '/covers/22 July/1579454792.jpg', NULL, '2018', 'Film, 22 Temmuz 2011 tarihinde aşırı sağcı terörist Anders Behring Breivik\'in Norveç’i kana buladığı korkunç saldırıyı konu alıyor. Başkent Oslo’nun hemen dışındaki Utøya Adası’nda düzenlenen İşçi Partisi Gençlik Kampı’nı basan terörist 77 kişinin hayatına son veriyor. Film, olayları üç farklı bölümde anlatıyor: saldırıdan kurtulanlar, Norveç’in siyasal liderliği ve davada görev alan avukatlar.', 1, '2020-01-19 05:26:32', '16+', 143, '/movies/22 July/1579454792.mkv', NULL, NULL, b'0', '22 July', ''),
(284, 'Amadeus', '/covers/Amadeus/1579610711.jpg', NULL, '1984', 'Amadeus\'da, dünya müzikal tarihine yön veren deha Mozart, gündelik yaşamında gerçek bir arıza karakter olarak yaşamdan bir hayli kopuk bir hayat tarzı sürdürmektedir. Yeteneğini dışa vurmak için ilginç bir yol seçen sanatçı tutarsız davranışlarda bulunmayı bir alışkanlık edinmiştir. Yaşamı ile müziği zıt kutuplarda ilerleyen Mozart, yeteneğini sergilemek için mantıksız hareketlerde bulunur. Adeta bir \"tutunamayan\" profili çizen Mozart, bu sağlıksız yaşamı yüzünden Antonio Salieri\'yi endişelendirmektedir. Diğerine göre çok daha disiplinli ve müzik konusunda hırslı olan Antonio, müziğin tanrısı kadar başarılı olamamaktadır. Bu düşünceler zamanla farklı bir ilişki kurmalarına neden olur... Müzik konusunda yüce bir yeteneğe sahip olan Amadeus Mozart ile Antonio Salieri’nin ilişkisine odaklı bir başyapıt. Sanat ile sanatçının kişiliği arasındaki ilişkiye odaklanan ve usta müzisyenin yaşamını, Salieri üzerinden anlatan bir klasik.', 1, '2020-01-21 12:45:11', '13+', 160, '/movies/Amadeus/1579610711.mkv', NULL, NULL, b'0', 'Amadeus', ''),
(285, 'Burlesque', '/covers/Burlesque/1579611285.jpg', NULL, '2010', 'Ali, hayallerinin peşinden koşmak isteyen, amatör bir şarkıcıdır. Tek amacı melekler şehrine gidip hayallerini gerçek yapmaktır. Bir gün müthiş bir görkemi olan ancak artık sönük görülen Burlesque Lounge\'a rastlar ve orada bir garson olarak çalışmaya başlar. Burlesque\'ün gizemi ve güzelliği onu günden güne etkilemeye başlar ve bir gün orada şarkı söyleyeceğine yemin eder. Bunun için her şeyi yapmaya ve tüm yeteneklerini sergilemeye hazırdır.', 1, '2020-01-21 12:54:45', '16+', 119, '/movies/Burlesque/1579611285.mkv', NULL, NULL, b'0', 'Burlesque', ''),
(286, 'Ay\'da ilk İnsan', '/covers/Ay\'da ilk İnsan/1579611759.jpg', NULL, '2018', 'Ay’da İlk İnsan, astronot Neil Armstrong\'un NASA temelli aya gidiş görevini konu ediyor. 1969 yılında Apollo 11, Ay’ın yüzeyine dokunduğunda otuz sekiz yaşındaki Amerikalı astronot Neil Armstrong bir efsane oldu. Tarihin en tehlikeli görevlerinden birini üstlenen Neil Armstrong, Ay’a ilk ayak basan insan olmayı başardı. NASA’nın aya ayak basma yolculuğunun hikayesinin anlatıldığı filmde, Neil Armstrong’a ve 1961-1969 yılları arasına odaklanılıyor. Armstrong ve ülkenin ödediği bedellere, yapılan fedakarlıklara yer veren film, NASA ve Apollo 11 ekibinin 1960\'larda SSCB\'ye karşı uzay yarışını kazanmak için karşı karşıya kaldıkları muazzam baskıyı da seyircilerin gözleri önüne seriyor', 1, '2020-01-21 01:02:39', '13+', 141, '/movies/Ay\'da ilk İnsan/1579611759.mkv', NULL, NULL, b'0', 'First Man', ''),
(287, 'Ben, Tonya', '/covers/Ben, Tonya/1579612206.jpg', NULL, '2017', 'Tonya Harding buz patenine gönül vermiş ve hırslı bir sporcudur. Buz pateni sporunda giderek yükselen Tonya, memnun edilmesi zor annesi, eski eşi Jeff Gillooly ile dengesiz ilişkileri ve hep daha iyi olmak adına kendini zorlaması gibi gerekçelerle stres içindedir. İki defa Olimpiyat ve iki defa da Skate America Champion ödülünü kazanan Tonya, eski eşinin de yardımıyla 1994 yılında ABD Şampiyonası öncesinde aynı dalda yarıştığı sporcu Nancy Kerrigan\'ı sakatlaması için birini tutar. Ancak komplonun ortaya çıkması ile birlikte ödeyeceği bedeller Tonya için bir hayli zorlu olacaktır.', 1, '2020-01-21 01:10:06', '16+', 119, '/movies/Ben, Tonya/1579612206.mkv', NULL, NULL, b'0', 'I, Tonya', ''),
(288, 'Sihirli Dadı', '/covers/Sihirli Dadı/1579612501.jpg', NULL, '2018', 'Mary Poppins: Sihirli Dadı, 1930’larda Londra’nın Büyük Buhran döneminde geçiyor. İlk filmin sevimli minikleri Michael (Whishaw) ve Jane (Mortimer) artık büyümüşlerdir. İkili, Michael, üç çocuğu ve kâhyaları Ellen’la (Walters) birlikte Cherry Tree Lane’de hayatlarını sürdürmektedirler. Ancak acı bir olay yaşanır ve Michael kişisel bir kayıp yaşar. Bu olayın ardından esrarengiz dadıları Mary Poppins (Blunt) tekrar Banks’lerin hayatına girer. Bu süreçte Poppins, iyimser sokak lambası yakıcısı Jack’le (Miranda) birlikte eşsiz sihir becerilerini kullanarak ailenin hayatlarında eksik olan mutluluk ve merak hissini yeniden keşfetmelerine yardımcı olacaktır. Poppins\'in eksantrik kuzeni Topsy (Streep) dahil olmak üzere renkli ve tuhaf karakterler de bu süreçte eğlenceli bir yol sunacaklardır.', 1, '2020-01-21 01:15:01', '7+', 130, '/movies/Sihirli Dadı/1579612501.mkv', NULL, NULL, b'0', 'Mary Poppins Returns', ''),
(289, 'Mükemmel Saha', '/covers/Mükemmel Saha/1579612962.jpg', NULL, '2012', 'Beca Barden üniversitesinde birinci sınıf öğrencisidir. The Bellas adı verilen okulunun sadece kadınlardan oluşan müzik gurubuna katılmak için ikna edilir. Hep birlikte gerekli enerjiyi de kendilerine enjekte ettikten sonra grup okulun erkek gurubuyla amansız bir rekabete girer. İşte bu amansız rekabet esnasında yaşananları konu alıyor film. Yönetmenliğini Jason Moore\'un yaptığı filmde başrolleri ise yıldızı yeni parlayan oyuncular  Anna Kendrick, Brittany Snow ve Anna Camp paylaşıyor. Konusu Mickey Rapkin\'in romanından alınan filmin senaryolaştırılması da Kay Cannon tarfından yapılmış.', 1, '2020-01-21 01:22:42', '13+', 112, '/movies/Mükemmel Saha/1579612962.mkv', NULL, NULL, b'0', 'Pitch Perfect', ''),
(290, 'Mükemmel Saha 2', '/covers/Mükemmel Saha 2/1579613350.jpg', NULL, '2015', 'Akapella grubu olarak tanıdığımız Barden Bellas, Pitch Perfect\'in devam filmi \"Mükemmel Uyum 2\" ile sinemaya geri dönüyor. İlki 2012\'de karşımıza çıkan film, sadece kadınlardan oluşan müzik bu gurubunu en keyifli müzik parçaları ve danslar eşliğinde beyazperdeye taşıyordu. Filmin yönetmenliğini yanı sıra yapımcılığını da üstlenen Elizabeth Banks\'ın yanı sıra oyuncu kadrosunda Anna Kendrick, Skylar Astin, Rebel Wilson, Adam DeVine, Anna Camp, Brittany Snow, Alexis Knapp, Ester Dean, Hana Mae Lee, HaileeSteinfeld with John Michael Higgins ve Katey Sagal yer alıyor. Yapım Mickey Rapkin\'in kitabından Kay Cannon tarafından senaryolaştırıldı.', 1, '2020-01-21 01:29:10', '13+', 115, '/movies/Mükemmel Saha 2/1579613350.mkv', NULL, NULL, b'0', 'Pitch Perfect 2', ''),
(291, 'Yıldız Tozu', '/covers/Yıldız Tozu/1579613736.jpg', NULL, '2007', 'Sevdiği kadının aşkını kazanabilmek uğruna bir erkeğin yapabileceklerinin defalarca sınandığı hikayelere yeni bir örnek de, Matthew Vaughn’un son filmi Yıldız Tozu ile geliyor. Tristran, aşkının kalbini kazanabilmek için onun için kayan bir yıldızı yakalayacağına söz verir. Ama sevgilisi Yvaine ile çıktıkları bu yolda, korsanlar ve cadılarla dolu büyük tehlikeler onları beklemektedir. Usta oyuncu Robert De Niro’nun acımasız bir korsan rolü ile Kaptan Shekespaere olarak karşımıza çıkacağı film, Michelle Pfeiffer, Claire Danes gibi önemli isimleri de barındırıyor.', 1, '2020-01-21 01:35:36', '13+', 127, '/movies/Yıldız Tozu/1579613736.mkv', NULL, NULL, b'0', 'Stardust', ''),
(292, 'Hayat Avcısı', '/covers/Hayat Avcısı/1579614118.jpg', NULL, '2012', 'Henüz 13 yaşındaki Nicholas Barclay, 1994\'te bir nisan günü San Antonio\'daki evine giderken, ortadan kaybolur. Ailesi tüm arama çalışmalarına rağmen oğluna ulaşamaz, polisten de bir iz çıkmaz. Oğullarının bir şekilde öldüğüne inanan aile 1997\'de gelen bir haber ile irkilir. İddiaya göre Nicholas güney İspanya\'da bulunmuştur. Bu sevinçli habere inanmak isteyen aielsi hemen harekete geçer; annesi sağlık nedenlerinden dolayı seyahat edemediği için İspanya\'ya gidip Nicholas\'ı geri getirmek kız kardeşi Carey\'e düşer. Fakat Carey\'nin ümidi çabuk sönecektir. Zira kardeşi olduğu iddia edilen genç adama Nicholas\'a çok benzemekle birlikte hal ve tavırları çok gariptir. Kaybettikleri Nicholas değildir. Gerçeği ortaya çıkartacak kişi ise özel bir dedektif olacaktır. Fakat olayın derinlemesine araştırılması birilerinin hoşuna gitmeyecektir.', 1, '2020-01-21 01:41:58', '13+', 99, '/movies/Hayat Avcısı/1579614118.mkv', NULL, NULL, b'0', 'The Imposter', ''),
(293, 'Sucu', '/covers/Sucu/1579614415.jpg', NULL, '1998', 'Robert ‘Bobby’ Boucher Jr., 31 yaşında olmasına rağmen çocuk ruhlu ve uyumsuz bir gençtir. Tek başına dünyaya adapte olmak konusunda büyük sıkıntılar yaşayan Bobby’nin dünyayla tüm ilişkisini sadece onu topluma entegre etme çabasındaki annesi ve su taşıdığı futbol takımı sağlamaktadır. Bobby’nin tepetaklak giden hayatı futbol koçunun onu bir gün keşfetmesiyle beraber değişir. Bobby artık yeteneklerini sergileyebileceği bir alan bulmuştur. Ancak tam bir kontrol delisi olan annesi, bu durum karşısında hiç memnun olmayacaktır.', 1, '2020-01-21 01:46:55', '13+', 90, '/movies/Sucu/1579614415.mkv', NULL, NULL, b'0', 'The Waterboy', ''),
(294, 'Ölüm Defteri', '/covers/Ölüm Defteri/1579637489.jpg', NULL, '2017', 'Tsugumi Ohba ve Takeshi Obata tarafından yazılan efsanevi Japon mangasından beyazperdeye uyarlanan Death Note, konusunu da mangadan paralel olarak alıyor. Bir lise öğrencisi günün birinde bir defter bulur. Ancak bu sıradan bir defter değildir ve doğaüstü güçleri vardır. Bunu kısa sürede anlayan genç adam, deftere ismini yazarken yüzünü aklında canlandırdığı kişilerin kısa sürede öldüğünü fark eder. Yeni tanrı benzeri yetenekleriyle sarhoş olan genç adam, hayata değmeyeceğini düşündüğü şeyleri öldürmeye başlar.', 1, '2020-01-21 08:11:29', '16+', 101, '/movies/Ölüm Defteri/1579637489.mkv', NULL, NULL, b'0', 'Death Note', ''),
(295, 'Yakar Top', '/covers/Yakar Top/1579637824.jpg', NULL, '2004', 'White Goodman, Globo Gym’in sahibi ve kurucusudur ve Average Joe’nun Gymnasium adlı yerine sahip olmak kadar hayatta onu mutlu edecek hiçbir şey yoktur. Peter LaFleur, spor kulübünü Goodman’a kaptırmayı hiç istememektedir ama 50.000$’ı zamanında bulamaz. Bunun üzerine Peter ve arkadaşları başka bir yöntem düşünürler. Bir yakartop turnuvası düzenlerler. Bu noktada Goodman, hesapta olmayan değişik planlarla ortaya çıkmaya hazırdır. Bu kulübe de sahip olmak gerçek bir tutkuya dönüşmüştür onun için.', 1, '2020-01-21 08:17:04', '13+', 92, '/movies/Yakar Top/1579637824.mkv', NULL, NULL, b'0', 'Dodgeball', ''),
(296, 'Bir Konuşabilse', '/covers/Bir Konuşabilse/1579638470.jpg', NULL, '2003', 'Orta yaşı çoktan geçmiş, evli ve çocuklu Amerikalı aktör Bob bir reklam çekimi için Japonya’ya gelir. Tokyo’da kaldığı otelde bir başka Amerikalı ile, fotoğrafçı kocasının peşinden buraya gelmiş olan sevimli ama ciddi Charlotte ile tanışır. Dillerine ve kültürlerine uzak oldukları bu insanların ülkesinde fazlasıyla yabancı olan ve iletişimsizlik denizinde boğulan bu iki yabancı, bir Tokyo haftasonunda birdenbire yakınlaşacaktırlar.', 1, '2020-01-21 08:27:50', '16+', 102, '/movies/Bir Konuşabilse/1579638470.mkv', NULL, NULL, b'0', 'Lost in Translation', ''),
(297, 'Terminal', '/covers/Terminal/1579638718.jpg', NULL, '2004', 'Krakozhia isimli bir ülkenin vatandaşı olan Viktor Navorski, JFK hava limanına giriş yaptığı an pasaportunun geçersiz olması nedeniyle Amerika\'ya girme hakkını kaybeder. Ülkesine geri dönmek zorunda kalan talihsiz adam bu esnada havaalanında televizyonda yayınlanan haber bültenindeki bir habere takılır. Ülkesi Krakozhia\'da sivil savaş çıkmıştır ve ABD artık ülkesini resmi olarak tanımamaktadır. Bu nedenle ABD karasularına giremeyen adam, aynı sebepten ötürü kendi ülkesine de dönememektedir. Pasaport ve kimliği geçersiz olan Viktor\'un yapabileceği tek şey dilini bile bilmediği bu ülkenin havaalanında yaşamayı öğrenmek olacaktır.', 1, '2020-01-21 08:31:58', '13+', 128, '/movies/Terminal/1579638718.mkv', NULL, NULL, b'0', 'The Terminal', ''),
(298, 'Ezeli Rekabet', '/covers/Ezeli Rekabet/1579639073.jpg', NULL, '2017', '1973 yılında oynanan dünyanın bir numarası Billie Jean King ile eski şampiyon Bobby Riggs arasındaki tenis maçı tarihe “The Battle of the Sexes” olarak geçti. Bu muhteşem maç tüm zamanların en çok izlenen spor müsabakası oldu. Zamanın ruhunu yakalayıp, cinsiyet ayrımcılığı üzerine dünya çapında bir gündem yaratan bu müsabaka, aynı zamanda femisint hareketi de teşvik etti. Medyanın baskısı altında olan King ve Riggs, kort dışında çok daha kişisel ve kompleks sorunlarla uğraşıyorlardı. Eşinin de desteğiyle kurumlara karşı eşit ödemeler için savaşan King, aynı zamanda kendi cinsiyetiyle ilgili de boğuşmalar yaşıyordu. Bu arada Riggs de mirası ve şöhretini, eski zamanlardaki ihtişamını tekrar yaşamak için riske atıyordu. Billie ve Bobby birlikte; tenis kortlarının çok ötesine geçen ve dünyanın dört bir yanında erkeklerle kadınlar arasındaki tartışmaları canlandıran bir kültürel gösteriye hizmet ettiler.', 1, '2020-01-21 08:37:53', '16+', 121, '/movies/Ezeli Rekabet/1579639073.mkv', NULL, NULL, b'0', 'Battle of the Sexes', ''),
(299, 'Şampiyon', '/covers/Şampiyon/1579639380.jpg', NULL, '2010', '\'Seabiscuit\' gibi yarış atlarının kahramanlık öykülerine alışık olan sinema seyircisinin karşına çıkan \'Şampiyon\', yazar William Nack\'in aynı isimli kitabından uyarlandı. Bir anne ve aynı zamanda ev hanımı olan Chenery (Diane Lane), at yarışları hakkında fazla bir şey bilmemesine rağmen hasta babasına ait ahırların yönetimini devralır. Chenery tüm olumsuzluklara rağmen, deneyimli ve yetenekli eğitmen Laurin’in yardımıyla erkeklerin egemenliğindeki bu işe yön vermeyi başarıp, son 25 yılın ilk Triple Crown şampiyonunu ve belki de tüm zamanların en harika yarış atını yetiştirir.', 1, '2020-01-21 08:43:00', '7+', 123, '/movies/Şampiyon/1579639380.mkv', NULL, NULL, b'0', 'Secretariat', ''),
(300, 'Citizenfour', '/covers/Citizenfour/1579639851.jpg', NULL, '2014', 'Tarihin en ses getiren olaylarından birinin kahramanı olan üst düzey CIA analisti Edward Snowden\'ın hikayesi, senenin en iddialı yapımlarından biri olan Citizenfour belgeselinde izleyiciyle buluşuyor. Amerikan Ulusal Güvenlik Ajansı\'nın, vatandaşların özel hayatlarının gizliliğini yasal olmayan yollarla, gizlice ihlal ettiğini açığa çıkaran Snowden, belgeselci gazeteci Laura Poitras ve gazeteci Glenn Greenwald ile \"Citizenfour\" takma adını kullanarak iletişime geçer. Üçünün yolları Hong Kong\'da kesişir ve Snowden skandala ait gizli belgeleri kameralar kayıttayken gazetecilere teslim eder. Snowden\'ın attığı bir hayli riskli adımın ardından yaşananları takip eden Laura Poitras imzalı belgesel; gerçeklik, gerçekçilik ve mevcut kontrol mekanizmalarına dair derin sorular barındırıyor.', 1, '2020-01-21 08:50:51', '16+', 114, '/movies/Citizenfour/1579639851.mkv', NULL, NULL, b'0', 'Citizenfour', '');
INSERT INTO `movies` (`id`, `name`, `image`, `poster`, `year`, `description`, `movieType`, `addedDate`, `rate`, `length`, `movieLink`, `englishLink`, `trailerLink`, `isDeleted`, `tagName`, `imdb`) VALUES
(301, 'Küba ve Kameraman', '/covers/Küba ve Kameraman/1579640350.jpg', NULL, '2017', 'Jon Alpert\'in yönetmenliğini üstlendiği belgeselde Fidel Castro ve son 40 yılda Castro\'nun politikalarından etkilenen 3 ailenin hayatı konu ediliyor.', 1, '2020-01-21 08:59:10', '13+', 113, '/movies/Küba ve Kameraman/1579640350.mkv', NULL, NULL, b'0', 'Cuba and the Cameraman', ''),
(302, 'Tıka Basa', '/covers/Tıka Basa/1579641187.jpg', NULL, '2014', 'Gıda endüstrisinin ve beslenme alışkanlıklarımızın reklamlar yoluyla çocukluğumuzdan itibaren nasıl biçimlendirildiğini anlatıyor Fed Up bizlere. Bebeklikten itibaren içinde şeker olan mamalarla beslenmeye başlayan çocukların her türlü işlenmiş gıdaya reklamlar aracılığıyla alıştırılıp şekere nasıl bağımlı hale getirildikleri ve obeziteye meylettikleri de anlatılırken izleyiciyi çok derinden etkiliyor.', 1, '2020-01-21 09:13:07', '13+', 92, '/movies/Tıka Basa/1579641187.mkv', NULL, NULL, b'0', 'Fed Up', ''),
(303, 'Meru', '/covers/Meru/1579641750.jpg', NULL, '2015', '2015 yapımı macera ve aksiyonun her saniyesine hakim olduğu belgesel film Meru filmi, film adından da anlaşılabileceği gibi MERU dağına büyük ve riskli bir tırmanışı konu ediniyor. Film konusunu birkaç cümleyle özet edecek olursak; Üç profesyonel ve işlerinde seçkin olan dağcı bütün riskleri göze alarak, hayatlarını kaybetme pahasına bir dağa tırmanmaya karar verirler. Bu dağ Meru dağıdır ve hiç de öyle kolay bir tırmanış olmayacaktır.', 1, '2020-01-21 09:22:30', '13+', 90, '/movies/Meru/1579641750.mkv', NULL, NULL, b'0', 'Meru', ''),
(304, 'Haplarını Al', '/covers/Haplarını Al/1579642274.jpg', NULL, '2018', 'Aslında limitsiz filminde filmi konu olan ilaç gibi aynı etkileri yaratmasada Adderall adı verilen ve doktorlar tarafından reçete ile satılan çoğu kişi tarafından bilinen güç ilacıdır. İnsanlar artık her alanda birbirleriyle yarışır hale gelmiş birbirlerine üstünlük sağlamak için hem ruhsal hemde bedensel olarak güçlenmeye diğerlerinin önüne geçmeye çalışmakta bunun için bu ilacı kullanmaktadırlar. Hemen hemen okul dahil spor dallarında bile kullanılan bu ilacın ne gibi etkileri olduğunu bunun karşılığında vucudun verdiği tepkileri anlatmaya çalışan belgesel türünde bir film sizlerle.', 1, '2020-01-21 09:31:14', '16+', 87, '/movies/Haplarını Al/1579642274.mkv', NULL, NULL, b'0', 'Take Your Pills', ''),
(305, 'Kokain Adası Efsanesi', '/covers/Kokain Adası Efsanesi/1579643040.jpg', NULL, '2018', 'Ekonomiksorunlar nedeni ile kısa süre önce işlerinin kötü gitmesinden dolay iflas etmiştir. Şehir efsanesi olarak dilden dile yayılan ve içinde kokain dolu bir çantanın olduğu Karayiplerde olduğu düşünülmektedir. Bir zulada saklandığı ve değerinin yaklaşık olarak 2 milyon dolar değerinde olduğu rivayet edilen kokaini bulmak için büyük maceraya yardım alarak çıkacaktır.', 1, '2020-01-21 09:44:01', '16+', 83, '/movies/Kokain Adası Efsanesi/1579643040.mkv', NULL, NULL, b'0', 'The Legend of Cocaine Island', ''),
(306, 'Özgürlük Arayışı', '/covers/Özgürlük Arayışı/1579644004.jpg', NULL, '2015', '\"Özgürlük Arayışı\", kültürel bir fenomen yaratan efsanelerin ve öncülerin gözünden anlatılan bir hikâye. Anı yaşayıp bize hayatta olduğumuzu hissettiren şeyleri yapan herkesin ulaşabileceği özgürlüğe dair bir film. \"Jon Long\"un yönetmenlik koltuğunda oturduğu filmin başrolünde Bruce Brown yer alıyor.', 1, '2020-01-21 10:00:04', '13+', 92, '/movies/Özgürlük Arayışı/1579644004.mkv', NULL, NULL, b'0', 'The Search for Freedom', ''),
(307, 'Sıfır Saldırısı', '/covers/Sıfır Saldırısı/1579644389.jpg', NULL, '2016', 'Belgesel, ABD ve İsrail\'in, İran\'ın nükleer tesisinin en önemli bölümünü yok etmek için kullandıkları ve kullandıklarında amaçlarının ötesine yayılan yazılım Stuxnet\'i merkezine alıyor. Teknolojinin en büyük devrimi bilgisayarlarla başlamıştır. İnsanların hayatını kolaylaştıran ve çağ atlamalarına neden olan alet. Bildiğiniz gibi olumlu faydalı şeylerin yanında zarar vermek amaçlıda kullanılabilen bilgisayarlar bununla mücadele ekipleri kurulmasına neden olmuştur. Belgesel türündeki filmde siber olaylar konu alınmaktadır. Bunları casusluk banka soygunları ve insanları aldatma fidye isteme gibi bir sürü alanda suç işleniyor.', 1, '2020-01-21 10:06:29', '13+', 116, '/movies/Sıfır Saldırısı/1579644389.mkv', NULL, NULL, b'0', 'Zero Days', ''),
(308, 'Penguenler', '/covers/Penguenler/1579644687.jpg', NULL, '2019', 'Penguins, buzla kaplı Antartika’nın ilkbaharında, milyonlarca erkek arasında kendisine uygun bir hayat arkadaşı bulup, aile kurmaya çalışan Steve adındaki Adélie pengueninin hikayesini konu ediyor. Ancak hiçbir şey Steve için kolay değildir. Özellikle de onu hedef olarak gören katil balinalar ve pars foku Steve için ciddi bir tehlike oluşturur. Penguen Steve, bir yandan kendisine aile kurmaya çalışırken bir yandan da hayatta kalmak için mücadele etmek zorunda kalır.', 1, '2020-01-21 10:11:27', '7+', 76, '/movies/Penguenler/1579644687.mkv', NULL, NULL, b'0', 'Penguins', ''),
(309, 'Whitney', '/covers/Whitney/1580410941.jpg', NULL, '2018', 'Kevin Macdonald’ın yönetmenliğini üstlendiği belgeselde Grammy ödüllü sanatçı Whitney Houston’ın hayatı anlatılıyor. Müzik dünyasında rekor kıran albümlere imza atan, 2012 yılında ise aramızdan ayrılan Whitney Houston’ın başarılı müzik kariyerinin yanı sıra özel hayatının da anlatıldığı belgeselde özel kayıtlara, yakınları ile yapılan röportajlara, daha önce hiç görülmemiş arşiv görüntülerine yer veriliyor.', 1, '2020-01-30 07:02:21', '13+', 120, '/movies/Whitney/1580410940.mkv', NULL, NULL, b'0', 'Whitney', ''),
(310, 'Mekanlar ve Yüzler', '/covers/Mekanlar ve Yüzler/1580411980.jpg', NULL, '2017', 'Cannes Film Festivali’nde özel bir şov\'da dünya prömiyerini yapan Mekanlar ve Yüzler, çok özel bir yüzleşmenin ve benzersiz bir anlaşmanın filmi: Fransız beyazperdesinin en mühim adlarından, Yeni Dalga’nın büyükannesi Agnès Varda ile Fransız sokak sanatçısı ve fotoğrafçı JR’ın ortak proje eseri. 60 seneyi aşkın bir zamandır beyazperdeden fotoğrafa, video yerleştirmeden heykele yapımlar yapan 88 yaşındaki unutulmaz Varda, İstanbul’da da Şehrin Kırışıklıkları projesiyle duvarlara eserler bırakan genç JR ile beraber Fransa’nın köylerini gezdi.', 1, '2020-01-30 07:19:40', '13+', 94, '/movies/Mekanlar ve Yüzler/1580411980.mkv', NULL, NULL, b'0', 'Faces Places', ''),
(311, 'Free Solo', '/covers/Free Solo/1580412520.jpg', NULL, '2018', 'Arkadaşlarının, sevdiklerinin ve sevgilisinin vazgeçirme çabalarına rağmen Alex Honnold, dünyanın en başarılı serbest tırmanışçısı, zihinsel ve fiziksel olarak en cüretkar macerasına hazırlanıyor: ekipmansız ve ipsiz Yosemite National Park\'taki El Capitan\'a tırmanmak. Eğer başarırsa, ekipmansız bir şekilde en uzun yüksekliğe tırmanan insan olacak.', 1, '2020-01-30 07:28:40', '13+', 100, '/movies/Free Solo/1580412520.mkv', NULL, NULL, b'0', 'Free Solo', ''),
(312, 'İkarus', '/covers/İkarus/1580412896.jpg', NULL, '2017', 'Belgeselin yönetmeni Bryan Fogel, sporda dopingin etkisini araştırmaya başlar. Aynı zamanda amatör bir bisikletçi olan Fogel, dopingi kendi üzerinde uygulayıp performansındaki değişiklikleri izleyecektir. Bunun için de Rus bilim adamı Dr. Grigory Rodchenkov ile birlikte çalışmaya başlar. Fogel ve Rodchenko, doping etkisini araştırmak için çıktıkları yolda şok edici sonuçlarla karşılaşır. Rusya’nın devlet destekli doping programına ulaşan ikili, dev bir doping skandalının ortasına düşer.', 1, '2020-01-30 07:34:56', '16+', 120, '/movies/İkarus/1580412896.mkv', NULL, NULL, b'0', 'Icarus', ''),
(313, 'Kurucu', '/covers/Kurucu/1580413237.jpg', NULL, '2016', 'İki kardeşin yenilikçi fast food restoranını(McDonald\'s), hırs, inat ve acımasızlık kombinasyonu ile dünyadaki en büyük restoran işletmelerinden birine haline getiren bir satış görevlisi Ray Kroc\'un hikayesi. Linda Cardellini, Patrick Wilson gibi oyuncuların kadroda yer aldığı filmin yönetmen koltuğunda John Lee Hancock oturuyor. Filmin başkarakterini ise ünlü aktör Michael Keaton canlandırıyor.', 1, '2020-01-30 07:40:37', '13+', 115, '/movies/Kurucu/1580413237.mkv', NULL, NULL, b'0', 'The Founder', ''),
(314, 'Cehennem', '/covers/Cehennem/1580413671.jpg', NULL, '2016', 'Kocası ve çocuklarıyla mutlu, sıradan bir yaşam süren Liz\'in hayatı, kasabaya yeni bir din adamı gelmesiyle kabusa döner. Pederin görevini yapmaya başlamasıyla Liz ve ailesi büyük bir tehlike altına girer. İşlemediği bir suçun sanığı olan Liz, bir yandan ailesini hırslı ve intikam almak isteyen pederden korumaya çalışırken, bir yandan da içinde bulunduğu durumdan kaçış yolu bulmaya çalışacaktır. Martin Koolhoven tarafından yazılıp yönetilen filmin oyuncu kadrosunda Dakota Fanning, Guy Pearce, Kit Harington ve Carice van Houten yer alıyor.', 1, '2020-01-30 07:47:51', '18+', 148, '/movies/Cehennem/1580413671.mkv', NULL, NULL, b'0', 'Brimstone', ''),
(315, 'Üç Benzer Yabancı', '/covers/Üç Benzer Yabancı/1580414277.jpg', NULL, '2018', 'New York, 1980\'li senelerde 3 tam yabancı, yanlışlık ile doğumda ayrı düşecek olan aynı üçüz olduklarını farkedeceklerdir. 19 yaşındaki güzelliklerin bir araya gelmesi onları yeryüzünde büyük bir üne kavuşturacaktır, ancak aynı sırada kendi yaşamlarının ötesine geçmekte olan ve insan doğası anlayışımızı sonsuz bir döngüye dek dönüştürebilecek sıra dışı ve rahatsız edici bir sırrı ortaya çıkaracaktır.', 1, '2020-01-30 07:57:57', '13+', 96, '/movies/Üç Benzer Yabancı/1580414277.mkv', NULL, NULL, b'0', 'Three Identical Strangers', ''),
(316, 'Hidalgo', '/covers/Hidalgo/1580414638.jpg', NULL, '2004', 'Ateş Okyanusu Arabistan\'da düzenlenen dünyanın en bilindik koşu yarışlarından bir tanesidir. Arap atları ve onların Bedevi sürücüleri bu ölümcül yarışta karşı karşıya gelmektedirler. Bir gün oldukça zengin bir Arap şeyhi bir Amerikalı\'yı ve onun müthiş atı Hidelgo\'yu yarışa davet eder ve büyük bir iddiaya girişir. Artık dünyanın en korkunç yarışlarından birinde bir Amerikalı ve tek amacı hayatta kalmak olan atı da vardır. Ancak Hidalgo, hafife alınacak bir at değildir.', 1, '2020-01-30 08:03:58', '13+', 136, '/movies/Hidalgo/1580414638.mkv', NULL, NULL, b'0', 'Hidalgo', ''),
(317, 'Jane\'in İntikamı', '/covers/Jane\'in İntikamı/1580415045.jpg', NULL, '2015', 'Bill kanundan kaçan azılı bir suçludur.  Onu yakalamak için peşine düşerler çatışmada 8 kurşun yer ve yakalanır. Karısı bill\'i kurtarmak için on yıl önceki sevgilisinden yardım ister. Onunda başı bela içindedir bir şekilde bu bela dahada büyür ve karmaşık bir hal alır bakalım neler olacaktır.', 1, '2020-01-30 08:10:45', '16+', 98, '/movies/Jane\'in İntikamı/1580415045.mkv', NULL, NULL, b'0', 'Jane Got a Gun', ''),
(318, 'Kanunsuzlar', '/covers/Kanunsuzlar/1580415381.jpg', NULL, '2012', 'Kaçakçılıkla nam salmış Bondurant kardeşlerin gerçek hikayesinin anlatıldığı film, Büyük Depresyon döneminde Virginia eyaletinde yasa dışı yollarla zengin olan alkol üreticilerini ve kaçakçılarını odağına alıyor. Bondurant ailesine mensup 3 kardeşin birbirine olan sadakati, kaçakçılıkla kazandıkları iyi paradan kendilerine pay isteyen devlet görevlileri karşısında da sınanıyor.', 1, '2020-01-30 08:16:21', '18+', 116, '/movies/Kanunsuzlar/1580415381.mkv', NULL, NULL, b'0', 'Lawless', ''),
(319, 'Ned Kelly', '/covers/Ned Kelly/1580415835.jpg', NULL, '2003', 'Ned Kelly, kardeşi olan Dan ve iki yakın dostları bir araya gelip bir çete kurarlar. Victoria\'da hayatını sürdüren Ned Kelly\'nin suçlar dolayısıyla tutuklanmasına kadar iki sene boyunca birçok soygun düzenleyerek yasaları karşılarına alırlar. Bir banka soygunu esnasında kendilerini tutuklamaya kalkan üç polisi öbür dünyaya yollarlar. Ancak plan birisinin ihbarıyla birlikte bozulacaktır.', 1, '2020-01-30 08:23:55', '16+', 110, '/movies/Ned Kelly/1580415835.mkv', NULL, NULL, b'0', 'Ned Kelly', ''),
(320, 'Silverado', '/covers/Silverado/1580416479.jpg', NULL, '1985', 'Kevin Kline, Scott Glenn, Kevin Costner ve Danny Glover, bu filmde uyuşuk Silverado kasabasına yolları düşen dört sıradışı kahramanı canlandırıyorlar. Kasabanın kanunsuz şerifi ve haydutların başı, ailelerini ve arkadaşlarını tehdit etmektedir. Dört kovboyun yakınlarını kurtarmak için önce birbirlerini hapisten çıkarmaları, sonra da gerçek dostlarının kim olduğunu öğrenmeleri gerekmektedir.Lawrence Kasdan`ın modern bir klasik sayılan bu westerninin yenilenmiş versiyonu. Birbirlerine hiç benzemeyen dört yabancı, kötülükler kralı haline gelmiş Şerif ve çetesini devirmek üzere bir araya gelir.', 1, '2020-01-30 08:34:39', '13+', 133, '/movies/Silverado/1580416479.mkv', NULL, NULL, b'0', 'Silverado', ''),
(321, 'Oda', '/covers/Oda/1580417067.jpg', NULL, '2014', 'Güney Carolina\'nın kırsal bölgesi. Amerikan İç Savaşı sonrası, Augusta ve ergenlik çağındaki kız kardeşi Louise ve genç köleleri Mad, aile çiftliğini işletmek üzere dağlarda tek başına bırakılmışlardır. Ailenin erkekleri yani diğer kardeşler ve babaları savaşmak üzere evi terk etmişlerdir. Hiçbirinden haber alınamamaktadır. Çiftlikte kendi hallerine bırakılan kadınlar gelecekleri konusunda endişelidirler. İçlerinden biri hastalanınca Augusta, yakınlardaki kasabaya ilaç aramak için evden çıkar. Arayışı sırasında kasabaya korku saçan ve Birlik Orduları\'na katılmayı başarmış iki Yankee izcisiyle karşılaşır. Augusta ne yapıp edip onlardan kaçmayı başarır. Fakat onu çiftliğe kadar takip etmişlerdir. Bu sırada çiftlik içindeki kadınların da birbirleri arasında süregelen ayrı bir çekişme söz konusudur.', 1, '2020-01-30 08:44:28', '16+', 95, '/movies/Oda/1580417067.mkv', NULL, NULL, b'0', 'The Keeping Room', ''),
(322, 'İntikam', '/covers/İntikam/1580417409.jpg', NULL, '2014', 'Film, 1870\'li yıllarda hemen hemen her alanda dünyann merkezine oturan ülkelerden birinde geçiyor: Amerika Birleşik Devletleri. Hikayenin kahramanı olan göçmen kendinden beklenmedik bir şekilde hareket ederek ailesini öldüren katili soğukkanlılıkla öldürerek intikamını alır. Ancak bu yaptığı, bölgedeki en azılı çetelerden birinin başındaki kişiyi özellikle çok sinirlendirir. Çete ile oluşan gerginlik esnasında en yakınları tarafından ihanete uğrayan kahramanımız, çeteyle tek başın yüzleşmek ve savaşmak zorunda kalacaktır.', 1, '2020-01-30 08:50:09', '16+', 92, '/movies/İntikam/1580417409.mkv', NULL, NULL, b'0', 'The Salvation', ''),
(323, 'İz Peşinde', '/covers/İz Peşinde/1580418019.jpg', NULL, '2015', 'Birlikte çalışan iki kardeş olan Samuel ile Wyatt, dondurucu bir kış coğrafyasında, bölgeye sahip olan zalim babalarını aramaktadırlar. Bu bilmedikleri topraklarda şartlara ve insanlara karşı savaşmak, sonrasında ise kaderleriyle yüzleşmek zorunda kalacaklardır. Anthony O\'Brien\'ın yönettiği filmin başrollerinde James Ransone, Elisa Lasowski ve Mark Caven bulunuyor.', 1, '2020-01-30 09:00:19', '16+', 81, '/movies/İz Peşinde/1580418019.mkv', NULL, NULL, b'0', 'The Timber', ''),
(324, 'The Ballad of Buster Scruggs', '/covers/The Ballad of Buster Scruggs/1580418804.jpg', NULL, '2018', 'Western türündeki filmde altı farklı öykü konu ediliyor. Vahşi Batı hakkındaki birbirinden farklı 6 öykü, İç Savaş’ın son zamanlarında yaşanan olayları ele alıyor. Yönetmen koltuğunda Joel & Ethan Coennam-ı diğer Coen Kardeşlerin oturduğu filmin kadrosunda James Franco, Liam Neeson, David Krumholtz, Brendan Gleeson, Zoe Kazan, Stephen Root gibi isimler yer alıyor.', 1, '2020-01-30 09:13:24', '16+', 133, '/movies/The Ballad of Buster Scruggs/1580418804.mkv', NULL, NULL, b'0', 'The Ballad of Buster Scruggs', ''),
(325, 'Kasabanın Namusu', '/covers/Kasabanın Namusu/1580419158.jpg', NULL, '1993', 'Tombstone, Arizona’nın birden bire zengin olan kasabalarından bir tanesidir. Sokaklarında acımasız kuralların işlediği, iyiyin ve kötünün yanyana yürüdüğü, merhametsiz haydutların insanları vahşice katlettiği kabasadaki cehennem azabı gibi geçen günler, Wyatt Earp’ün geldiği güne kadar sürer. Earp’ü haydutlara ve katliamlara karşı kasabayı koruması için zorlarlar. Earp erkek kardeşleri Morgan, Virgil ve gruba sonradan katılan Doc Holiday ile birlikte şehirdeki anarşinin kökünü kazımak için çeşitli önlemler almaya başlarlar', 1, '2020-01-30 09:19:18', '18+', 130, '/movies/Kasabanın Namusu/1580419158.mkv', NULL, NULL, b'0', 'Tombstone', ''),
(326, 'Umut Çiftliği', '/covers/Umut Çiftliği/1580419636.jpg', NULL, '2017', 'Vahşi bir at sürüsüne bakan ve dul bir kadın olan Stella Davisin hayatı, eşinden ayrıldığından beri istediği gibi gitmemektedir. Çiftliğindeki mahkumlar için yaptığı rehabilitasyon programını, bu program üzerinde gizli bir gayesi olan bir aktivistten korumak için mücadeleye girer.', 1, '2020-01-30 09:27:16', '13+', 99, '/movies/Umut Çiftliği/1580419636.mkv', NULL, NULL, b'0', 'Running Wild', ''),
(327, 'Kendime Iyi Bak', '/covers/Kendime Iyi Bak/1580420618.jpg', NULL, '2014', 'Yeşim ve Emre bir süredir birlikte olan ve evlilik kararı alan genç bir çifttir. Artık düğünlerine bir hafta kalmıştır ve son hazırlıklar devam etmektedir. Emre davetiyelerini vermek için arkadaş grubuyla toplanır ve bu buluşmada eski defterler açılır. O geceden sonra Emre geçmişe doğru bir yolculuğa çıkar; bu durum Yeşim\'le olan ilişkisini de etkiler. Tam da evlilik arifesinde hayatına dair sorgulamalara girer. Romantik komedi türündeki filmin oyuncu kadrosunda Aslı Tandoğan, Begüm Bingören ve Çağdaş Onur Öztürk gibi genç oyuncuların yer alıyor. Filmin yönetmenliğini Ruhi Yapıcı ile birlikte üstlenen isim Hayat Bilgisi dizisinden de hatırladığımız Serhan Arslan.', 1, '2020-01-30 09:43:38', '16+', 90, '/movies/Kendime Iyi Bak/1580420618.mkv', NULL, NULL, b'0', 'Kendime Iyi Bak', ''),
(328, 'Peri Masalı', '/covers/Peri Masalı/1580421387.jpg', NULL, '2014', 'Mert ile Peri birbirlerine sırılsıklam aşık bir çifttir. Saf bir güzelliğe sahip olan Peri adındaki genç kadın, çok kimseyle paylaşmadığı bir hastalıktan muzdariptir. Artık hayatının iplerini elinde tutmak isteyen Mert ise çok sevdiği babasıyla sorunlar yaşamaktadır. Ama Peri\'nin hastalığı birtakım problemler yaşayan bu insanları birbirlerine daha çok yakınlaştıracaktır.\r\nAraf (2006), Cennet (2007), Cehennem 3D (2010) ve Bana Bir Soygun Yaz (2012) filmlerinin yönetmenliğini yapan Biray Dalkıran\'ın senaristliğini ve yönetmenliğini üstlendiği filmin başrollerinde ise genç oyuncular Burcu Kıratlı ve Emre Kızılırmak yer alıyor. Kadroda kendilerine Orhan Aydın, Sedef Şahin, Alp Korkmaz, Çetin Altay ve Itır Esen gibi isimler eşlik ediyor.', 1, '2020-01-30 09:56:27', '13+', 90, '/movies/Peri Masalı/1580421387.mkv', NULL, NULL, b'0', 'Peri Masali', ''),
(329, 'Yaşam Kürü', '/covers/Yaşam Kürü/1580421826.jpg', NULL, '2016', 'Hırslı genç bir yöneticiye şirketin CEO\'su alma görevi verilir. Söz konusu CEO İsviçre Alpleri\'nin ıssız bir bölgesinde yer alan, huzurlu ama gizemli bir sağlıklı yaşam merkezinde kalmaktadır. Ancak genç yönetici orada geçirdiği süre zarfında merkezin spasının mucizevi tedavilerinin pek de göründüğü gibi olmadığından şüphelenmeye başlar. Merkezin korkutucu sırlarını keşfetmeye başladığında ise akıl sağlığı tehlikeye girecektir. Sırları çözmeye çalışan genç adam kendini bir anda o merkezde tedavi amacıyla yatan hastalarla aynı hastalık teşhisine sahip bir halde bulur. Filmin yönetmenliğini Halka ile tanınan Gore Verbinski üstleniyor. Filmin başrolleriniyse Dane Dehaan ve Mia Goth paylaşıyor.', 1, '2020-01-30 10:03:46', '18+', 146, '/movies/Yaşam Kürü/1580421826.mkv', NULL, NULL, b'0', 'A Cure for Wellness', ''),
(330, 'Sokak Kedisi Bob', '/covers/Sokak Kedisi Bob/1580422157.jpg', NULL, '2016', 'Uluslararası en çok satan kitaplar listesindeki aynı isimli kitaptan ve gerçek bir hikayeden uyarlanan filmde James Bowen, Londra\'da yaşayan evsiz ve rehabilitasyonda olan eski eroin bağımlısıdır. Sokaklarda şarkı söyleyerek hayatını sürdürmektedir. Bir gün sokakta bulduğu hasta sokak kedisini tedavi etmek için evine alır ve hayatı değişmeye başlar.', 1, '2020-01-30 10:09:17', '13+', 103, '/movies/Sokak Kedisi Bob/1580422157.mkv', NULL, NULL, b'0', 'A Street Cat Named Bob', ''),
(331, 'Oyun', '/covers/Oyun/1580422572.jpg', NULL, '2017', 'Güzel bir hafta sonu geçirmek isteyen Jessie ve Gerald, ıssız bir göl evine giderler. Huzur dolu geçen zamanlarına biraz da eğlence katmak için seks oyunu oynayan çiftin hayatı birden kabusa dönüşür. Bir kaza sonucu Gerald öldüğünde, Jessie elleri yatağa kelepçeli bir haldedir. İçinde bulunduğu durumdan kurtulmaya çalışan Jessie, ilerleyen saatlerde odanın içinde bir başkasının daha olduğunu düşünmeye başlar.', 1, '2020-01-30 10:16:12', '18+', 103, '/movies/Oyun/1580422572.mkv', NULL, NULL, b'0', 'Gerald\'s Game', ''),
(332, 'Altın', '/covers/Altın/1580422887.jpg', NULL, '2016', 'Altın, babası gibi dağlara çıkıp servetini topraktan arayan, madencilik işinde tecrübeli Kenny Wells’i anlatıyor. Şanssız adam olan Kenny Wells bir jeolog olan Michael Acosta ile ekip olup Endonezya’nın keşfedilmemiş ormanlarında altın aramaya koyulur. Altın bulmak zordur fakat altını Wall Street\'in en güçlü kurumları arasında elinde tutmak daha da zor olacaktır. Madencilik işi büyük zenginler yarattığı gibi büyük hayal kırıklıkları da yaratabilir fakat bu yoldan Kenny’i sadece ölüm ayırabilir.', 1, '2020-01-30 10:21:27', '16+', 120, '/movies/Altın/1580422887.mkv', NULL, NULL, b'0', 'Gold', ''),
(333, 'Deha', '/covers/Deha/1580423135.jpg', NULL, '2017', 'Hayatı başarısızlıklarla dolu olan Frank Adler karakterini canlandıracak olan Chris Evans, Florida kırsalında yeğeni Mary\'yi büyütürken, Mary\'nin okula başlamasıyla birlikte hemen yetenekli olarak yaftalanması sebebiyle Mary\'nin annesi Evelyn ile kızı büyütme konusunda bir savaşa girecek. Film, mücadelenin yasal sürecine odaklanacak. Yönetmenliğini Marc Webb\'in üstlendiği yapım aile için dramaya ağırlık verecek.', 1, '2020-01-30 10:25:35', '13+', 101, '/movies/Deha/1580423135.mkv', NULL, NULL, b'0', 'Gifted', ''),
(334, 'Bir Zamanlar Anadolu\'da', '/covers/Bir Zamanlar Anadolu\'da/1580423516.jpg', NULL, '2011', 'Nuri Bilge Ceylan, bu filmiyle kentsel kaygılarını bir kenara bırakıp, tekrar taşranın sıkıntılı dünyasına ama bu sefer bir cinayet hikayesinin gerilimi ile dönüyor... Bir doktor ile bir savcının 12 saatlik gerilimli öyküsünün peliküle aktarıldığı filmin başrollerinde Muhammet Uzuner, Yılmaz Erdoğan ve Taner Birsel yer alıyor. Senaryoda Ebru ve Nuri Bilge Ceylan\'ın yanı sıra Ercan Kesal\'ın da imzası var. Yolların tek düzeliği ve kasabanın insana yeni bir şey sunmamasının sıradanlığını fona alan Bir Zamanlar Anadolu\'da adıyla da klasiklere gönderme taşıyor. Bu sene Cannes\'da Altın Palmiye için yarışan film, Nuri Bilge Ceylan\'a Uzak ve Üç Maymun zaferlerinden sonra Cannes\'da Büyük Jüri Ödülü\'nü de kazandırdı.', 1, '2020-01-30 10:31:56', '16+', 157, '/movies/Bir Zamanlar Anadolu\'da/1580423516.mkv', NULL, NULL, b'0', 'Once Upon a Time in Anatolia', ''),
(335, 'Uzay Yolcuları', '/covers/Uzay Yolcuları/1580423779.jpg', NULL, '2016', 'Başrollerinde Oscar ödüllü oyuncu Jennifer Lawrence ve Galaksinin Koruyucuları\'ndaki Starlord\'u canlandıran Chris Pratt\'ın yer aldığı filmde Fishburne\'ün rolü henüz bilinmiyor. Yönetmenliğini Enigma filmi ile beğeni toplayan Morten Tyldum üstlendiği yapımın senaryosu ile Doctor Strange\'in senaryosunu kaleme alan Jon Spaihts\'e emanet. Pratt\'in ilaç ayarlı uykusundan erken uyanan bir uzay yolcusu olan tamirci Jim Preston\'ı canlandırdığı yapımda, Lawrence ise Pratt\'in karakteri tarafından yalnız kalmamak için uyandırılan bir diğer yolcu olan New Yorklu yazar Aurora\'yı canlandıracak. İkili bu süreçte birbirlerine aşık olsalar da Preston\'ın Aurora\'nın 100 yıl erken uyandırmış olmasının sebebi olduğunun ortaya çıkması ve gemideki büyük bir teknik arıza ikisi arasındaki gerilimin yükselmesine sebep olacak.', 1, '2020-01-30 10:36:19', '13+', 116, '/movies/Uzay Yolcuları/1580423924.mkv', NULL, NULL, b'0', 'Passengers', ''),
(336, 'Paterson', '/covers/Paterson/1580424326.jpg', NULL, '2016', 'Paterson gün içerisinde basit rutini olan bir adamdır. Her gün şöforlük yaptığı otobüsüyle şehri turlar, akşam köpeğini gezdirdikten sonra bara gider, sevgilisi Laura ile sıradan ama huzurlu bir hayat sürdürür. Ve tüm bu süreçte basit ama etkileyici şiirler yazar. Laura ise evle sınırlandırdığı hayatına renk katmak için her gün farklı uğraşlar arayan, hafif çılgın bir kadındır. Paterson ve Laura farklı karakterlerine rağmen birlikte bir hayat sürdürmeyi başarırlar.', 1, '2020-01-30 10:45:26', '13+', 118, '/movies/Paterson/1580424325.mkv', NULL, NULL, b'0', 'Paterson', ''),
(337, 'Sing Street', '/covers/Sing Street/1580424712.jpg', NULL, '2016', 'Conor, problemli bir çocuktur. Ailesiyle birlikte Dublin’de yaşayan delikanlı, yeni okuluna uyum sağlamakta sorun yaşar. Öğretmen ve sınıf arkadaşlarından olumsuz davranışlar gögren Conor’ın tek sıkıntısı bu değildir. Ailesiyle de kötü bir ilişkisi olan Conor, okul yakınlarında gördüğü Raphina’dan hoşlanır. Güzel kızın dikkatini çekmeye çalışan Conor, bunun için müzik grubu kurmaya karar verir. Başlarda türlü zorluklar yaşayan Conor ve grup arkadaşları giderek daha güzel işler yapmaya başlar. Conor bu sayede amacına ulaşır ve Raphina’nın ilgisini çekmeyi başarır.', 1, '2020-01-30 10:51:52', '13+', 106, '/movies/Sing Street/1580424712.mkv', NULL, NULL, b'0', 'Sing Street', ''),
(338, 'Uykusuz', '/covers/Uykusuz/1580425086.jpg', NULL, '2017', 'Vincent Downs ekip arkadaşıyla birlikte bir çeteye baskın yapar ve yasadığı bir sürü şeye el koyar özellikle uyuşturucu çok miktarda bulunmuştur. Sonrasında çete liderleri Vincent Downs polis memurunda kendilerine ait olan şeyleri alabilmek için onun çocuğunu kaçırırlar ve takas teklif ederler. Vincent Downs yeraltı suç şebeleri ile kora kor bir mücadele vermek zorunda kalacaktır. Bakalım Vincent Downs oğlunu kurtarabilecekmidir.', 1, '2020-01-30 10:58:06', '16+', 95, '/movies/Uykusuz/1580425086.mkv', NULL, NULL, b'0', 'Sleepless', ''),
(339, 'Henry\'nin Kitabı', '/covers/Henry\'nin Kitabı/1580425443.jpg', NULL, '2017', 'Bazen her şey göründüğü gibi olmaz, özellikle de Carpenter ailesinin yaşadığı banliyö kentinde. Kenar mahallede yaşayan bekar bir anne olan Susan Carpenter, enerjik aile dostu Sheila ile birlikte bir restoranda garson olarak çalışmaktadır. 8 yaşındaki oğlu Peter ise oldukça oyuncu bir çocuktur. Susan’ın büyük oğlu Henry ise herkese kendi sıra-dışı yöntemleriyle sahip çıkmaktadır. Bir gün Susan, yan kapı komşusunun, Henry’nin nazik sınıf arkadaşı Christina’yı da içeren tehlikeli bir sırra sahip olduğunu ve Henry’nin de yardım etmek için bir plan kurduğunu öğrenir. Christina için yaptığı kurtarma planı nefes kesici yollara saptığında ise Christina kendisini planın orta yerinde bulacaktır.', 1, '2020-01-30 11:04:03', '13+', 105, '/movies/Henry\'nin Kitabı/1580425443.mkv', NULL, NULL, b'0', 'The Book of Henry', ''),
(340, 'Snowden', '/covers/Snowden/1580425734.jpg', NULL, '2016', 'Amerikan hükümetinin \"güvenlik\" adı altında e-postalara, sosyal medya hesaplarına, cep telefonu mesajlarına, hard disklere, kredi kartı ekstelerine ve hatta bilgisayar kamerasına kadar erişebildiğini öğrenen Edward Snowden, hükümet gizli hesap olmadığını ve tüm bunların gizli kanunlarla yasallaştırıldığını 2013 Haziranı\'nda tüm dünyaya duyurur. Snowden o anda “Amerikan tarihinin gördüğü en büyük vatan haini” ilan edilirken aynı zamanda da bir kahramana dönüşecektir.', 1, '2020-01-30 11:08:54', '16+', 134, '/movies/Snowden/1580425734.mkv', NULL, NULL, b'0', 'Snowden', ''),
(341, 'On Yedi\'nin Kıyısında', '/covers/On Yedi\'nin Kıyısında/1580426247.jpg', NULL, '2016', 'Krista, Nadine nin en iyi arkadaşı ve kankasıdır. Krista Nadinenin abisinden hoşlanmaktadır ve ona çıkma teklifinde bulunmuştur ve kabul edilmiştir. Nadine için bu durum çekilmez bir yere doğru gitmektedir. Nadinnin okul yaşamıyla bu çelişki konu edinmiştir. Herkes hayatta bir öneme sahip oluğunu hissetmek ister.Kelly Fremon Craig\'in ilk uzun metrajlı filmi olan Edge of Seventeen\'in oyuncu kadrosunda Hailee Steinfeld, Haley Lu Richardson, Blake Jenner, Kyra Sedgwick ve Woody Harrelson yer alıyor.', 1, '2020-01-30 11:17:27', '16+', 104, '/movies/On Yedi\'nin Kıyısında/1580426247.mkv', NULL, NULL, b'0', 'The Edge of Seventeen', ''),
(342, 'Soygun', '/covers/Soygun/1580426479.jpg', NULL, '2017', 'Acemi bir soygun işine girişen Connie ve Nick bankayı soyarlar; fakat Nick yakalanır ve koşulların çok zorlu olduğu bir hapishaneye düşer. Connie kardeşini hapishaneden kurtarmak için her yolu dener ve arkadaşı Corey\'in de yardımına başvurur. Kefaret parasını bulmak için gittikleri tefecide işler daha da karışır. Nick\'i hapishaneden kaçırmaya karar veren Connie, kendisini zamana karşı bir kovalamacanın ortasında bulur.', 1, '2020-01-30 11:21:19', '16+', 101, '/movies/Soygun/1580426479.mkv', NULL, NULL, b'0', 'Good Time', ''),
(343, 'Dehşet Odası', '/covers/Dehşet Odası/1580426700.jpg', NULL, '2015', 'Punk rock grubu The Ain\'t Rights gezici olarak barlarda konser verirken son dakika kararıyla Oregon\'un ormanlık bölgesindeki bir barda sahne almak için yola çıkarlar. Mekana gittiklerinde her şey yolundadır ve konseri sorunsuz atlatırlar. Ancak konser sonrası, sahne arkasındaki odalarında genç bir kadının cesediyle karşılaşırlar. Mekanın acımasız sahibi olayın tek şahitleri olan grubun ortadan kaldırılmasına karar vermiştir. Müzisyenler, o ve adamları tarafından abluka altına alınan bir odada hayatta kalma savaşı verecekleri uzun bir geceye adım atar.', 1, '2020-01-30 11:25:00', '18+', 95, '/movies/Dehşet Odası/1580426700.mkv', NULL, NULL, b'0', 'Green Room', ''),
(344, 'Shelley', '/covers/Shelley/1580427206.jpg', NULL, '2016', 'Shelley filmi, 5.5 puan alarak 2016 – Danimarka , İsveç yapımı olan filmin konusunda ise Louise ve Kasper; anne baba olmak istemektedir ancak Louise’nin çocuğu olmamaktadır. Romanyalı hizmetçileri Elena ile, çocuklarını taşıması için bir anlaşma yaparlar fakat olaylar planladıkları gibi gelişmez.', 1, '2020-01-30 11:33:26', '18+', 92, '/movies/Shelley/1580427206.mkv', NULL, NULL, b'0', 'Shelley', ''),
(345, 'Yemekle Oynanmaz', '/covers/Yemekle Oynanmaz/1580427480.jpg', NULL, '2016', 'Yamyam toplulukların hüküm sürdüğü Texas distopyasında geçen ilginç bir aşk hikâyesi. Keanu Reeves, Jim Carrey, Jason Momoa, Suki Waterhouse ve Diego Luna gibi güçlü isimleri kadrosunda barındıran filmin yönetmenliğini ve senaristliğini Ana Lily Amirpour üstleniyor.', 1, '2020-01-30 11:38:00', '16+', 118, '/movies/Yemekle Oynanmaz/1580427480.mkv', NULL, NULL, b'0', 'The Bad Batch', ''),
(346, 'Ayin', '/covers/Ayin/1580427948.jpg', NULL, '2017', 'Yakın arkadaşlarının üzücü ölümünün ardından bir araya gelen üniversiteden dört eski arkadaş, İskandinavya’nın el değmemiş doğasında yürüyüşe çıkarlar. Fakat yanlış bir dönüş, onları İskandinav efsanelerindeki karanlık ve gizemli ormanlara yönlendirir. Ormanda var olan kadim bir bela dört arkadaşın her hareketini takip ediyordur.', 1, '2020-01-30 11:45:48', '16+', 94, '/movies/Ayin/1580427948.mkv', NULL, NULL, b'0', 'The Ritual', ''),
(354, 'Tuncay Huseynov', '/covers/TuncayHuseynov/wZGlaMxBAjCIYLzyDWvocaoNooZ.jpg', '/covers/TuncayHuseynov/vc8bCGjdVp0UbMNLzHnHSLRbBWQ.jpg', '2000', 'yy', 1, '2020-07-26 01:01:16', '20', 12, '/', '/', '/', b'1', 'qara', '5');

-- --------------------------------------------------------

--
-- Table structure for table `movietypes`
--

CREATE TABLE `movietypes` (
  `id` int(11) NOT NULL,
  `name` varchar(45) CHARACTER SET utf8 DEFAULT NULL
) ENGINE=InnoDB DEFAULT CHARSET=latin1;

--
-- Dumping data for table `movietypes`
--

INSERT INTO `movietypes` (`id`, `name`) VALUES
(1, 'Movie'),
(2, 'Series');

-- --------------------------------------------------------

--
-- Table structure for table `suggestedmovies`
--

CREATE TABLE `suggestedmovies` (
  `id` int(11) NOT NULL,
  `movieID` int(11) DEFAULT NULL
) ENGINE=InnoDB DEFAULT CHARSET=latin1;

--
-- Dumping data for table `suggestedmovies`
--

INSERT INTO `suggestedmovies` (`id`, `movieID`) VALUES
(2, 58),
(1, 141);

--
-- Indexes for dumped tables
--

--
-- Indexes for table `admins`
--
ALTER TABLE `admins`
  ADD PRIMARY KEY (`id`);

--
-- Indexes for table `episodes`
--
ALTER TABLE `episodes`
  ADD PRIMARY KEY (`id`),
  ADD KEY `EpisodeMovieTable` (`movieID`);

--
-- Indexes for table `genres`
--
ALTER TABLE `genres`
  ADD PRIMARY KEY (`id`);

--
-- Indexes for table `likes`
--
ALTER TABLE `likes`
  ADD PRIMARY KEY (`id`),
  ADD KEY `likeMovieID` (`movieID`);

--
-- Indexes for table `moviecasts`
--
ALTER TABLE `moviecasts`
  ADD PRIMARY KEY (`id`),
  ADD KEY `CastMovieTable` (`movieID`);

--
-- Indexes for table `moviegenres`
--
ALTER TABLE `moviegenres`
  ADD PRIMARY KEY (`id`),
  ADD KEY `GenreTable` (`genreID`),
  ADD KEY `MovieTable` (`movieID`);

--
-- Indexes for table `movies`
--
ALTER TABLE `movies`
  ADD PRIMARY KEY (`id`),
  ADD KEY `TypeMovie` (`movieType`);

--
-- Indexes for table `movietypes`
--
ALTER TABLE `movietypes`
  ADD PRIMARY KEY (`id`);

--
-- Indexes for table `suggestedmovies`
--
ALTER TABLE `suggestedmovies`
  ADD PRIMARY KEY (`id`),
  ADD KEY `suggestedMovie` (`movieID`);

--
-- AUTO_INCREMENT for dumped tables
--

--
-- AUTO_INCREMENT for table `admins`
--
ALTER TABLE `admins`
  MODIFY `id` int(11) NOT NULL AUTO_INCREMENT, AUTO_INCREMENT=7;

--
-- AUTO_INCREMENT for table `episodes`
--
ALTER TABLE `episodes`
  MODIFY `id` int(11) NOT NULL AUTO_INCREMENT, AUTO_INCREMENT=68;

--
-- AUTO_INCREMENT for table `genres`
--
ALTER TABLE `genres`
  MODIFY `id` int(11) NOT NULL AUTO_INCREMENT, AUTO_INCREMENT=23;

--
-- AUTO_INCREMENT for table `likes`
--
ALTER TABLE `likes`
  MODIFY `id` int(11) NOT NULL AUTO_INCREMENT, AUTO_INCREMENT=16;

--
-- AUTO_INCREMENT for table `moviecasts`
--
ALTER TABLE `moviecasts`
  MODIFY `id` int(11) NOT NULL AUTO_INCREMENT, AUTO_INCREMENT=1374;

--
-- AUTO_INCREMENT for table `moviegenres`
--
ALTER TABLE `moviegenres`
  MODIFY `id` int(11) NOT NULL AUTO_INCREMENT, AUTO_INCREMENT=1218;

--
-- AUTO_INCREMENT for table `movies`
--
ALTER TABLE `movies`
  MODIFY `id` int(11) NOT NULL AUTO_INCREMENT, AUTO_INCREMENT=355;

--
-- AUTO_INCREMENT for table `movietypes`
--
ALTER TABLE `movietypes`
  MODIFY `id` int(11) NOT NULL AUTO_INCREMENT, AUTO_INCREMENT=3;

--
-- Constraints for dumped tables
--

--
-- Constraints for table `episodes`
--
ALTER TABLE `episodes`
  ADD CONSTRAINT `EpisodeMovieTable` FOREIGN KEY (`movieID`) REFERENCES `movies` (`id`) ON DELETE NO ACTION ON UPDATE NO ACTION;

--
-- Constraints for table `likes`
--
ALTER TABLE `likes`
  ADD CONSTRAINT `likeMovieID` FOREIGN KEY (`movieID`) REFERENCES `movies` (`id`) ON DELETE CASCADE ON UPDATE NO ACTION;

--
-- Constraints for table `moviecasts`
--
ALTER TABLE `moviecasts`
  ADD CONSTRAINT `CastMovieTable` FOREIGN KEY (`movieID`) REFERENCES `movies` (`id`) ON DELETE CASCADE ON UPDATE NO ACTION;

--
-- Constraints for table `moviegenres`
--
ALTER TABLE `moviegenres`
  ADD CONSTRAINT `GenreTable` FOREIGN KEY (`genreID`) REFERENCES `genres` (`id`) ON DELETE SET NULL ON UPDATE NO ACTION,
  ADD CONSTRAINT `MovieTable` FOREIGN KEY (`movieID`) REFERENCES `movies` (`id`) ON DELETE CASCADE ON UPDATE NO ACTION;

--
-- Constraints for table `movies`
--
ALTER TABLE `movies`
  ADD CONSTRAINT `TypeMovie` FOREIGN KEY (`movieType`) REFERENCES `movietypes` (`id`) ON DELETE NO ACTION ON UPDATE NO ACTION;

--
-- Constraints for table `suggestedmovies`
--
ALTER TABLE `suggestedmovies`
  ADD CONSTRAINT `suggestedMovie` FOREIGN KEY (`movieID`) REFERENCES `movies` (`id`) ON DELETE NO ACTION ON UPDATE NO ACTION;
COMMIT;

/*!40101 SET CHARACTER_SET_CLIENT=@OLD_CHARACTER_SET_CLIENT */;
/*!40101 SET CHARACTER_SET_RESULTS=@OLD_CHARACTER_SET_RESULTS */;
/*!40101 SET COLLATION_CONNECTION=@OLD_COLLATION_CONNECTION */;
